[2026-07-27T08:53:59.695Z] [INFO] 🖨️ [SerialPrinter] Initializing hardware driver on /dev/cu.usbserial-10 (Baud: 9600)...
[2026-07-27T08:53:59.699Z] [INFO] 🖨️ [SerialPrinter] Opening serial connection to /dev/cu.usbserial-10 (9600 baud)...
[2026-07-27T08:53:59.749Z] [WARN] ⚠️ [SerialPrinter] Failed to open /dev/cu.usbserial-10: | {"raw":"Error: No such file or directory, cannot open /dev/cu.usbserial-10","friendly":"Error: No such file or directory, cannot open /dev/cu.usbserial-10"}
[2026-07-27T08:54:04.751Z] [INFO] 🔄 [SerialPrinter] Retrying automatic reconnect to /dev/cu.usbserial-10...
[2026-07-27T08:54:04.752Z] [INFO] 🖨️ [SerialPrinter] Opening serial connection to /dev/cu.usbserial-10 (9600 baud)...
[2026-07-27T08:54:04.753Z] [WARN] ⚠️ [SerialPrinter] Failed to open /dev/cu.usbserial-10: | {"raw":"Error: No such file or directory, cannot open /dev/cu.usbserial-10","friendly":"Error: No such file or directory, cannot open /dev/cu.usbserial-10"}
[2026-07-27T08:54:09.754Z] [INFO] 🔄 [SerialPrinter] Retrying automatic reconnect to /dev/cu.usbserial-10...
[2026-07-27T08:54:09.755Z] [INFO] 🖨️ [SerialPrinter] Opening serial connection to /dev/cu.usbserial-10 (9600 baud)...
[2026-07-27T08:54:09.755Z] [WARN] ⚠️ [SerialPrinter] Failed to open /dev/cu.usbserial-10: | {"raw":"Error: No such file or directory, cannot open /dev/cu.usbserial-10","friendly":"Error: No such file or directory, cannot open /dev/cu.usbserial-10"}
[2026-07-27T08:54:14.758Z] [INFO] 🔄 [SerialPrinter] Retrying automatic reconnect to /dev/cu.usbserial-10...
[2026-07-27T08:54:14.759Z] [INFO] 🖨️ [SerialPrinter] Opening serial connection to /dev/cu.usbserial-10 (9600 baud)...
[2026-07-27T08:54:14.761Z] [WARN] ⚠️ [SerialPrinter] Failed to open /dev/cu.usbserial-10: | {"raw":"Error: No such file or directory, cannot open /dev/cu.usbserial-10","friendly":"Error: No such file or directory, cannot open /dev/cu.usbserial-10"}
[2026-07-27T08:54:19.762Z] [INFO] 🔄 [SerialPrinter] Retrying automatic reconnect to /dev/cu.usbserial-10...
[2026-07-27T08:54:19.763Z] [INFO] 🖨️ [SerialPrinter] Opening serial connection to /dev/cu.usbserial-10 (9600 baud)...
[2026-07-27T08:54:19.764Z] [WARN] ⚠️ [SerialPrinter] Failed to open /dev/cu.usbserial-10: | {"raw":"Error: No such file or directory, cannot open /dev/cu.usbserial-10","friendly":"Error: No such file or directory, cannot open /dev/cu.usbserial-10"}
[2026-07-27T08:54:24.764Z] [INFO] 🔄 [SerialPrinter] Retrying automatic reconnect to /dev/cu.usbserial-10...
[2026-07-27T08:54:24.765Z] [INFO] 🖨️ [SerialPrinter] Opening serial connection to /dev/cu.usbserial-10 (9600 baud)...
[2026-07-27T08:54:24.766Z] [WARN] ⚠️ [SerialPrinter] Failed to open /dev/cu.usbserial-10: | {"raw":"Error: No such file or directory, cannot open /dev/cu.usbserial-10","friendly":"Error: No such file or directory, cannot open /dev/cu.usbserial-10"}
[2026-07-27T08:54:29.768Z] [INFO] 🔄 [SerialPrinter] Retrying automatic reconnect to /dev/cu.usbserial-10...
[2026-07-27T08:54:29.770Z] [INFO] 🖨️ [SerialPrinter] Opening serial connection to /dev/cu.usbserial-10 (9600 baud)...
[2026-07-27T08:54:29.773Z] [WARN] ⚠️ [SerialPrinter] Failed to open /dev/cu.usbserial-10: | {"raw":"Error: No such file or directory, cannot open /dev/cu.usbserial-10","friendly":"Error: No such file or directory, cannot open /dev/cu.usbserial-10"}
[2026-07-27T08:54:32.372Z] [INFO] 🔍 [PrinterService] Discovered 13 hardware serial ports.
[2026-07-27T08:54:34.776Z] [INFO] 🔄 [SerialPrinter] Retrying automatic reconnect to /dev/cu.usbserial-10...
[2026-07-27T08:54:34.782Z] [INFO] 🖨️ [SerialPrinter] Opening serial connection to /dev/cu.usbserial-10 (9600 baud)...
[2026-07-27T08:54:34.784Z] [WARN] ⚠️ [SerialPrinter] Failed to open /dev/cu.usbserial-10: | {"raw":"Error: No such file or directory, cannot open /dev/cu.usbserial-10","friendly":"Error: No such file or directory, cannot open /dev/cu.usbserial-10"}
[2026-07-27T08:54:39.786Z] [INFO] 🔄 [SerialPrinter] Retrying automatic reconnect to /dev/cu.usbserial-10...
[2026-07-27T08:54:39.787Z] [INFO] 🖨️ [SerialPrinter] Opening serial connection to /dev/cu.usbserial-10 (9600 baud)...
[2026-07-27T08:54:39.788Z] [WARN] ⚠️ [SerialPrinter] Failed to open /dev/cu.usbserial-10: | {"raw":"Error: No such file or directory, cannot open /dev/cu.usbserial-10","friendly":"Error: No such file or directory, cannot open /dev/cu.usbserial-10"}
[2026-07-27T08:54:44.789Z] [INFO] 🔄 [SerialPrinter] Retrying automatic reconnect to /dev/cu.usbserial-10...
[2026-07-27T08:54:44.790Z] [INFO] 🖨️ [SerialPrinter] Opening serial connection to /dev/cu.usbserial-10 (9600 baud)...
[2026-07-27T08:54:44.791Z] [WARN] ⚠️ [SerialPrinter] Failed to open /dev/cu.usbserial-10: | {"raw":"Error: No such file or directory, cannot open /dev/cu.usbserial-10","friendly":"Error: No such file or directory, cannot open /dev/cu.usbserial-10"}
[2026-07-27T08:54:49.793Z] [INFO] 🔄 [SerialPrinter] Retrying automatic reconnect to /dev/cu.usbserial-10...
[2026-07-27T08:54:49.794Z] [INFO] 🖨️ [SerialPrinter] Opening serial connection to /dev/cu.usbserial-10 (9600 baud)...
[2026-07-27T08:54:49.796Z] [WARN] ⚠️ [SerialPrinter] Failed to open /dev/cu.usbserial-10: | {"raw":"Error: No such file or directory, cannot open /dev/cu.usbserial-10","friendly":"Error: No such file or directory, cannot open /dev/cu.usbserial-10"}
[2026-07-27T08:54:54.798Z] [INFO] 🔄 [SerialPrinter] Retrying automatic reconnect to /dev/cu.usbserial-10...
[2026-07-27T08:54:54.799Z] [INFO] 🖨️ [SerialPrinter] Opening serial connection to /dev/cu.usbserial-10 (9600 baud)...
[2026-07-27T08:54:54.801Z] [WARN] ⚠️ [SerialPrinter] Failed to open /dev/cu.usbserial-10: | {"raw":"Error: No such file or directory, cannot open /dev/cu.usbserial-10","friendly":"Error: No such file or directory, cannot open /dev/cu.usbserial-10"}
[2026-07-27T08:54:59.803Z] [INFO] 🔄 [SerialPrinter] Retrying automatic reconnect to /dev/cu.usbserial-10...
[2026-07-27T08:54:59.804Z] [INFO] 🖨️ [SerialPrinter] Opening serial connection to /dev/cu.usbserial-10 (9600 baud)...
[2026-07-27T08:54:59.805Z] [WARN] ⚠️ [SerialPrinter] Failed to open /dev/cu.usbserial-10: | {"raw":"Error: No such file or directory, cannot open /dev/cu.usbserial-10","friendly":"Error: No such file or directory, cannot open /dev/cu.usbserial-10"}
[2026-07-27T08:55:04.807Z] [INFO] 🔄 [SerialPrinter] Retrying automatic reconnect to /dev/cu.usbserial-10...
[2026-07-27T08:55:04.808Z] [INFO] 🖨️ [SerialPrinter] Opening serial connection to /dev/cu.usbserial-10 (9600 baud)...
[2026-07-27T08:55:04.810Z] [WARN] ⚠️ [SerialPrinter] Failed to open /dev/cu.usbserial-10: | {"raw":"Error: No such file or directory, cannot open /dev/cu.usbserial-10","friendly":"Error: No such file or directory, cannot open /dev/cu.usbserial-10"}
[2026-07-27T08:55:09.813Z] [INFO] 🔄 [SerialPrinter] Retrying automatic reconnect to /dev/cu.usbserial-10...
[2026-07-27T08:55:09.814Z] [INFO] 🖨️ [SerialPrinter] Opening serial connection to /dev/cu.usbserial-10 (9600 baud)...
[2026-07-27T08:55:09.815Z] [WARN] ⚠️ [SerialPrinter] Failed to open /dev/cu.usbserial-10: | {"raw":"Error: No such file or directory, cannot open /dev/cu.usbserial-10","friendly":"Error: No such file or directory, cannot open /dev/cu.usbserial-10"}
[2026-07-27T08:55:14.817Z] [INFO] 🔄 [SerialPrinter] Retrying automatic reconnect to /dev/cu.usbserial-10...
[2026-07-27T08:55:14.817Z] [INFO] 🖨️ [SerialPrinter] Opening serial connection to /dev/cu.usbserial-10 (9600 baud)...
[2026-07-27T08:55:14.818Z] [WARN] ⚠️ [SerialPrinter] Failed to open /dev/cu.usbserial-10: | {"raw":"Error: No such file or directory, cannot open /dev/cu.usbserial-10","friendly":"Error: No such file or directory, cannot open /dev/cu.usbserial-10"}
[2026-07-27T08:55:19.820Z] [INFO] 🔄 [SerialPrinter] Retrying automatic reconnect to /dev/cu.usbserial-10...
[2026-07-27T08:55:19.821Z] [INFO] 🖨️ [SerialPrinter] Opening serial connection to /dev/cu.usbserial-10 (9600 baud)...
[2026-07-27T08:55:19.822Z] [WARN] ⚠️ [SerialPrinter] Failed to open /dev/cu.usbserial-10: | {"raw":"Error: No such file or directory, cannot open /dev/cu.usbserial-10","friendly":"Error: No such file or directory, cannot open /dev/cu.usbserial-10"}
[2026-07-27T08:55:24.824Z] [INFO] 🔄 [SerialPrinter] Retrying automatic reconnect to /dev/cu.usbserial-10...
[2026-07-27T08:55:24.825Z] [INFO] 🖨️ [SerialPrinter] Opening serial connection to /dev/cu.usbserial-10 (9600 baud)...
[2026-07-27T08:55:24.826Z] [WARN] ⚠️ [SerialPrinter] Failed to open /dev/cu.usbserial-10: | {"raw":"Error: No such file or directory, cannot open /dev/cu.usbserial-10","friendly":"Error: No such file or directory, cannot open /dev/cu.usbserial-10"}
[2026-07-27T08:55:29.829Z] [INFO] 🔄 [SerialPrinter] Retrying automatic reconnect to /dev/cu.usbserial-10...
[2026-07-27T08:55:29.834Z] [INFO] 🖨️ [SerialPrinter] Opening serial connection to /dev/cu.usbserial-10 (9600 baud)...
[2026-07-27T08:55:29.835Z] [WARN] ⚠️ [SerialPrinter] Failed to open /dev/cu.usbserial-10: | {"raw":"Error: No such file or directory, cannot open /dev/cu.usbserial-10","friendly":"Error: No such file or directory, cannot open /dev/cu.usbserial-10"}
[2026-07-27T08:55:34.839Z] [INFO] 🔄 [SerialPrinter] Retrying automatic reconnect to /dev/cu.usbserial-10...
[2026-07-27T08:55:34.840Z] [INFO] 🖨️ [SerialPrinter] Opening serial connection to /dev/cu.usbserial-10 (9600 baud)...
[2026-07-27T08:55:34.842Z] [WARN] ⚠️ [SerialPrinter] Failed to open /dev/cu.usbserial-10: | {"raw":"Error: No such file or directory, cannot open /dev/cu.usbserial-10","friendly":"Error: No such file or directory, cannot open /dev/cu.usbserial-10"}
[2026-07-27T08:55:39.843Z] [INFO] 🔄 [SerialPrinter] Retrying automatic reconnect to /dev/cu.usbserial-10...
[2026-07-27T08:55:39.845Z] [INFO] 🖨️ [SerialPrinter] Opening serial connection to /dev/cu.usbserial-10 (9600 baud)...
[2026-07-27T08:55:39.846Z] [WARN] ⚠️ [SerialPrinter] Failed to open /dev/cu.usbserial-10: | {"raw":"Error: No such file or directory, cannot open /dev/cu.usbserial-10","friendly":"Error: No such file or directory, cannot open /dev/cu.usbserial-10"}
[2026-07-27T08:55:44.848Z] [INFO] 🔄 [SerialPrinter] Retrying automatic reconnect to /dev/cu.usbserial-10...
[2026-07-27T08:55:44.849Z] [INFO] 🖨️ [SerialPrinter] Opening serial connection to /dev/cu.usbserial-10 (9600 baud)...
[2026-07-27T08:55:44.850Z] [WARN] ⚠️ [SerialPrinter] Failed to open /dev/cu.usbserial-10: | {"raw":"Error: No such file or directory, cannot open /dev/cu.usbserial-10","friendly":"Error: No such file or directory, cannot open /dev/cu.usbserial-10"}
[2026-07-27T08:55:49.852Z] [INFO] 🔄 [SerialPrinter] Retrying automatic reconnect to /dev/cu.usbserial-10...
[2026-07-27T08:55:49.853Z] [INFO] 🖨️ [SerialPrinter] Opening serial connection to /dev/cu.usbserial-10 (9600 baud)...
[2026-07-27T08:55:49.853Z] [WARN] ⚠️ [SerialPrinter] Failed to open /dev/cu.usbserial-10: | {"raw":"Error: No such file or directory, cannot open /dev/cu.usbserial-10","friendly":"Error: No such file or directory, cannot open /dev/cu.usbserial-10"}
[2026-07-27T08:55:54.855Z] [INFO] 🔄 [SerialPrinter] Retrying automatic reconnect to /dev/cu.usbserial-10...
[2026-07-27T08:55:54.855Z] [INFO] 🖨️ [SerialPrinter] Opening serial connection to /dev/cu.usbserial-10 (9600 baud)...
[2026-07-27T08:55:54.856Z] [WARN] ⚠️ [SerialPrinter] Failed to open /dev/cu.usbserial-10: | {"raw":"Error: No such file or directory, cannot open /dev/cu.usbserial-10","friendly":"Error: No such file or directory, cannot open /dev/cu.usbserial-10"}
[2026-07-27T08:55:59.857Z] [INFO] 🔄 [SerialPrinter] Retrying automatic reconnect to /dev/cu.usbserial-10...
[2026-07-27T08:55:59.857Z] [INFO] 🖨️ [SerialPrinter] Opening serial connection to /dev/cu.usbserial-10 (9600 baud)...
[2026-07-27T08:55:59.858Z] [WARN] ⚠️ [SerialPrinter] Failed to open /dev/cu.usbserial-10: | {"raw":"Error: No such file or directory, cannot open /dev/cu.usbserial-10","friendly":"Error: No such file or directory, cannot open /dev/cu.usbserial-10"}
[2026-07-27T08:56:04.859Z] [INFO] 🔄 [SerialPrinter] Retrying automatic reconnect to /dev/cu.usbserial-10...
[2026-07-27T08:56:04.861Z] [INFO] 🖨️ [SerialPrinter] Opening serial connection to /dev/cu.usbserial-10 (9600 baud)...
[2026-07-27T08:56:04.862Z] [WARN] ⚠️ [SerialPrinter] Failed to open /dev/cu.usbserial-10: | {"raw":"Error: No such file or directory, cannot open /dev/cu.usbserial-10","friendly":"Error: No such file or directory, cannot open /dev/cu.usbserial-10"}
[2026-07-27T08:56:09.864Z] [INFO] 🔄 [SerialPrinter] Retrying automatic reconnect to /dev/cu.usbserial-10...
[2026-07-27T08:56:09.866Z] [INFO] 🖨️ [SerialPrinter] Opening serial connection to /dev/cu.usbserial-10 (9600 baud)...
[2026-07-27T08:56:09.867Z] [WARN] ⚠️ [SerialPrinter] Failed to open /dev/cu.usbserial-10: | {"raw":"Error: No such file or directory, cannot open /dev/cu.usbserial-10","friendly":"Error: No such file or directory, cannot open /dev/cu.usbserial-10"}
[2026-07-27T08:56:14.868Z] [INFO] 🔄 [SerialPrinter] Retrying automatic reconnect to /dev/cu.usbserial-10...
[2026-07-27T08:56:14.870Z] [INFO] 🖨️ [SerialPrinter] Opening serial connection to /dev/cu.usbserial-10 (9600 baud)...
[2026-07-27T08:56:14.871Z] [WARN] ⚠️ [SerialPrinter] Failed to open /dev/cu.usbserial-10: | {"raw":"Error: No such file or directory, cannot open /dev/cu.usbserial-10","friendly":"Error: No such file or directory, cannot open /dev/cu.usbserial-10"}
[2026-07-27T08:56:19.873Z] [INFO] 🔄 [SerialPrinter] Retrying automatic reconnect to /dev/cu.usbserial-10...
[2026-07-27T08:56:19.873Z] [INFO] 🖨️ [SerialPrinter] Opening serial connection to /dev/cu.usbserial-10 (9600 baud)...
[2026-07-27T08:56:19.874Z] [WARN] ⚠️ [SerialPrinter] Failed to open /dev/cu.usbserial-10: | {"raw":"Error: No such file or directory, cannot open /dev/cu.usbserial-10","friendly":"Error: No such file or directory, cannot open /dev/cu.usbserial-10"}
[2026-07-27T08:56:24.876Z] [INFO] 🔄 [SerialPrinter] Retrying automatic reconnect to /dev/cu.usbserial-10...
[2026-07-27T08:56:24.877Z] [INFO] 🖨️ [SerialPrinter] Opening serial connection to /dev/cu.usbserial-10 (9600 baud)...
[2026-07-27T08:56:24.880Z] [WARN] ⚠️ [SerialPrinter] Failed to open /dev/cu.usbserial-10: | {"raw":"Error: No such file or directory, cannot open /dev/cu.usbserial-10","friendly":"Error: No such file or directory, cannot open /dev/cu.usbserial-10"}
[2026-07-27T08:56:29.882Z] [INFO] 🔄 [SerialPrinter] Retrying automatic reconnect to /dev/cu.usbserial-10...
[2026-07-27T08:56:29.883Z] [INFO] 🖨️ [SerialPrinter] Opening serial connection to /dev/cu.usbserial-10 (9600 baud)...
[2026-07-27T08:56:29.884Z] [WARN] ⚠️ [SerialPrinter] Failed to open /dev/cu.usbserial-10: | {"raw":"Error: No such file or directory, cannot open /dev/cu.usbserial-10","friendly":"Error: No such file or directory, cannot open /dev/cu.usbserial-10"}
[2026-07-27T08:56:34.885Z] [INFO] 🔄 [SerialPrinter] Retrying automatic reconnect to /dev/cu.usbserial-10...
[2026-07-27T08:56:34.886Z] [INFO] 🖨️ [SerialPrinter] Opening serial connection to /dev/cu.usbserial-10 (9600 baud)...
[2026-07-27T08:56:34.887Z] [WARN] ⚠️ [SerialPrinter] Failed to open /dev/cu.usbserial-10: | {"raw":"Error: No such file or directory, cannot open /dev/cu.usbserial-10","friendly":"Error: No such file or directory, cannot open /dev/cu.usbserial-10"}
[2026-07-27T08:56:39.888Z] [INFO] 🔄 [SerialPrinter] Retrying automatic reconnect to /dev/cu.usbserial-10...
[2026-07-27T08:56:39.889Z] [INFO] 🖨️ [SerialPrinter] Opening serial connection to /dev/cu.usbserial-10 (9600 baud)...
[2026-07-27T08:56:39.890Z] [WARN] ⚠️ [SerialPrinter] Failed to open /dev/cu.usbserial-10: | {"raw":"Error: No such file or directory, cannot open /dev/cu.usbserial-10","friendly":"Error: No such file or directory, cannot open /dev/cu.usbserial-10"}
[2026-07-27T08:56:44.892Z] [INFO] 🔄 [SerialPrinter] Retrying automatic reconnect to /dev/cu.usbserial-10...
[2026-07-27T08:56:44.892Z] [INFO] 🖨️ [SerialPrinter] Opening serial connection to /dev/cu.usbserial-10 (9600 baud)...
[2026-07-27T08:56:44.893Z] [WARN] ⚠️ [SerialPrinter] Failed to open /dev/cu.usbserial-10: | {"raw":"Error: No such file or directory, cannot open /dev/cu.usbserial-10","friendly":"Error: No such file or directory, cannot open /dev/cu.usbserial-10"}
[2026-07-27T08:56:49.894Z] [INFO] 🔄 [SerialPrinter] Retrying automatic reconnect to /dev/cu.usbserial-10...
[2026-07-27T08:56:49.895Z] [INFO] 🖨️ [SerialPrinter] Opening serial connection to /dev/cu.usbserial-10 (9600 baud)...
[2026-07-27T08:56:49.895Z] [WARN] ⚠️ [SerialPrinter] Failed to open /dev/cu.usbserial-10: | {"raw":"Error: No such file or directory, cannot open /dev/cu.usbserial-10","friendly":"Error: No such file or directory, cannot open /dev/cu.usbserial-10"}
[2026-07-27T08:56:54.897Z] [INFO] 🔄 [SerialPrinter] Retrying automatic reconnect to /dev/cu.usbserial-10...
[2026-07-27T08:56:54.897Z] [INFO] 🖨️ [SerialPrinter] Opening serial connection to /dev/cu.usbserial-10 (9600 baud)...
[2026-07-27T08:56:54.898Z] [WARN] ⚠️ [SerialPrinter] Failed to open /dev/cu.usbserial-10: | {"raw":"Error: No such file or directory, cannot open /dev/cu.usbserial-10","friendly":"Error: No such file or directory, cannot open /dev/cu.usbserial-10"}
[2026-07-27T08:56:59.899Z] [INFO] 🔄 [SerialPrinter] Retrying automatic reconnect to /dev/cu.usbserial-10...
[2026-07-27T08:56:59.899Z] [INFO] 🖨️ [SerialPrinter] Opening serial connection to /dev/cu.usbserial-10 (9600 baud)...
[2026-07-27T08:56:59.900Z] [WARN] ⚠️ [SerialPrinter] Failed to open /dev/cu.usbserial-10: | {"raw":"Error: No such file or directory, cannot open /dev/cu.usbserial-10","friendly":"Error: No such file or directory, cannot open /dev/cu.usbserial-10"}
[2026-07-27T08:57:04.902Z] [INFO] 🔄 [SerialPrinter] Retrying automatic reconnect to /dev/cu.usbserial-10...
[2026-07-27T08:57:04.903Z] [INFO] 🖨️ [SerialPrinter] Opening serial connection to /dev/cu.usbserial-10 (9600 baud)...
[2026-07-27T08:57:04.903Z] [WARN] ⚠️ [SerialPrinter] Failed to open /dev/cu.usbserial-10: | {"raw":"Error: No such file or directory, cannot open /dev/cu.usbserial-10","friendly":"Error: No such file or directory, cannot open /dev/cu.usbserial-10"}
[2026-07-27T08:57:09.906Z] [INFO] 🔄 [SerialPrinter] Retrying automatic reconnect to /dev/cu.usbserial-10...
[2026-07-27T08:57:09.907Z] [INFO] 🖨️ [SerialPrinter] Opening serial connection to /dev/cu.usbserial-10 (9600 baud)...
[2026-07-27T08:57:09.908Z] [WARN] ⚠️ [SerialPrinter] Failed to open /dev/cu.usbserial-10: | {"raw":"Error: No such file or directory, cannot open /dev/cu.usbserial-10","friendly":"Error: No such file or directory, cannot open /dev/cu.usbserial-10"}
[2026-07-27T08:57:14.910Z] [INFO] 🔄 [SerialPrinter] Retrying automatic reconnect to /dev/cu.usbserial-10...
[2026-07-27T08:57:14.911Z] [INFO] 🖨️ [SerialPrinter] Opening serial connection to /dev/cu.usbserial-10 (9600 baud)...
[2026-07-27T08:57:14.913Z] [WARN] ⚠️ [SerialPrinter] Failed to open /dev/cu.usbserial-10: | {"raw":"Error: No such file or directory, cannot open /dev/cu.usbserial-10","friendly":"Error: No such file or directory, cannot open /dev/cu.usbserial-10"}
[2026-07-27T08:57:19.915Z] [INFO] 🔄 [SerialPrinter] Retrying automatic reconnect to /dev/cu.usbserial-10...
[2026-07-27T08:57:19.915Z] [INFO] 🖨️ [SerialPrinter] Opening serial connection to /dev/cu.usbserial-10 (9600 baud)...
[2026-07-27T08:57:19.916Z] [WARN] ⚠️ [SerialPrinter] Failed to open /dev/cu.usbserial-10: | {"raw":"Error: No such file or directory, cannot open /dev/cu.usbserial-10","friendly":"Error: No such file or directory, cannot open /dev/cu.usbserial-10"}
[2026-07-27T08:57:24.917Z] [INFO] 🔄 [SerialPrinter] Retrying automatic reconnect to /dev/cu.usbserial-10...
[2026-07-27T08:57:24.918Z] [INFO] 🖨️ [SerialPrinter] Opening serial connection to /dev/cu.usbserial-10 (9600 baud)...
[2026-07-27T08:57:24.919Z] [WARN] ⚠️ [SerialPrinter] Failed to open /dev/cu.usbserial-10: | {"raw":"Error: No such file or directory, cannot open /dev/cu.usbserial-10","friendly":"Error: No such file or directory, cannot open /dev/cu.usbserial-10"}
[2026-07-27T08:57:29.921Z] [INFO] 🔄 [SerialPrinter] Retrying automatic reconnect to /dev/cu.usbserial-10...
[2026-07-27T08:57:29.922Z] [INFO] 🖨️ [SerialPrinter] Opening serial connection to /dev/cu.usbserial-10 (9600 baud)...
[2026-07-27T08:57:29.922Z] [WARN] ⚠️ [SerialPrinter] Failed to open /dev/cu.usbserial-10: | {"raw":"Error: No such file or directory, cannot open /dev/cu.usbserial-10","friendly":"Error: No such file or directory, cannot open /dev/cu.usbserial-10"}
[2026-07-27T08:57:34.924Z] [INFO] 🔄 [SerialPrinter] Retrying automatic reconnect to /dev/cu.usbserial-10...
[2026-07-27T08:57:34.924Z] [INFO] 🖨️ [SerialPrinter] Opening serial connection to /dev/cu.usbserial-10 (9600 baud)...
[2026-07-27T08:57:34.925Z] [WARN] ⚠️ [SerialPrinter] Failed to open /dev/cu.usbserial-10: | {"raw":"Error: No such file or directory, cannot open /dev/cu.usbserial-10","friendly":"Error: No such file or directory, cannot open /dev/cu.usbserial-10"}
[2026-07-27T08:57:39.926Z] [INFO] 🔄 [SerialPrinter] Retrying automatic reconnect to /dev/cu.usbserial-10...
[2026-07-27T08:57:39.927Z] [INFO] 🖨️ [SerialPrinter] Opening serial connection to /dev/cu.usbserial-10 (9600 baud)...
[2026-07-27T08:57:39.928Z] [WARN] ⚠️ [SerialPrinter] Failed to open /dev/cu.usbserial-10: | {"raw":"Error: No such file or directory, cannot open /dev/cu.usbserial-10","friendly":"Error: No such file or directory, cannot open /dev/cu.usbserial-10"}
[2026-07-27T08:57:44.929Z] [INFO] 🔄 [SerialPrinter] Retrying automatic reconnect to /dev/cu.usbserial-10...
[2026-07-27T08:57:44.930Z] [INFO] 🖨️ [SerialPrinter] Opening serial connection to /dev/cu.usbserial-10 (9600 baud)...
[2026-07-27T08:57:44.931Z] [WARN] ⚠️ [SerialPrinter] Failed to open /dev/cu.usbserial-10: | {"raw":"Error: No such file or directory, cannot open /dev/cu.usbserial-10","friendly":"Error: No such file or directory, cannot open /dev/cu.usbserial-10"}
[2026-07-27T08:57:49.933Z] [INFO] 🔄 [SerialPrinter] Retrying automatic reconnect to /dev/cu.usbserial-10...
[2026-07-27T08:57:49.934Z] [INFO] 🖨️ [SerialPrinter] Opening serial connection to /dev/cu.usbserial-10 (9600 baud)...
[2026-07-27T08:57:49.935Z] [WARN] ⚠️ [SerialPrinter] Failed to open /dev/cu.usbserial-10: | {"raw":"Error: No such file or directory, cannot open /dev/cu.usbserial-10","friendly":"Error: No such file or directory, cannot open /dev/cu.usbserial-10"}
[2026-07-27T08:57:54.936Z] [INFO] 🔄 [SerialPrinter] Retrying automatic reconnect to /dev/cu.usbserial-10...
[2026-07-27T08:57:54.937Z] [INFO] 🖨️ [SerialPrinter] Opening serial connection to /dev/cu.usbserial-10 (9600 baud)...
[2026-07-27T08:57:54.938Z] [WARN] ⚠️ [SerialPrinter] Failed to open /dev/cu.usbserial-10: | {"raw":"Error: No such file or directory, cannot open /dev/cu.usbserial-10","friendly":"Error: No such file or directory, cannot open /dev/cu.usbserial-10"}
[2026-07-27T08:57:58.629Z] [INFO] 🔄 [SerialPrinter] Reconfiguring hardware to Port: /dev/cu.usbserial-10, Baud: 19200...
[2026-07-27T08:57:58.629Z] [INFO] Saved new printer configuration to printer.json | {"port":"/dev/cu.usbserial-10","baudRate":19200,"updatedAt":"2026-07-27T08:57:58.629Z"}
[2026-07-27T08:57:58.629Z] [INFO] 🖨️ [SerialPrinter] Opening serial connection to /dev/cu.usbserial-10 (19200 baud)...
[2026-07-27T08:57:58.632Z] [WARN] ⚠️ [SerialPrinter] Failed to open /dev/cu.usbserial-10: | {"raw":"Error: No such file or directory, cannot open /dev/cu.usbserial-10","friendly":"Error: No such file or directory, cannot open /dev/cu.usbserial-10"}
[2026-07-27T08:57:59.940Z] [INFO] 🔄 [SerialPrinter] Retrying automatic reconnect to /dev/cu.usbserial-10...
[2026-07-27T08:57:59.940Z] [INFO] 🖨️ [SerialPrinter] Opening serial connection to /dev/cu.usbserial-10 (19200 baud)...
[2026-07-27T08:57:59.940Z] [WARN] ⚠️ [SerialPrinter] Failed to open /dev/cu.usbserial-10: | {"raw":"Error: No such file or directory, cannot open /dev/cu.usbserial-10","friendly":"Error: No such file or directory, cannot open /dev/cu.usbserial-10"}
[2026-07-27T08:58:04.942Z] [INFO] 🔄 [SerialPrinter] Retrying automatic reconnect to /dev/cu.usbserial-10...
[2026-07-27T08:58:04.945Z] [INFO] 🖨️ [SerialPrinter] Opening serial connection to /dev/cu.usbserial-10 (19200 baud)...
[2026-07-27T08:58:04.947Z] [WARN] ⚠️ [SerialPrinter] Failed to open /dev/cu.usbserial-10: | {"raw":"Error: No such file or directory, cannot open /dev/cu.usbserial-10","friendly":"Error: No such file or directory, cannot open /dev/cu.usbserial-10"}
[2026-07-27T08:58:09.948Z] [INFO] 🔄 [SerialPrinter] Retrying automatic reconnect to /dev/cu.usbserial-10...
[2026-07-27T08:58:09.950Z] [INFO] 🖨️ [SerialPrinter] Opening serial connection to /dev/cu.usbserial-10 (19200 baud)...
[2026-07-27T08:58:09.951Z] [WARN] ⚠️ [SerialPrinter] Failed to open /dev/cu.usbserial-10: | {"raw":"Error: No such file or directory, cannot open /dev/cu.usbserial-10","friendly":"Error: No such file or directory, cannot open /dev/cu.usbserial-10"}
[2026-07-27T08:58:14.953Z] [INFO] 🔄 [SerialPrinter] Retrying automatic reconnect to /dev/cu.usbserial-10...
[2026-07-27T08:58:14.954Z] [INFO] 🖨️ [SerialPrinter] Opening serial connection to /dev/cu.usbserial-10 (19200 baud)...
[2026-07-27T08:58:14.955Z] [WARN] ⚠️ [SerialPrinter] Failed to open /dev/cu.usbserial-10: | {"raw":"Error: No such file or directory, cannot open /dev/cu.usbserial-10","friendly":"Error: No such file or directory, cannot open /dev/cu.usbserial-10"}
[2026-07-27T08:58:19.957Z] [INFO] 🔄 [SerialPrinter] Retrying automatic reconnect to /dev/cu.usbserial-10...
[2026-07-27T08:58:19.958Z] [INFO] 🖨️ [SerialPrinter] Opening serial connection to /dev/cu.usbserial-10 (19200 baud)...
[2026-07-27T08:58:19.959Z] [WARN] ⚠️ [SerialPrinter] Failed to open /dev/cu.usbserial-10: | {"raw":"Error: No such file or directory, cannot open /dev/cu.usbserial-10","friendly":"Error: No such file or directory, cannot open /dev/cu.usbserial-10"}
[2026-07-27T08:58:24.960Z] [INFO] 🔄 [SerialPrinter] Retrying automatic reconnect to /dev/cu.usbserial-10...
[2026-07-27T08:58:24.961Z] [INFO] 🖨️ [SerialPrinter] Opening serial connection to /dev/cu.usbserial-10 (19200 baud)...
[2026-07-27T08:58:24.962Z] [WARN] ⚠️ [SerialPrinter] Failed to open /dev/cu.usbserial-10: | {"raw":"Error: No such file or directory, cannot open /dev/cu.usbserial-10","friendly":"Error: No such file or directory, cannot open /dev/cu.usbserial-10"}
[2026-07-27T08:58:29.965Z] [INFO] 🔄 [SerialPrinter] Retrying automatic reconnect to /dev/cu.usbserial-10...
[2026-07-27T08:58:29.966Z] [INFO] 🖨️ [SerialPrinter] Opening serial connection to /dev/cu.usbserial-10 (19200 baud)...
[2026-07-27T08:58:29.966Z] [WARN] ⚠️ [SerialPrinter] Failed to open /dev/cu.usbserial-10: | {"raw":"Error: No such file or directory, cannot open /dev/cu.usbserial-10","friendly":"Error: No such file or directory, cannot open /dev/cu.usbserial-10"}
[2026-07-27T08:58:34.968Z] [INFO] 🔄 [SerialPrinter] Retrying automatic reconnect to /dev/cu.usbserial-10...
[2026-07-27T08:58:34.970Z] [INFO] 🖨️ [SerialPrinter] Opening serial connection to /dev/cu.usbserial-10 (19200 baud)...
[2026-07-27T08:58:34.972Z] [WARN] ⚠️ [SerialPrinter] Failed to open /dev/cu.usbserial-10: | {"raw":"Error: No such file or directory, cannot open /dev/cu.usbserial-10","friendly":"Error: No such file or directory, cannot open /dev/cu.usbserial-10"}
[2026-07-27T08:58:39.974Z] [INFO] 🔄 [SerialPrinter] Retrying automatic reconnect to /dev/cu.usbserial-10...
[2026-07-27T08:58:39.976Z] [INFO] 🖨️ [SerialPrinter] Opening serial connection to /dev/cu.usbserial-10 (19200 baud)...
[2026-07-27T08:58:39.977Z] [WARN] ⚠️ [SerialPrinter] Failed to open /dev/cu.usbserial-10: | {"raw":"Error: No such file or directory, cannot open /dev/cu.usbserial-10","friendly":"Error: No such file or directory, cannot open /dev/cu.usbserial-10"}
[2026-07-27T08:58:44.979Z] [INFO] 🔄 [SerialPrinter] Retrying automatic reconnect to /dev/cu.usbserial-10...
[2026-07-27T08:58:44.980Z] [INFO] 🖨️ [SerialPrinter] Opening serial connection to /dev/cu.usbserial-10 (19200 baud)...
[2026-07-27T08:58:44.980Z] [WARN] ⚠️ [SerialPrinter] Failed to open /dev/cu.usbserial-10: | {"raw":"Error: No such file or directory, cannot open /dev/cu.usbserial-10","friendly":"Error: No such file or directory, cannot open /dev/cu.usbserial-10"}
[2026-07-27T08:58:49.982Z] [INFO] 🔄 [SerialPrinter] Retrying automatic reconnect to /dev/cu.usbserial-10...
[2026-07-27T08:58:49.983Z] [INFO] 🖨️ [SerialPrinter] Opening serial connection to /dev/cu.usbserial-10 (19200 baud)...
[2026-07-27T08:58:49.984Z] [WARN] ⚠️ [SerialPrinter] Failed to open /dev/cu.usbserial-10: | {"raw":"Error: No such file or directory, cannot open /dev/cu.usbserial-10","friendly":"Error: No such file or directory, cannot open /dev/cu.usbserial-10"}
[2026-07-27T08:58:54.986Z] [INFO] 🔄 [SerialPrinter] Retrying automatic reconnect to /dev/cu.usbserial-10...
[2026-07-27T08:58:54.987Z] [INFO] 🖨️ [SerialPrinter] Opening serial connection to /dev/cu.usbserial-10 (19200 baud)...
[2026-07-27T08:58:54.988Z] [WARN] ⚠️ [SerialPrinter] Failed to open /dev/cu.usbserial-10: | {"raw":"Error: No such file or directory, cannot open /dev/cu.usbserial-10","friendly":"Error: No such file or directory, cannot open /dev/cu.usbserial-10"}
[2026-07-27T08:58:59.989Z] [INFO] 🔄 [SerialPrinter] Retrying automatic reconnect to /dev/cu.usbserial-10...
[2026-07-27T08:58:59.990Z] [INFO] 🖨️ [SerialPrinter] Opening serial connection to /dev/cu.usbserial-10 (19200 baud)...
[2026-07-27T08:58:59.990Z] [WARN] ⚠️ [SerialPrinter] Failed to open /dev/cu.usbserial-10: | {"raw":"Error: No such file or directory, cannot open /dev/cu.usbserial-10","friendly":"Error: No such file or directory, cannot open /dev/cu.usbserial-10"}
[2026-07-27T08:59:04.991Z] [INFO] 🔄 [SerialPrinter] Retrying automatic reconnect to /dev/cu.usbserial-10...
[2026-07-27T08:59:04.993Z] [INFO] 🖨️ [SerialPrinter] Opening serial connection to /dev/cu.usbserial-10 (19200 baud)...
[2026-07-27T08:59:04.994Z] [WARN] ⚠️ [SerialPrinter] Failed to open /dev/cu.usbserial-10: | {"raw":"Error: No such file or directory, cannot open /dev/cu.usbserial-10","friendly":"Error: No such file or directory, cannot open /dev/cu.usbserial-10"}
[2026-07-27T08:59:09.998Z] [INFO] 🔄 [SerialPrinter] Retrying automatic reconnect to /dev/cu.usbserial-10...
[2026-07-27T08:59:10.004Z] [INFO] 🖨️ [SerialPrinter] Opening serial connection to /dev/cu.usbserial-10 (19200 baud)...
[2026-07-27T08:59:10.008Z] [WARN] ⚠️ [SerialPrinter] Failed to open /dev/cu.usbserial-10: | {"raw":"Error: No such file or directory, cannot open /dev/cu.usbserial-10","friendly":"Error: No such file or directory, cannot open /dev/cu.usbserial-10"}
[2026-07-27T08:59:15.010Z] [INFO] 🔄 [SerialPrinter] Retrying automatic reconnect to /dev/cu.usbserial-10...
[2026-07-27T08:59:15.011Z] [INFO] 🖨️ [SerialPrinter] Opening serial connection to /dev/cu.usbserial-10 (19200 baud)...
[2026-07-27T08:59:15.012Z] [WARN] ⚠️ [SerialPrinter] Failed to open /dev/cu.usbserial-10: | {"raw":"Error: No such file or directory, cannot open /dev/cu.usbserial-10","friendly":"Error: No such file or directory, cannot open /dev/cu.usbserial-10"}
[2026-07-27T08:59:20.013Z] [INFO] 🔄 [SerialPrinter] Retrying automatic reconnect to /dev/cu.usbserial-10...
[2026-07-27T08:59:20.013Z] [INFO] 🖨️ [SerialPrinter] Opening serial connection to /dev/cu.usbserial-10 (19200 baud)...
[2026-07-27T08:59:20.013Z] [WARN] ⚠️ [SerialPrinter] Failed to open /dev/cu.usbserial-10: | {"raw":"Error: No such file or directory, cannot open /dev/cu.usbserial-10","friendly":"Error: No such file or directory, cannot open /dev/cu.usbserial-10"}
[2026-07-27T08:59:25.015Z] [INFO] 🔄 [SerialPrinter] Retrying automatic reconnect to /dev/cu.usbserial-10...
[2026-07-27T08:59:25.016Z] [INFO] 🖨️ [SerialPrinter] Opening serial connection to /dev/cu.usbserial-10 (19200 baud)...
[2026-07-27T08:59:25.017Z] [WARN] ⚠️ [SerialPrinter] Failed to open /dev/cu.usbserial-10: | {"raw":"Error: No such file or directory, cannot open /dev/cu.usbserial-10","friendly":"Error: No such file or directory, cannot open /dev/cu.usbserial-10"}
[2026-07-27T08:59:30.020Z] [INFO] 🔄 [SerialPrinter] Retrying automatic reconnect to /dev/cu.usbserial-10...
[2026-07-27T08:59:30.022Z] [INFO] 🖨️ [SerialPrinter] Opening serial connection to /dev/cu.usbserial-10 (19200 baud)...
[2026-07-27T08:59:30.025Z] [WARN] ⚠️ [SerialPrinter] Failed to open /dev/cu.usbserial-10: | {"raw":"Error: No such file or directory, cannot open /dev/cu.usbserial-10","friendly":"Error: No such file or directory, cannot open /dev/cu.usbserial-10"}
[2026-07-27T08:59:35.028Z] [INFO] 🔄 [SerialPrinter] Retrying automatic reconnect to /dev/cu.usbserial-10...
[2026-07-27T08:59:35.028Z] [INFO] 🖨️ [SerialPrinter] Opening serial connection to /dev/cu.usbserial-10 (19200 baud)...
[2026-07-27T08:59:35.029Z] [WARN] ⚠️ [SerialPrinter] Failed to open /dev/cu.usbserial-10: | {"raw":"Error: No such file or directory, cannot open /dev/cu.usbserial-10","friendly":"Error: No such file or directory, cannot open /dev/cu.usbserial-10"}
[2026-07-27T08:59:40.030Z] [INFO] 🔄 [SerialPrinter] Retrying automatic reconnect to /dev/cu.usbserial-10...
[2026-07-27T08:59:40.030Z] [INFO] 🖨️ [SerialPrinter] Opening serial connection to /dev/cu.usbserial-10 (19200 baud)...
[2026-07-27T08:59:40.032Z] [WARN] ⚠️ [SerialPrinter] Failed to open /dev/cu.usbserial-10: | {"raw":"Error: No such file or directory, cannot open /dev/cu.usbserial-10","friendly":"Error: No such file or directory, cannot open /dev/cu.usbserial-10"}
[2026-07-27T08:59:45.032Z] [INFO] 🔄 [SerialPrinter] Retrying automatic reconnect to /dev/cu.usbserial-10...
[2026-07-27T08:59:45.034Z] [INFO] 🖨️ [SerialPrinter] Opening serial connection to /dev/cu.usbserial-10 (19200 baud)...
[2026-07-27T08:59:45.035Z] [WARN] ⚠️ [SerialPrinter] Failed to open /dev/cu.usbserial-10: | {"raw":"Error: No such file or directory, cannot open /dev/cu.usbserial-10","friendly":"Error: No such file or directory, cannot open /dev/cu.usbserial-10"}
[2026-07-27T08:59:50.037Z] [INFO] 🔄 [SerialPrinter] Retrying automatic reconnect to /dev/cu.usbserial-10...
[2026-07-27T08:59:50.038Z] [INFO] 🖨️ [SerialPrinter] Opening serial connection to /dev/cu.usbserial-10 (19200 baud)...
[2026-07-27T08:59:50.039Z] [WARN] ⚠️ [SerialPrinter] Failed to open /dev/cu.usbserial-10: | {"raw":"Error: No such file or directory, cannot open /dev/cu.usbserial-10","friendly":"Error: No such file or directory, cannot open /dev/cu.usbserial-10"}
[2026-07-27T08:59:55.041Z] [INFO] 🔄 [SerialPrinter] Retrying automatic reconnect to /dev/cu.usbserial-10...
[2026-07-27T08:59:55.042Z] [INFO] 🖨️ [SerialPrinter] Opening serial connection to /dev/cu.usbserial-10 (19200 baud)...
[2026-07-27T08:59:55.045Z] [WARN] ⚠️ [SerialPrinter] Failed to open /dev/cu.usbserial-10: | {"raw":"Error: No such file or directory, cannot open /dev/cu.usbserial-10","friendly":"Error: No such file or directory, cannot open /dev/cu.usbserial-10"}
[2026-07-27T09:00:00.047Z] [INFO] 🔄 [SerialPrinter] Retrying automatic reconnect to /dev/cu.usbserial-10...
[2026-07-27T09:00:00.050Z] [INFO] 🖨️ [SerialPrinter] Opening serial connection to /dev/cu.usbserial-10 (19200 baud)...
[2026-07-27T09:00:00.053Z] [WARN] ⚠️ [SerialPrinter] Failed to open /dev/cu.usbserial-10: | {"raw":"Error: No such file or directory, cannot open /dev/cu.usbserial-10","friendly":"Error: No such file or directory, cannot open /dev/cu.usbserial-10"}
[2026-07-27T09:00:05.055Z] [INFO] 🔄 [SerialPrinter] Retrying automatic reconnect to /dev/cu.usbserial-10...
[2026-07-27T09:00:05.056Z] [INFO] 🖨️ [SerialPrinter] Opening serial connection to /dev/cu.usbserial-10 (19200 baud)...
[2026-07-27T09:00:05.056Z] [WARN] ⚠️ [SerialPrinter] Failed to open /dev/cu.usbserial-10: | {"raw":"Error: No such file or directory, cannot open /dev/cu.usbserial-10","friendly":"Error: No such file or directory, cannot open /dev/cu.usbserial-10"}
[2026-07-27T09:00:10.058Z] [INFO] 🔄 [SerialPrinter] Retrying automatic reconnect to /dev/cu.usbserial-10...
[2026-07-27T09:00:10.060Z] [INFO] 🖨️ [SerialPrinter] Opening serial connection to /dev/cu.usbserial-10 (19200 baud)...
[2026-07-27T09:00:10.061Z] [WARN] ⚠️ [SerialPrinter] Failed to open /dev/cu.usbserial-10: | {"raw":"Error: No such file or directory, cannot open /dev/cu.usbserial-10","friendly":"Error: No such file or directory, cannot open /dev/cu.usbserial-10"}
[2026-07-27T09:00:15.063Z] [INFO] 🔄 [SerialPrinter] Retrying automatic reconnect to /dev/cu.usbserial-10...
[2026-07-27T09:00:15.064Z] [INFO] 🖨️ [SerialPrinter] Opening serial connection to /dev/cu.usbserial-10 (19200 baud)...
[2026-07-27T09:00:15.065Z] [WARN] ⚠️ [SerialPrinter] Failed to open /dev/cu.usbserial-10: | {"raw":"Error: No such file or directory, cannot open /dev/cu.usbserial-10","friendly":"Error: No such file or directory, cannot open /dev/cu.usbserial-10"}
[2026-07-27T09:00:20.066Z] [INFO] 🔄 [SerialPrinter] Retrying automatic reconnect to /dev/cu.usbserial-10...
[2026-07-27T09:00:20.067Z] [INFO] 🖨️ [SerialPrinter] Opening serial connection to /dev/cu.usbserial-10 (19200 baud)...
[2026-07-27T09:00:20.068Z] [WARN] ⚠️ [SerialPrinter] Failed to open /dev/cu.usbserial-10: | {"raw":"Error: No such file or directory, cannot open /dev/cu.usbserial-10","friendly":"Error: No such file or directory, cannot open /dev/cu.usbserial-10"}
[2026-07-27T09:00:25.070Z] [INFO] 🔄 [SerialPrinter] Retrying automatic reconnect to /dev/cu.usbserial-10...
[2026-07-27T09:00:25.072Z] [INFO] 🖨️ [SerialPrinter] Opening serial connection to /dev/cu.usbserial-10 (19200 baud)...
[2026-07-27T09:00:25.074Z] [WARN] ⚠️ [SerialPrinter] Failed to open /dev/cu.usbserial-10: | {"raw":"Error: No such file or directory, cannot open /dev/cu.usbserial-10","friendly":"Error: No such file or directory, cannot open /dev/cu.usbserial-10"}
[2026-07-27T09:00:30.074Z] [INFO] 🔄 [SerialPrinter] Retrying automatic reconnect to /dev/cu.usbserial-10...
[2026-07-27T09:00:30.075Z] [INFO] 🖨️ [SerialPrinter] Opening serial connection to /dev/cu.usbserial-10 (19200 baud)...
[2026-07-27T09:00:30.076Z] [WARN] ⚠️ [SerialPrinter] Failed to open /dev/cu.usbserial-10: | {"raw":"Error: No such file or directory, cannot open /dev/cu.usbserial-10","friendly":"Error: No such file or directory, cannot open /dev/cu.usbserial-10"}
[2026-07-27T09:00:35.078Z] [INFO] 🔄 [SerialPrinter] Retrying automatic reconnect to /dev/cu.usbserial-10...
[2026-07-27T09:00:35.080Z] [INFO] 🖨️ [SerialPrinter] Opening serial connection to /dev/cu.usbserial-10 (19200 baud)...
[2026-07-27T09:00:35.081Z] [WARN] ⚠️ [SerialPrinter] Failed to open /dev/cu.usbserial-10: | {"raw":"Error: No such file or directory, cannot open /dev/cu.usbserial-10","friendly":"Error: No such file or directory, cannot open /dev/cu.usbserial-10"}
[2026-07-27T09:00:40.083Z] [INFO] 🔄 [SerialPrinter] Retrying automatic reconnect to /dev/cu.usbserial-10...
[2026-07-27T09:00:40.084Z] [INFO] 🖨️ [SerialPrinter] Opening serial connection to /dev/cu.usbserial-10 (19200 baud)...
[2026-07-27T09:00:40.097Z] [WARN] ⚠️ [SerialPrinter] Failed to open /dev/cu.usbserial-10: | {"raw":"Error: No such file or directory, cannot open /dev/cu.usbserial-10","friendly":"Error: No such file or directory, cannot open /dev/cu.usbserial-10"}
[2026-07-27T09:00:45.099Z] [INFO] 🔄 [SerialPrinter] Retrying automatic reconnect to /dev/cu.usbserial-10...
[2026-07-27T09:00:45.100Z] [INFO] 🖨️ [SerialPrinter] Opening serial connection to /dev/cu.usbserial-10 (19200 baud)...
[2026-07-27T09:00:45.100Z] [WARN] ⚠️ [SerialPrinter] Failed to open /dev/cu.usbserial-10: | {"raw":"Error: No such file or directory, cannot open /dev/cu.usbserial-10","friendly":"Error: No such file or directory, cannot open /dev/cu.usbserial-10"}
[2026-07-27T09:00:50.102Z] [INFO] 🔄 [SerialPrinter] Retrying automatic reconnect to /dev/cu.usbserial-10...
[2026-07-27T09:00:50.103Z] [INFO] 🖨️ [SerialPrinter] Opening serial connection to /dev/cu.usbserial-10 (19200 baud)...
[2026-07-27T09:00:50.103Z] [WARN] ⚠️ [SerialPrinter] Failed to open /dev/cu.usbserial-10: | {"raw":"Error: No such file or directory, cannot open /dev/cu.usbserial-10","friendly":"Error: No such file or directory, cannot open /dev/cu.usbserial-10"}
[2026-07-27T09:00:55.104Z] [INFO] 🔄 [SerialPrinter] Retrying automatic reconnect to /dev/cu.usbserial-10...
[2026-07-27T09:00:55.105Z] [INFO] 🖨️ [SerialPrinter] Opening serial connection to /dev/cu.usbserial-10 (19200 baud)...
[2026-07-27T09:00:55.109Z] [WARN] ⚠️ [SerialPrinter] Failed to open /dev/cu.usbserial-10: | {"raw":"Error: No such file or directory, cannot open /dev/cu.usbserial-10","friendly":"Error: No such file or directory, cannot open /dev/cu.usbserial-10"}
[2026-07-27T09:01:00.112Z] [INFO] 🔄 [SerialPrinter] Retrying automatic reconnect to /dev/cu.usbserial-10...
[2026-07-27T09:01:00.113Z] [INFO] 🖨️ [SerialPrinter] Opening serial connection to /dev/cu.usbserial-10 (19200 baud)...
[2026-07-27T09:01:00.114Z] [WARN] ⚠️ [SerialPrinter] Failed to open /dev/cu.usbserial-10: | {"raw":"Error: No such file or directory, cannot open /dev/cu.usbserial-10","friendly":"Error: No such file or directory, cannot open /dev/cu.usbserial-10"}
[2026-07-27T09:01:05.117Z] [INFO] 🔄 [SerialPrinter] Retrying automatic reconnect to /dev/cu.usbserial-10...
[2026-07-27T09:01:05.117Z] [INFO] 🖨️ [SerialPrinter] Opening serial connection to /dev/cu.usbserial-10 (19200 baud)...
[2026-07-27T09:01:05.118Z] [WARN] ⚠️ [SerialPrinter] Failed to open /dev/cu.usbserial-10: | {"raw":"Error: No such file or directory, cannot open /dev/cu.usbserial-10","friendly":"Error: No such file or directory, cannot open /dev/cu.usbserial-10"}
[2026-07-27T09:01:10.121Z] [INFO] 🔄 [SerialPrinter] Retrying automatic reconnect to /dev/cu.usbserial-10...
[2026-07-27T09:01:10.125Z] [INFO] 🖨️ [SerialPrinter] Opening serial connection to /dev/cu.usbserial-10 (19200 baud)...
[2026-07-27T09:01:10.127Z] [WARN] ⚠️ [SerialPrinter] Failed to open /dev/cu.usbserial-10: | {"raw":"Error: No such file or directory, cannot open /dev/cu.usbserial-10","friendly":"Error: No such file or directory, cannot open /dev/cu.usbserial-10"}
[2026-07-27T09:01:15.128Z] [INFO] 🔄 [SerialPrinter] Retrying automatic reconnect to /dev/cu.usbserial-10...
[2026-07-27T09:01:15.129Z] [INFO] 🖨️ [SerialPrinter] Opening serial connection to /dev/cu.usbserial-10 (19200 baud)...
[2026-07-27T09:01:15.130Z] [WARN] ⚠️ [SerialPrinter] Failed to open /dev/cu.usbserial-10: | {"raw":"Error: No such file or directory, cannot open /dev/cu.usbserial-10","friendly":"Error: No such file or directory, cannot open /dev/cu.usbserial-10"}
[2026-07-27T09:01:20.132Z] [INFO] 🔄 [SerialPrinter] Retrying automatic reconnect to /dev/cu.usbserial-10...
[2026-07-27T09:01:20.133Z] [INFO] 🖨️ [SerialPrinter] Opening serial connection to /dev/cu.usbserial-10 (19200 baud)...
[2026-07-27T09:01:20.134Z] [WARN] ⚠️ [SerialPrinter] Failed to open /dev/cu.usbserial-10: | {"raw":"Error: No such file or directory, cannot open /dev/cu.usbserial-10","friendly":"Error: No such file or directory, cannot open /dev/cu.usbserial-10"}
[2026-07-27T09:01:25.135Z] [INFO] 🔄 [SerialPrinter] Retrying automatic reconnect to /dev/cu.usbserial-10...
[2026-07-27T09:01:25.137Z] [INFO] 🖨️ [SerialPrinter] Opening serial connection to /dev/cu.usbserial-10 (19200 baud)...
[2026-07-27T09:01:25.138Z] [WARN] ⚠️ [SerialPrinter] Failed to open /dev/cu.usbserial-10: | {"raw":"Error: No such file or directory, cannot open /dev/cu.usbserial-10","friendly":"Error: No such file or directory, cannot open /dev/cu.usbserial-10"}
[2026-07-27T09:01:30.140Z] [INFO] 🔄 [SerialPrinter] Retrying automatic reconnect to /dev/cu.usbserial-10...
[2026-07-27T09:01:30.141Z] [INFO] 🖨️ [SerialPrinter] Opening serial connection to /dev/cu.usbserial-10 (19200 baud)...
[2026-07-27T09:01:30.143Z] [WARN] ⚠️ [SerialPrinter] Failed to open /dev/cu.usbserial-10: | {"raw":"Error: No such file or directory, cannot open /dev/cu.usbserial-10","friendly":"Error: No such file or directory, cannot open /dev/cu.usbserial-10"}
[2026-07-27T09:01:35.145Z] [INFO] 🔄 [SerialPrinter] Retrying automatic reconnect to /dev/cu.usbserial-10...
[2026-07-27T09:01:35.146Z] [INFO] 🖨️ [SerialPrinter] Opening serial connection to /dev/cu.usbserial-10 (19200 baud)...
[2026-07-27T09:01:35.147Z] [WARN] ⚠️ [SerialPrinter] Failed to open /dev/cu.usbserial-10: | {"raw":"Error: No such file or directory, cannot open /dev/cu.usbserial-10","friendly":"Error: No such file or directory, cannot open /dev/cu.usbserial-10"}
[2026-07-27T09:01:40.151Z] [INFO] 🔄 [SerialPrinter] Retrying automatic reconnect to /dev/cu.usbserial-10...
[2026-07-27T09:01:40.154Z] [INFO] 🖨️ [SerialPrinter] Opening serial connection to /dev/cu.usbserial-10 (19200 baud)...
[2026-07-27T09:01:40.159Z] [WARN] ⚠️ [SerialPrinter] Failed to open /dev/cu.usbserial-10: | {"raw":"Error: No such file or directory, cannot open /dev/cu.usbserial-10","friendly":"Error: No such file or directory, cannot open /dev/cu.usbserial-10"}
[2026-07-27T09:01:45.163Z] [INFO] 🔄 [SerialPrinter] Retrying automatic reconnect to /dev/cu.usbserial-10...
[2026-07-27T09:01:45.164Z] [INFO] 🖨️ [SerialPrinter] Opening serial connection to /dev/cu.usbserial-10 (19200 baud)...
[2026-07-27T09:01:45.166Z] [WARN] ⚠️ [SerialPrinter] Failed to open /dev/cu.usbserial-10: | {"raw":"Error: No such file or directory, cannot open /dev/cu.usbserial-10","friendly":"Error: No such file or directory, cannot open /dev/cu.usbserial-10"}
[2026-07-27T09:01:50.168Z] [INFO] 🔄 [SerialPrinter] Retrying automatic reconnect to /dev/cu.usbserial-10...
[2026-07-27T09:01:50.168Z] [INFO] 🖨️ [SerialPrinter] Opening serial connection to /dev/cu.usbserial-10 (19200 baud)...
[2026-07-27T09:01:50.169Z] [WARN] ⚠️ [SerialPrinter] Failed to open /dev/cu.usbserial-10: | {"raw":"Error: No such file or directory, cannot open /dev/cu.usbserial-10","friendly":"Error: No such file or directory, cannot open /dev/cu.usbserial-10"}
[2026-07-27T09:01:55.172Z] [INFO] 🔄 [SerialPrinter] Retrying automatic reconnect to /dev/cu.usbserial-10...
[2026-07-27T09:01:55.174Z] [INFO] 🖨️ [SerialPrinter] Opening serial connection to /dev/cu.usbserial-10 (19200 baud)...
[2026-07-27T09:01:55.177Z] [WARN] ⚠️ [SerialPrinter] Failed to open /dev/cu.usbserial-10: | {"raw":"Error: No such file or directory, cannot open /dev/cu.usbserial-10","friendly":"Error: No such file or directory, cannot open /dev/cu.usbserial-10"}
[2026-07-27T09:02:00.179Z] [INFO] 🔄 [SerialPrinter] Retrying automatic reconnect to /dev/cu.usbserial-10...
[2026-07-27T09:02:00.180Z] [INFO] 🖨️ [SerialPrinter] Opening serial connection to /dev/cu.usbserial-10 (19200 baud)...
[2026-07-27T09:02:00.181Z] [WARN] ⚠️ [SerialPrinter] Failed to open /dev/cu.usbserial-10: | {"raw":"Error: No such file or directory, cannot open /dev/cu.usbserial-10","friendly":"Error: No such file or directory, cannot open /dev/cu.usbserial-10"}
[2026-07-27T09:02:05.183Z] [INFO] 🔄 [SerialPrinter] Retrying automatic reconnect to /dev/cu.usbserial-10...
[2026-07-27T09:02:05.184Z] [INFO] 🖨️ [SerialPrinter] Opening serial connection to /dev/cu.usbserial-10 (19200 baud)...
[2026-07-27T09:02:05.185Z] [WARN] ⚠️ [SerialPrinter] Failed to open /dev/cu.usbserial-10: | {"raw":"Error: No such file or directory, cannot open /dev/cu.usbserial-10","friendly":"Error: No such file or directory, cannot open /dev/cu.usbserial-10"}
[2026-07-27T09:02:10.186Z] [INFO] 🔄 [SerialPrinter] Retrying automatic reconnect to /dev/cu.usbserial-10...
[2026-07-27T09:02:10.187Z] [INFO] 🖨️ [SerialPrinter] Opening serial connection to /dev/cu.usbserial-10 (19200 baud)...
[2026-07-27T09:02:10.188Z] [WARN] ⚠️ [SerialPrinter] Failed to open /dev/cu.usbserial-10: | {"raw":"Error: No such file or directory, cannot open /dev/cu.usbserial-10","friendly":"Error: No such file or directory, cannot open /dev/cu.usbserial-10"}
[2026-07-27T09:02:15.189Z] [INFO] 🔄 [SerialPrinter] Retrying automatic reconnect to /dev/cu.usbserial-10...
[2026-07-27T09:02:15.191Z] [INFO] 🖨️ [SerialPrinter] Opening serial connection to /dev/cu.usbserial-10 (19200 baud)...
[2026-07-27T09:02:15.191Z] [WARN] ⚠️ [SerialPrinter] Failed to open /dev/cu.usbserial-10: | {"raw":"Error: No such file or directory, cannot open /dev/cu.usbserial-10","friendly":"Error: No such file or directory, cannot open /dev/cu.usbserial-10"}
[2026-07-27T09:02:20.192Z] [INFO] 🔄 [SerialPrinter] Retrying automatic reconnect to /dev/cu.usbserial-10...
[2026-07-27T09:02:20.193Z] [INFO] 🖨️ [SerialPrinter] Opening serial connection to /dev/cu.usbserial-10 (19200 baud)...
[2026-07-27T09:02:20.194Z] [WARN] ⚠️ [SerialPrinter] Failed to open /dev/cu.usbserial-10: | {"raw":"Error: No such file or directory, cannot open /dev/cu.usbserial-10","friendly":"Error: No such file or directory, cannot open /dev/cu.usbserial-10"}
[2026-07-27T09:02:25.196Z] [INFO] 🔄 [SerialPrinter] Retrying automatic reconnect to /dev/cu.usbserial-10...
[2026-07-27T09:02:25.197Z] [INFO] 🖨️ [SerialPrinter] Opening serial connection to /dev/cu.usbserial-10 (19200 baud)...
[2026-07-27T09:02:25.198Z] [WARN] ⚠️ [SerialPrinter] Failed to open /dev/cu.usbserial-10: | {"raw":"Error: No such file or directory, cannot open /dev/cu.usbserial-10","friendly":"Error: No such file or directory, cannot open /dev/cu.usbserial-10"}
[2026-07-27T09:02:30.199Z] [INFO] 🔄 [SerialPrinter] Retrying automatic reconnect to /dev/cu.usbserial-10...
[2026-07-27T09:02:30.201Z] [INFO] 🖨️ [SerialPrinter] Opening serial connection to /dev/cu.usbserial-10 (19200 baud)...
[2026-07-27T09:02:30.201Z] [WARN] ⚠️ [SerialPrinter] Failed to open /dev/cu.usbserial-10: | {"raw":"Error: No such file or directory, cannot open /dev/cu.usbserial-10","friendly":"Error: No such file or directory, cannot open /dev/cu.usbserial-10"}
[2026-07-27T09:02:35.204Z] [INFO] 🔄 [SerialPrinter] Retrying automatic reconnect to /dev/cu.usbserial-10...
[2026-07-27T09:02:35.205Z] [INFO] 🖨️ [SerialPrinter] Opening serial connection to /dev/cu.usbserial-10 (19200 baud)...
[2026-07-27T09:02:35.209Z] [WARN] ⚠️ [SerialPrinter] Failed to open /dev/cu.usbserial-10: | {"raw":"Error: No such file or directory, cannot open /dev/cu.usbserial-10","friendly":"Error: No such file or directory, cannot open /dev/cu.usbserial-10"}
[2026-07-27T09:02:40.214Z] [INFO] 🔄 [SerialPrinter] Retrying automatic reconnect to /dev/cu.usbserial-10...
[2026-07-27T09:02:40.215Z] [INFO] 🖨️ [SerialPrinter] Opening serial connection to /dev/cu.usbserial-10 (19200 baud)...
[2026-07-27T09:02:40.216Z] [WARN] ⚠️ [SerialPrinter] Failed to open /dev/cu.usbserial-10: | {"raw":"Error: No such file or directory, cannot open /dev/cu.usbserial-10","friendly":"Error: No such file or directory, cannot open /dev/cu.usbserial-10"}
[2026-07-27T09:02:45.217Z] [INFO] 🔄 [SerialPrinter] Retrying automatic reconnect to /dev/cu.usbserial-10...
[2026-07-27T09:02:45.218Z] [INFO] 🖨️ [SerialPrinter] Opening serial connection to /dev/cu.usbserial-10 (19200 baud)...
[2026-07-27T09:02:45.219Z] [WARN] ⚠️ [SerialPrinter] Failed to open /dev/cu.usbserial-10: | {"raw":"Error: No such file or directory, cannot open /dev/cu.usbserial-10","friendly":"Error: No such file or directory, cannot open /dev/cu.usbserial-10"}
[2026-07-27T09:02:50.221Z] [INFO] 🔄 [SerialPrinter] Retrying automatic reconnect to /dev/cu.usbserial-10...
[2026-07-27T09:02:50.222Z] [INFO] 🖨️ [SerialPrinter] Opening serial connection to /dev/cu.usbserial-10 (19200 baud)...
[2026-07-27T09:02:50.223Z] [WARN] ⚠️ [SerialPrinter] Failed to open /dev/cu.usbserial-10: | {"raw":"Error: No such file or directory, cannot open /dev/cu.usbserial-10","friendly":"Error: No such file or directory, cannot open /dev/cu.usbserial-10"}
[2026-07-27T09:02:55.226Z] [INFO] 🔄 [SerialPrinter] Retrying automatic reconnect to /dev/cu.usbserial-10...
[2026-07-27T09:02:55.226Z] [INFO] 🖨️ [SerialPrinter] Opening serial connection to /dev/cu.usbserial-10 (19200 baud)...
[2026-07-27T09:02:55.227Z] [WARN] ⚠️ [SerialPrinter] Failed to open /dev/cu.usbserial-10: | {"raw":"Error: No such file or directory, cannot open /dev/cu.usbserial-10","friendly":"Error: No such file or directory, cannot open /dev/cu.usbserial-10"}
[2026-07-27T09:03:00.228Z] [INFO] 🔄 [SerialPrinter] Retrying automatic reconnect to /dev/cu.usbserial-10...
[2026-07-27T09:03:00.230Z] [INFO] 🖨️ [SerialPrinter] Opening serial connection to /dev/cu.usbserial-10 (19200 baud)...
[2026-07-27T09:03:00.236Z] [WARN] ⚠️ [SerialPrinter] Failed to open /dev/cu.usbserial-10: | {"raw":"Error: No such file or directory, cannot open /dev/cu.usbserial-10","friendly":"Error: No such file or directory, cannot open /dev/cu.usbserial-10"}
[2026-07-27T09:03:05.236Z] [INFO] 🔄 [SerialPrinter] Retrying automatic reconnect to /dev/cu.usbserial-10...
[2026-07-27T09:03:05.237Z] [INFO] 🖨️ [SerialPrinter] Opening serial connection to /dev/cu.usbserial-10 (19200 baud)...
[2026-07-27T09:03:05.238Z] [WARN] ⚠️ [SerialPrinter] Failed to open /dev/cu.usbserial-10: | {"raw":"Error: No such file or directory, cannot open /dev/cu.usbserial-10","friendly":"Error: No such file or directory, cannot open /dev/cu.usbserial-10"}
[2026-07-27T09:03:10.240Z] [INFO] 🔄 [SerialPrinter] Retrying automatic reconnect to /dev/cu.usbserial-10...
[2026-07-27T09:03:10.241Z] [INFO] 🖨️ [SerialPrinter] Opening serial connection to /dev/cu.usbserial-10 (19200 baud)...
[2026-07-27T09:03:10.242Z] [WARN] ⚠️ [SerialPrinter] Failed to open /dev/cu.usbserial-10: | {"raw":"Error: No such file or directory, cannot open /dev/cu.usbserial-10","friendly":"Error: No such file or directory, cannot open /dev/cu.usbserial-10"}
[2026-07-27T09:03:15.244Z] [INFO] 🔄 [SerialPrinter] Retrying automatic reconnect to /dev/cu.usbserial-10...
[2026-07-27T09:03:15.245Z] [INFO] 🖨️ [SerialPrinter] Opening serial connection to /dev/cu.usbserial-10 (19200 baud)...
[2026-07-27T09:03:15.246Z] [WARN] ⚠️ [SerialPrinter] Failed to open /dev/cu.usbserial-10: | {"raw":"Error: No such file or directory, cannot open /dev/cu.usbserial-10","friendly":"Error: No such file or directory, cannot open /dev/cu.usbserial-10"}
[2026-07-27T09:03:20.247Z] [INFO] 🔄 [SerialPrinter] Retrying automatic reconnect to /dev/cu.usbserial-10...
[2026-07-27T09:03:20.248Z] [INFO] 🖨️ [SerialPrinter] Opening serial connection to /dev/cu.usbserial-10 (19200 baud)...
[2026-07-27T09:03:20.248Z] [WARN] ⚠️ [SerialPrinter] Failed to open /dev/cu.usbserial-10: | {"raw":"Error: No such file or directory, cannot open /dev/cu.usbserial-10","friendly":"Error: No such file or directory, cannot open /dev/cu.usbserial-10"}
[2026-07-27T09:03:25.251Z] [INFO] 🔄 [SerialPrinter] Retrying automatic reconnect to /dev/cu.usbserial-10...
[2026-07-27T09:03:25.251Z] [INFO] 🖨️ [SerialPrinter] Opening serial connection to /dev/cu.usbserial-10 (19200 baud)...
[2026-07-27T09:03:25.252Z] [WARN] ⚠️ [SerialPrinter] Failed to open /dev/cu.usbserial-10: | {"raw":"Error: No such file or directory, cannot open /dev/cu.usbserial-10","friendly":"Error: No such file or directory, cannot open /dev/cu.usbserial-10"}
[2026-07-27T09:03:30.253Z] [INFO] 🔄 [SerialPrinter] Retrying automatic reconnect to /dev/cu.usbserial-10...
[2026-07-27T09:03:30.254Z] [INFO] 🖨️ [SerialPrinter] Opening serial connection to /dev/cu.usbserial-10 (19200 baud)...
[2026-07-27T09:03:30.255Z] [WARN] ⚠️ [SerialPrinter] Failed to open /dev/cu.usbserial-10: | {"raw":"Error: No such file or directory, cannot open /dev/cu.usbserial-10","friendly":"Error: No such file or directory, cannot open /dev/cu.usbserial-10"}
[2026-07-27T09:03:35.256Z] [INFO] 🔄 [SerialPrinter] Retrying automatic reconnect to /dev/cu.usbserial-10...
[2026-07-27T09:03:35.257Z] [INFO] 🖨️ [SerialPrinter] Opening serial connection to /dev/cu.usbserial-10 (19200 baud)...
[2026-07-27T09:03:35.260Z] [WARN] ⚠️ [SerialPrinter] Failed to open /dev/cu.usbserial-10: | {"raw":"Error: No such file or directory, cannot open /dev/cu.usbserial-10","friendly":"Error: No such file or directory, cannot open /dev/cu.usbserial-10"}
[2026-07-27T09:03:40.262Z] [INFO] 🔄 [SerialPrinter] Retrying automatic reconnect to /dev/cu.usbserial-10...
[2026-07-27T09:03:40.263Z] [INFO] 🖨️ [SerialPrinter] Opening serial connection to /dev/cu.usbserial-10 (19200 baud)...
[2026-07-27T09:03:40.263Z] [WARN] ⚠️ [SerialPrinter] Failed to open /dev/cu.usbserial-10: | {"raw":"Error: No such file or directory, cannot open /dev/cu.usbserial-10","friendly":"Error: No such file or directory, cannot open /dev/cu.usbserial-10"}
[2026-07-27T09:03:45.265Z] [INFO] 🔄 [SerialPrinter] Retrying automatic reconnect to /dev/cu.usbserial-10...
[2026-07-27T09:03:45.266Z] [INFO] 🖨️ [SerialPrinter] Opening serial connection to /dev/cu.usbserial-10 (19200 baud)...
[2026-07-27T09:03:45.267Z] [WARN] ⚠️ [SerialPrinter] Failed to open /dev/cu.usbserial-10: | {"raw":"Error: No such file or directory, cannot open /dev/cu.usbserial-10","friendly":"Error: No such file or directory, cannot open /dev/cu.usbserial-10"}
[2026-07-27T09:03:50.269Z] [INFO] 🔄 [SerialPrinter] Retrying automatic reconnect to /dev/cu.usbserial-10...
[2026-07-27T09:03:50.273Z] [INFO] 🖨️ [SerialPrinter] Opening serial connection to /dev/cu.usbserial-10 (19200 baud)...
[2026-07-27T09:03:50.274Z] [WARN] ⚠️ [SerialPrinter] Failed to open /dev/cu.usbserial-10: | {"raw":"Error: No such file or directory, cannot open /dev/cu.usbserial-10","friendly":"Error: No such file or directory, cannot open /dev/cu.usbserial-10"}
[2026-07-27T09:03:55.275Z] [INFO] 🔄 [SerialPrinter] Retrying automatic reconnect to /dev/cu.usbserial-10...
[2026-07-27T09:03:55.275Z] [INFO] 🖨️ [SerialPrinter] Opening serial connection to /dev/cu.usbserial-10 (19200 baud)...
[2026-07-27T09:03:55.276Z] [WARN] ⚠️ [SerialPrinter] Failed to open /dev/cu.usbserial-10: | {"raw":"Error: No such file or directory, cannot open /dev/cu.usbserial-10","friendly":"Error: No such file or directory, cannot open /dev/cu.usbserial-10"}
[2026-07-27T09:04:00.277Z] [INFO] 🔄 [SerialPrinter] Retrying automatic reconnect to /dev/cu.usbserial-10...
[2026-07-27T09:04:00.278Z] [INFO] 🖨️ [SerialPrinter] Opening serial connection to /dev/cu.usbserial-10 (19200 baud)...
[2026-07-27T09:04:00.279Z] [WARN] ⚠️ [SerialPrinter] Failed to open /dev/cu.usbserial-10: | {"raw":"Error: No such file or directory, cannot open /dev/cu.usbserial-10","friendly":"Error: No such file or directory, cannot open /dev/cu.usbserial-10"}
[2026-07-27T09:04:05.282Z] [INFO] 🔄 [SerialPrinter] Retrying automatic reconnect to /dev/cu.usbserial-10...
[2026-07-27T09:04:05.284Z] [INFO] 🖨️ [SerialPrinter] Opening serial connection to /dev/cu.usbserial-10 (19200 baud)...
[2026-07-27T09:04:05.287Z] [WARN] ⚠️ [SerialPrinter] Failed to open /dev/cu.usbserial-10: | {"raw":"Error: No such file or directory, cannot open /dev/cu.usbserial-10","friendly":"Error: No such file or directory, cannot open /dev/cu.usbserial-10"}
[2026-07-27T09:04:10.290Z] [INFO] 🔄 [SerialPrinter] Retrying automatic reconnect to /dev/cu.usbserial-10...
[2026-07-27T09:04:10.292Z] [INFO] 🖨️ [SerialPrinter] Opening serial connection to /dev/cu.usbserial-10 (19200 baud)...
[2026-07-27T09:04:10.295Z] [WARN] ⚠️ [SerialPrinter] Failed to open /dev/cu.usbserial-10: | {"raw":"Error: No such file or directory, cannot open /dev/cu.usbserial-10","friendly":"Error: No such file or directory, cannot open /dev/cu.usbserial-10"}
[2026-07-27T09:04:15.298Z] [INFO] 🔄 [SerialPrinter] Retrying automatic reconnect to /dev/cu.usbserial-10...
[2026-07-27T09:04:15.300Z] [INFO] 🖨️ [SerialPrinter] Opening serial connection to /dev/cu.usbserial-10 (19200 baud)...
[2026-07-27T09:04:15.301Z] [WARN] ⚠️ [SerialPrinter] Failed to open /dev/cu.usbserial-10: | {"raw":"Error: No such file or directory, cannot open /dev/cu.usbserial-10","friendly":"Error: No such file or directory, cannot open /dev/cu.usbserial-10"}
[2026-07-27T09:04:20.306Z] [INFO] 🔄 [SerialPrinter] Retrying automatic reconnect to /dev/cu.usbserial-10...
[2026-07-27T09:04:20.310Z] [INFO] 🖨️ [SerialPrinter] Opening serial connection to /dev/cu.usbserial-10 (19200 baud)...
[2026-07-27T09:04:20.314Z] [WARN] ⚠️ [SerialPrinter] Failed to open /dev/cu.usbserial-10: | {"raw":"Error: No such file or directory, cannot open /dev/cu.usbserial-10","friendly":"Error: No such file or directory, cannot open /dev/cu.usbserial-10"}
[2026-07-27T09:04:25.318Z] [INFO] 🔄 [SerialPrinter] Retrying automatic reconnect to /dev/cu.usbserial-10...
[2026-07-27T09:04:25.331Z] [INFO] 🖨️ [SerialPrinter] Opening serial connection to /dev/cu.usbserial-10 (19200 baud)...
[2026-07-27T09:04:25.341Z] [WARN] ⚠️ [SerialPrinter] Failed to open /dev/cu.usbserial-10: | {"raw":"Error: No such file or directory, cannot open /dev/cu.usbserial-10","friendly":"Error: No such file or directory, cannot open /dev/cu.usbserial-10"}
[2026-07-27T09:04:30.343Z] [INFO] 🔄 [SerialPrinter] Retrying automatic reconnect to /dev/cu.usbserial-10...
[2026-07-27T09:04:30.344Z] [INFO] 🖨️ [SerialPrinter] Opening serial connection to /dev/cu.usbserial-10 (19200 baud)...
[2026-07-27T09:04:30.347Z] [WARN] ⚠️ [SerialPrinter] Failed to open /dev/cu.usbserial-10: | {"raw":"Error: No such file or directory, cannot open /dev/cu.usbserial-10","friendly":"Error: No such file or directory, cannot open /dev/cu.usbserial-10"}
[2026-07-27T09:04:35.358Z] [INFO] 🔄 [SerialPrinter] Retrying automatic reconnect to /dev/cu.usbserial-10...
[2026-07-27T09:04:35.360Z] [INFO] 🖨️ [SerialPrinter] Opening serial connection to /dev/cu.usbserial-10 (19200 baud)...
[2026-07-27T09:04:35.362Z] [WARN] ⚠️ [SerialPrinter] Failed to open /dev/cu.usbserial-10: | {"raw":"Error: No such file or directory, cannot open /dev/cu.usbserial-10","friendly":"Error: No such file or directory, cannot open /dev/cu.usbserial-10"}
[2026-07-27T09:04:40.370Z] [INFO] 🔄 [SerialPrinter] Retrying automatic reconnect to /dev/cu.usbserial-10...
[2026-07-27T09:04:40.372Z] [INFO] 🖨️ [SerialPrinter] Opening serial connection to /dev/cu.usbserial-10 (19200 baud)...
[2026-07-27T09:04:40.373Z] [WARN] ⚠️ [SerialPrinter] Failed to open /dev/cu.usbserial-10: | {"raw":"Error: No such file or directory, cannot open /dev/cu.usbserial-10","friendly":"Error: No such file or directory, cannot open /dev/cu.usbserial-10"}
[2026-07-27T09:06:14.860Z] [INFO] 🖨️ [SerialPrinter] Initializing hardware driver on /dev/cu.usbserial-10 (Baud: 19200)...
[2026-07-27T09:06:14.865Z] [INFO] 🖨️ [SerialPrinter] Opening serial connection to /dev/cu.usbserial-10 (19200 baud)...
[2026-07-27T09:06:14.919Z] [WARN] ⚠️ [SerialPrinter] Failed to open /dev/cu.usbserial-10: | {"raw":"Error: No such file or directory, cannot open /dev/cu.usbserial-10","friendly":"Error: No such file or directory, cannot open /dev/cu.usbserial-10"}
[2026-07-27T09:06:19.921Z] [INFO] 🔄 [SerialPrinter] Retrying automatic reconnect to /dev/cu.usbserial-10...
[2026-07-27T09:06:19.923Z] [INFO] 🖨️ [SerialPrinter] Opening serial connection to /dev/cu.usbserial-10 (19200 baud)...
[2026-07-27T09:06:19.925Z] [WARN] ⚠️ [SerialPrinter] Failed to open /dev/cu.usbserial-10: | {"raw":"Error: No such file or directory, cannot open /dev/cu.usbserial-10","friendly":"Error: No such file or directory, cannot open /dev/cu.usbserial-10"}
[2026-07-27T09:06:24.927Z] [INFO] 🔄 [SerialPrinter] Retrying automatic reconnect to /dev/cu.usbserial-10...
[2026-07-27T09:06:24.929Z] [INFO] 🖨️ [SerialPrinter] Opening serial connection to /dev/cu.usbserial-10 (19200 baud)...
[2026-07-27T09:06:24.931Z] [WARN] ⚠️ [SerialPrinter] Failed to open /dev/cu.usbserial-10: | {"raw":"Error: No such file or directory, cannot open /dev/cu.usbserial-10","friendly":"Error: No such file or directory, cannot open /dev/cu.usbserial-10"}
[2026-07-27T09:06:29.933Z] [INFO] 🔄 [SerialPrinter] Retrying automatic reconnect to /dev/cu.usbserial-10...
[2026-07-27T09:06:29.934Z] [INFO] 🖨️ [SerialPrinter] Opening serial connection to /dev/cu.usbserial-10 (19200 baud)...
[2026-07-27T09:06:29.935Z] [WARN] ⚠️ [SerialPrinter] Failed to open /dev/cu.usbserial-10: | {"raw":"Error: No such file or directory, cannot open /dev/cu.usbserial-10","friendly":"Error: No such file or directory, cannot open /dev/cu.usbserial-10"}
[2026-07-27T09:06:34.936Z] [INFO] 🔄 [SerialPrinter] Retrying automatic reconnect to /dev/cu.usbserial-10...
[2026-07-27T09:06:34.937Z] [INFO] 🖨️ [SerialPrinter] Opening serial connection to /dev/cu.usbserial-10 (19200 baud)...
[2026-07-27T09:06:34.939Z] [WARN] ⚠️ [SerialPrinter] Failed to open /dev/cu.usbserial-10: | {"raw":"Error: No such file or directory, cannot open /dev/cu.usbserial-10","friendly":"Error: No such file or directory, cannot open /dev/cu.usbserial-10"}
[2026-07-27T09:06:39.941Z] [INFO] 🔄 [SerialPrinter] Retrying automatic reconnect to /dev/cu.usbserial-10...
[2026-07-27T09:06:39.943Z] [INFO] 🖨️ [SerialPrinter] Opening serial connection to /dev/cu.usbserial-10 (19200 baud)...
[2026-07-27T09:06:39.947Z] [WARN] ⚠️ [SerialPrinter] Failed to open /dev/cu.usbserial-10: | {"raw":"Error: No such file or directory, cannot open /dev/cu.usbserial-10","friendly":"Error: No such file or directory, cannot open /dev/cu.usbserial-10"}
[2026-07-27T09:06:44.949Z] [INFO] 🔄 [SerialPrinter] Retrying automatic reconnect to /dev/cu.usbserial-10...
[2026-07-27T09:06:44.950Z] [INFO] 🖨️ [SerialPrinter] Opening serial connection to /dev/cu.usbserial-10 (19200 baud)...
[2026-07-27T09:06:44.952Z] [WARN] ⚠️ [SerialPrinter] Failed to open /dev/cu.usbserial-10: | {"raw":"Error: No such file or directory, cannot open /dev/cu.usbserial-10","friendly":"Error: No such file or directory, cannot open /dev/cu.usbserial-10"}
[2026-07-27T09:06:49.953Z] [INFO] 🔄 [SerialPrinter] Retrying automatic reconnect to /dev/cu.usbserial-10...
[2026-07-27T09:06:49.954Z] [INFO] 🖨️ [SerialPrinter] Opening serial connection to /dev/cu.usbserial-10 (19200 baud)...
[2026-07-27T09:06:49.955Z] [WARN] ⚠️ [SerialPrinter] Failed to open /dev/cu.usbserial-10: | {"raw":"Error: No such file or directory, cannot open /dev/cu.usbserial-10","friendly":"Error: No such file or directory, cannot open /dev/cu.usbserial-10"}
[2026-07-27T09:06:54.957Z] [INFO] 🔄 [SerialPrinter] Retrying automatic reconnect to /dev/cu.usbserial-10...
[2026-07-27T09:06:54.958Z] [INFO] 🖨️ [SerialPrinter] Opening serial connection to /dev/cu.usbserial-10 (19200 baud)...
[2026-07-27T09:06:54.960Z] [WARN] ⚠️ [SerialPrinter] Failed to open /dev/cu.usbserial-10: | {"raw":"Error: No such file or directory, cannot open /dev/cu.usbserial-10","friendly":"Error: No such file or directory, cannot open /dev/cu.usbserial-10"}
[2026-07-27T09:06:59.962Z] [INFO] 🔄 [SerialPrinter] Retrying automatic reconnect to /dev/cu.usbserial-10...
[2026-07-27T09:06:59.963Z] [INFO] 🖨️ [SerialPrinter] Opening serial connection to /dev/cu.usbserial-10 (19200 baud)...
[2026-07-27T09:06:59.965Z] [WARN] ⚠️ [SerialPrinter] Failed to open /dev/cu.usbserial-10: | {"raw":"Error: No such file or directory, cannot open /dev/cu.usbserial-10","friendly":"Error: No such file or directory, cannot open /dev/cu.usbserial-10"}
[2026-07-27T09:07:04.966Z] [INFO] 🔄 [SerialPrinter] Retrying automatic reconnect to /dev/cu.usbserial-10...
[2026-07-27T09:07:04.967Z] [INFO] 🖨️ [SerialPrinter] Opening serial connection to /dev/cu.usbserial-10 (19200 baud)...
[2026-07-27T09:07:04.968Z] [WARN] ⚠️ [SerialPrinter] Failed to open /dev/cu.usbserial-10: | {"raw":"Error: No such file or directory, cannot open /dev/cu.usbserial-10","friendly":"Error: No such file or directory, cannot open /dev/cu.usbserial-10"}
[2026-07-27T09:07:09.970Z] [INFO] 🔄 [SerialPrinter] Retrying automatic reconnect to /dev/cu.usbserial-10...
[2026-07-27T09:07:09.972Z] [INFO] 🖨️ [SerialPrinter] Opening serial connection to /dev/cu.usbserial-10 (19200 baud)...
[2026-07-27T09:07:09.973Z] [WARN] ⚠️ [SerialPrinter] Failed to open /dev/cu.usbserial-10: | {"raw":"Error: No such file or directory, cannot open /dev/cu.usbserial-10","friendly":"Error: No such file or directory, cannot open /dev/cu.usbserial-10"}
[2026-07-27T09:07:14.974Z] [INFO] 🔄 [SerialPrinter] Retrying automatic reconnect to /dev/cu.usbserial-10...
[2026-07-27T09:07:14.978Z] [INFO] 🖨️ [SerialPrinter] Opening serial connection to /dev/cu.usbserial-10 (19200 baud)...
[2026-07-27T09:07:14.984Z] [WARN] ⚠️ [SerialPrinter] Failed to open /dev/cu.usbserial-10: | {"raw":"Error: No such file or directory, cannot open /dev/cu.usbserial-10","friendly":"Error: No such file or directory, cannot open /dev/cu.usbserial-10"}
[2026-07-27T09:07:19.987Z] [INFO] 🔄 [SerialPrinter] Retrying automatic reconnect to /dev/cu.usbserial-10...
[2026-07-27T09:07:19.988Z] [INFO] 🖨️ [SerialPrinter] Opening serial connection to /dev/cu.usbserial-10 (19200 baud)...
[2026-07-27T09:07:19.989Z] [WARN] ⚠️ [SerialPrinter] Failed to open /dev/cu.usbserial-10: | {"raw":"Error: No such file or directory, cannot open /dev/cu.usbserial-10","friendly":"Error: No such file or directory, cannot open /dev/cu.usbserial-10"}
[2026-07-27T09:07:24.990Z] [INFO] 🔄 [SerialPrinter] Retrying automatic reconnect to /dev/cu.usbserial-10...
[2026-07-27T09:07:24.992Z] [INFO] 🖨️ [SerialPrinter] Opening serial connection to /dev/cu.usbserial-10 (19200 baud)...
[2026-07-27T09:07:24.997Z] [WARN] ⚠️ [SerialPrinter] Failed to open /dev/cu.usbserial-10: | {"raw":"Error: No such file or directory, cannot open /dev/cu.usbserial-10","friendly":"Error: No such file or directory, cannot open /dev/cu.usbserial-10"}
[2026-07-27T09:07:29.999Z] [INFO] 🔄 [SerialPrinter] Retrying automatic reconnect to /dev/cu.usbserial-10...
[2026-07-27T09:07:30.000Z] [INFO] 🖨️ [SerialPrinter] Opening serial connection to /dev/cu.usbserial-10 (19200 baud)...
[2026-07-27T09:07:30.002Z] [WARN] ⚠️ [SerialPrinter] Failed to open /dev/cu.usbserial-10: | {"raw":"Error: No such file or directory, cannot open /dev/cu.usbserial-10","friendly":"Error: No such file or directory, cannot open /dev/cu.usbserial-10"}
[2026-07-27T09:07:35.003Z] [INFO] 🔄 [SerialPrinter] Retrying automatic reconnect to /dev/cu.usbserial-10...
[2026-07-27T09:07:35.003Z] [INFO] 🖨️ [SerialPrinter] Opening serial connection to /dev/cu.usbserial-10 (19200 baud)...
[2026-07-27T09:07:35.004Z] [WARN] ⚠️ [SerialPrinter] Failed to open /dev/cu.usbserial-10: | {"raw":"Error: No such file or directory, cannot open /dev/cu.usbserial-10","friendly":"Error: No such file or directory, cannot open /dev/cu.usbserial-10"}
[2026-07-27T09:07:40.005Z] [INFO] 🔄 [SerialPrinter] Retrying automatic reconnect to /dev/cu.usbserial-10...
[2026-07-27T09:07:40.006Z] [INFO] 🖨️ [SerialPrinter] Opening serial connection to /dev/cu.usbserial-10 (19200 baud)...
[2026-07-27T09:07:40.008Z] [WARN] ⚠️ [SerialPrinter] Failed to open /dev/cu.usbserial-10: | {"raw":"Error: No such file or directory, cannot open /dev/cu.usbserial-10","friendly":"Error: No such file or directory, cannot open /dev/cu.usbserial-10"}
[2026-07-27T09:07:45.009Z] [INFO] 🔄 [SerialPrinter] Retrying automatic reconnect to /dev/cu.usbserial-10...
[2026-07-27T09:07:45.009Z] [INFO] 🖨️ [SerialPrinter] Opening serial connection to /dev/cu.usbserial-10 (19200 baud)...
[2026-07-27T09:07:45.010Z] [WARN] ⚠️ [SerialPrinter] Failed to open /dev/cu.usbserial-10: | {"raw":"Error: No such file or directory, cannot open /dev/cu.usbserial-10","friendly":"Error: No such file or directory, cannot open /dev/cu.usbserial-10"}
[2026-07-27T09:07:50.012Z] [INFO] 🔄 [SerialPrinter] Retrying automatic reconnect to /dev/cu.usbserial-10...
[2026-07-27T09:07:50.013Z] [INFO] 🖨️ [SerialPrinter] Opening serial connection to /dev/cu.usbserial-10 (19200 baud)...
[2026-07-27T09:07:50.014Z] [WARN] ⚠️ [SerialPrinter] Failed to open /dev/cu.usbserial-10: | {"raw":"Error: No such file or directory, cannot open /dev/cu.usbserial-10","friendly":"Error: No such file or directory, cannot open /dev/cu.usbserial-10"}
[2026-07-27T09:07:55.016Z] [INFO] 🔄 [SerialPrinter] Retrying automatic reconnect to /dev/cu.usbserial-10...
[2026-07-27T09:07:55.017Z] [INFO] 🖨️ [SerialPrinter] Opening serial connection to /dev/cu.usbserial-10 (19200 baud)...
[2026-07-27T09:07:55.017Z] [WARN] ⚠️ [SerialPrinter] Failed to open /dev/cu.usbserial-10: | {"raw":"Error: No such file or directory, cannot open /dev/cu.usbserial-10","friendly":"Error: No such file or directory, cannot open /dev/cu.usbserial-10"}
[2026-07-27T09:08:00.020Z] [INFO] 🔄 [SerialPrinter] Retrying automatic reconnect to /dev/cu.usbserial-10...
[2026-07-27T09:08:00.022Z] [INFO] 🖨️ [SerialPrinter] Opening serial connection to /dev/cu.usbserial-10 (19200 baud)...
[2026-07-27T09:08:00.026Z] [WARN] ⚠️ [SerialPrinter] Failed to open /dev/cu.usbserial-10: | {"raw":"Error: No such file or directory, cannot open /dev/cu.usbserial-10","friendly":"Error: No such file or directory, cannot open /dev/cu.usbserial-10"}
[2026-07-27T09:08:02.815Z] [INFO] 🖨️ [SerialPrinter] Initializing hardware driver on /dev/cu.usbserial-10 (Baud: 19200)...
[2026-07-27T09:08:02.819Z] [INFO] 🖨️ [SerialPrinter] Opening serial connection to /dev/cu.usbserial-10 (19200 baud)...
[2026-07-27T09:08:02.873Z] [WARN] ⚠️ [SerialPrinter] Failed to open /dev/cu.usbserial-10: | {"raw":"Error: No such file or directory, cannot open /dev/cu.usbserial-10","friendly":"Error: No such file or directory, cannot open /dev/cu.usbserial-10"}
[2026-07-27T09:08:05.028Z] [INFO] 🔄 [SerialPrinter] Retrying automatic reconnect to /dev/cu.usbserial-10...
[2026-07-27T09:08:05.032Z] [INFO] 🖨️ [SerialPrinter] Opening serial connection to /dev/cu.usbserial-10 (19200 baud)...
[2026-07-27T09:08:05.035Z] [WARN] ⚠️ [SerialPrinter] Failed to open /dev/cu.usbserial-10: | {"raw":"Error: No such file or directory, cannot open /dev/cu.usbserial-10","friendly":"Error: No such file or directory, cannot open /dev/cu.usbserial-10"}
[2026-07-27T09:08:07.875Z] [INFO] 🔄 [SerialPrinter] Retrying automatic reconnect to /dev/cu.usbserial-10...
[2026-07-27T09:08:07.876Z] [INFO] 🖨️ [SerialPrinter] Opening serial connection to /dev/cu.usbserial-10 (19200 baud)...
[2026-07-27T09:08:07.877Z] [WARN] ⚠️ [SerialPrinter] Failed to open /dev/cu.usbserial-10: | {"raw":"Error: No such file or directory, cannot open /dev/cu.usbserial-10","friendly":"Error: No such file or directory, cannot open /dev/cu.usbserial-10"}
[2026-07-27T09:08:10.038Z] [INFO] 🔄 [SerialPrinter] Retrying automatic reconnect to /dev/cu.usbserial-10...
[2026-07-27T09:08:10.039Z] [INFO] 🖨️ [SerialPrinter] Opening serial connection to /dev/cu.usbserial-10 (19200 baud)...
[2026-07-27T09:08:10.041Z] [WARN] ⚠️ [SerialPrinter] Failed to open /dev/cu.usbserial-10: | {"raw":"Error: No such file or directory, cannot open /dev/cu.usbserial-10","friendly":"Error: No such file or directory, cannot open /dev/cu.usbserial-10"}
[2026-07-27T09:08:12.880Z] [INFO] 🔄 [SerialPrinter] Retrying automatic reconnect to /dev/cu.usbserial-10...
[2026-07-27T09:08:12.881Z] [INFO] 🖨️ [SerialPrinter] Opening serial connection to /dev/cu.usbserial-10 (19200 baud)...
[2026-07-27T09:08:12.881Z] [WARN] ⚠️ [SerialPrinter] Failed to open /dev/cu.usbserial-10: | {"raw":"Error: No such file or directory, cannot open /dev/cu.usbserial-10","friendly":"Error: No such file or directory, cannot open /dev/cu.usbserial-10"}
[2026-07-27T09:08:15.044Z] [INFO] 🔄 [SerialPrinter] Retrying automatic reconnect to /dev/cu.usbserial-10...
[2026-07-27T09:08:15.045Z] [INFO] 🖨️ [SerialPrinter] Opening serial connection to /dev/cu.usbserial-10 (19200 baud)...
[2026-07-27T09:08:15.047Z] [WARN] ⚠️ [SerialPrinter] Failed to open /dev/cu.usbserial-10: | {"raw":"Error: No such file or directory, cannot open /dev/cu.usbserial-10","friendly":"Error: No such file or directory, cannot open /dev/cu.usbserial-10"}
[2026-07-27T09:08:17.883Z] [INFO] 🔄 [SerialPrinter] Retrying automatic reconnect to /dev/cu.usbserial-10...
[2026-07-27T09:08:17.884Z] [INFO] 🖨️ [SerialPrinter] Opening serial connection to /dev/cu.usbserial-10 (19200 baud)...
[2026-07-27T09:08:17.885Z] [WARN] ⚠️ [SerialPrinter] Failed to open /dev/cu.usbserial-10: | {"raw":"Error: No such file or directory, cannot open /dev/cu.usbserial-10","friendly":"Error: No such file or directory, cannot open /dev/cu.usbserial-10"}
[2026-07-27T09:08:20.048Z] [INFO] 🔄 [SerialPrinter] Retrying automatic reconnect to /dev/cu.usbserial-10...
[2026-07-27T09:08:20.050Z] [INFO] 🖨️ [SerialPrinter] Opening serial connection to /dev/cu.usbserial-10 (19200 baud)...
[2026-07-27T09:08:20.051Z] [WARN] ⚠️ [SerialPrinter] Failed to open /dev/cu.usbserial-10: | {"raw":"Error: No such file or directory, cannot open /dev/cu.usbserial-10","friendly":"Error: No such file or directory, cannot open /dev/cu.usbserial-10"}
[2026-07-27T09:08:22.887Z] [INFO] 🔄 [SerialPrinter] Retrying automatic reconnect to /dev/cu.usbserial-10...
[2026-07-27T09:08:22.888Z] [INFO] 🖨️ [SerialPrinter] Opening serial connection to /dev/cu.usbserial-10 (19200 baud)...
[2026-07-27T09:08:22.889Z] [WARN] ⚠️ [SerialPrinter] Failed to open /dev/cu.usbserial-10: | {"raw":"Error: No such file or directory, cannot open /dev/cu.usbserial-10","friendly":"Error: No such file or directory, cannot open /dev/cu.usbserial-10"}
[2026-07-27T09:08:25.052Z] [INFO] 🔄 [SerialPrinter] Retrying automatic reconnect to /dev/cu.usbserial-10...
[2026-07-27T09:08:25.053Z] [INFO] 🖨️ [SerialPrinter] Opening serial connection to /dev/cu.usbserial-10 (19200 baud)...
[2026-07-27T09:08:25.063Z] [WARN] ⚠️ [SerialPrinter] Failed to open /dev/cu.usbserial-10: | {"raw":"Error: No such file or directory, cannot open /dev/cu.usbserial-10","friendly":"Error: No such file or directory, cannot open /dev/cu.usbserial-10"}
[2026-07-27T09:08:27.891Z] [INFO] 🔄 [SerialPrinter] Retrying automatic reconnect to /dev/cu.usbserial-10...
[2026-07-27T09:08:27.892Z] [INFO] 🖨️ [SerialPrinter] Opening serial connection to /dev/cu.usbserial-10 (19200 baud)...
[2026-07-27T09:08:27.894Z] [WARN] ⚠️ [SerialPrinter] Failed to open /dev/cu.usbserial-10: | {"raw":"Error: No such file or directory, cannot open /dev/cu.usbserial-10","friendly":"Error: No such file or directory, cannot open /dev/cu.usbserial-10"}
[2026-07-27T09:08:30.065Z] [INFO] 🔄 [SerialPrinter] Retrying automatic reconnect to /dev/cu.usbserial-10...
[2026-07-27T09:08:30.066Z] [INFO] 🖨️ [SerialPrinter] Opening serial connection to /dev/cu.usbserial-10 (19200 baud)...
[2026-07-27T09:08:30.068Z] [WARN] ⚠️ [SerialPrinter] Failed to open /dev/cu.usbserial-10: | {"raw":"Error: No such file or directory, cannot open /dev/cu.usbserial-10","friendly":"Error: No such file or directory, cannot open /dev/cu.usbserial-10"}
[2026-07-27T09:08:32.896Z] [INFO] 🔄 [SerialPrinter] Retrying automatic reconnect to /dev/cu.usbserial-10...
[2026-07-27T09:08:32.897Z] [INFO] 🖨️ [SerialPrinter] Opening serial connection to /dev/cu.usbserial-10 (19200 baud)...
[2026-07-27T09:08:32.899Z] [WARN] ⚠️ [SerialPrinter] Failed to open /dev/cu.usbserial-10: | {"raw":"Error: No such file or directory, cannot open /dev/cu.usbserial-10","friendly":"Error: No such file or directory, cannot open /dev/cu.usbserial-10"}
[2026-07-27T09:08:35.070Z] [INFO] 🔄 [SerialPrinter] Retrying automatic reconnect to /dev/cu.usbserial-10...
[2026-07-27T09:08:35.071Z] [INFO] 🖨️ [SerialPrinter] Opening serial connection to /dev/cu.usbserial-10 (19200 baud)...
[2026-07-27T09:08:35.072Z] [WARN] ⚠️ [SerialPrinter] Failed to open /dev/cu.usbserial-10: | {"raw":"Error: No such file or directory, cannot open /dev/cu.usbserial-10","friendly":"Error: No such file or directory, cannot open /dev/cu.usbserial-10"}
[2026-07-27T09:08:37.901Z] [INFO] 🔄 [SerialPrinter] Retrying automatic reconnect to /dev/cu.usbserial-10...
[2026-07-27T09:08:37.902Z] [INFO] 🖨️ [SerialPrinter] Opening serial connection to /dev/cu.usbserial-10 (19200 baud)...
[2026-07-27T09:08:37.960Z] [INFO] ✅ [SerialPrinter] Connected to thermal printer at /dev/cu.usbserial-10
[2026-07-27T09:08:40.074Z] [INFO] 🔄 [SerialPrinter] Retrying automatic reconnect to /dev/cu.usbserial-10...
[2026-07-27T09:08:40.076Z] [INFO] 🖨️ [SerialPrinter] Opening serial connection to /dev/cu.usbserial-10 (19200 baud)...
[2026-07-27T09:08:43.042Z] [INFO] ⚡ [SerialPrinter] DTR/RTS flow control signals asserted on /dev/cu.usbserial-10
[2026-07-27T09:08:43.042Z] [WARN] ⚠️ [SerialPrinter] Failed to open /dev/cu.usbserial-10: | {"raw":"Error Resource temporarily unavailable Cannot lock port","friendly":"Error Resource temporarily unavailable Cannot lock port"}
[2026-07-27T09:08:48.045Z] [INFO] 🔄 [SerialPrinter] Retrying automatic reconnect to /dev/cu.usbserial-10...
[2026-07-27T09:08:48.049Z] [INFO] 🖨️ [SerialPrinter] Opening serial connection to /dev/cu.usbserial-10 (19200 baud)...
[2026-07-27T09:08:48.190Z] [INFO] ✅ [SerialPrinter] Connected to thermal printer at /dev/cu.usbserial-10
[2026-07-27T09:08:53.231Z] [INFO] ⚡ [SerialPrinter] DTR/RTS flow control signals asserted on /dev/cu.usbserial-10
[2026-07-27T09:09:05.281Z] [INFO] 🔍 [PrinterService] Discovered 14 hardware serial ports.
[2026-07-27T09:09:05.284Z] [INFO] 🔍 [PrinterService] Discovered 14 hardware serial ports.
[2026-07-27T09:11:36.873Z] [INFO] 🔍 [PrinterService] Discovered 14 hardware serial ports.
[2026-07-27T09:12:30.625Z] [INFO] 📥 [PrintQueue] Job JOB-1785143550625-326 (KOT) enqueued. Waiting jobs: 1
[2026-07-27T09:12:30.633Z] [INFO] 🖨️ [PrintQueue] Processing job JOB-1785143550625-326 (KOT)...
[2026-07-27T09:12:36.054Z] [INFO] ✅ [SerialPrinter] Sent 640 bytes successfully to /dev/cu.usbserial-10
[2026-07-27T09:12:55.023Z] [INFO] 📥 [PrintQueue] Job JOB-1785143575023-637 (KOT) enqueued. Waiting jobs: 1
[2026-07-27T09:12:55.024Z] [INFO] 🖨️ [PrintQueue] Processing job JOB-1785143575023-637 (KOT)...
[2026-07-27T09:13:00.404Z] [INFO] ✅ [SerialPrinter] Sent 512 bytes successfully to /dev/cu.usbserial-10
[2026-07-27T09:14:57.695Z] [INFO] 🔍 [PrinterService] Discovered 14 hardware serial ports.
[2026-07-27T09:15:27.653Z] [INFO] 📥 [PrintQueue] Job JOB-1785143727653-705 (KOT) enqueued. Waiting jobs: 1
[2026-07-27T09:15:27.654Z] [INFO] 🖨️ [PrintQueue] Processing job JOB-1785143727653-705 (KOT)...
[2026-07-27T09:15:33.043Z] [INFO] ✅ [SerialPrinter] Sent 512 bytes successfully to /dev/cu.usbserial-10
[2026-07-27T09:16:59.733Z] [INFO] 🔍 [PrinterService] Discovered 14 hardware serial ports.
[2026-07-27T09:34:29.965Z] [INFO] 🔍 [PrinterService] Discovered 14 hardware serial ports.
[2026-07-27T09:34:29.972Z] [INFO] 🔍 [PrinterService] Discovered 14 hardware serial ports.
[2026-07-27T09:34:36.658Z] [INFO] 🔍 [PrinterService] Discovered 14 hardware serial ports.
[2026-07-27T09:34:36.663Z] [INFO] 🔍 [PrinterService] Discovered 14 hardware serial ports.
[2026-07-27T09:34:45.241Z] [INFO] 🔍 [PrinterService] Discovered 14 hardware serial ports.
[2026-07-27T09:34:45.247Z] [INFO] 🔍 [PrinterService] Discovered 14 hardware serial ports.
[2026-07-27T09:36:07.916Z] [INFO] 📥 [PrintQueue] Job JOB-1785144967916-473 (BILL) enqueued. Waiting jobs: 1
[2026-07-27T09:36:07.917Z] [INFO] 🖨️ [PrintQueue] Processing job JOB-1785144967916-473 (BILL)...
[2026-07-27T09:36:07.922Z] [ERROR] ❌ [SerialPrinter] Write error on /dev/cu.usbserial-10: | {"error":"Printer disconnected or powered off."}
[2026-07-27T09:36:07.924Z] [ERROR] ❌ [PrintQueue] Job JOB-1785144967916-473 failed: | {"error":"Printer disconnected or powered off."}
[2026-07-27T09:36:07.925Z] [ERROR] ❌ [SerialPrinter] Hardware error on /dev/cu.usbserial-10: | {"raw":"ENXIO: no such device or address, write","friendly":"Printer disconnected or powered off."}
[2026-07-27T09:36:07.925Z] [WARN] ⚠️ [SerialPrinter] Serial port /dev/cu.usbserial-10 closed.
[2026-07-27T09:36:07.925Z] [WARN] ⚠️ [SerialPrinter] Serial port /dev/cu.usbserial-10 closed.
[2026-07-27T09:36:12.926Z] [INFO] 🔄 [SerialPrinter] Retrying automatic reconnect to /dev/cu.usbserial-10...
[2026-07-27T09:36:12.928Z] [INFO] 🖨️ [SerialPrinter] Opening serial connection to /dev/cu.usbserial-10 (19200 baud)...
[2026-07-27T09:36:12.990Z] [INFO] ✅ [SerialPrinter] Connected to thermal printer at /dev/cu.usbserial-10
[2026-07-27T09:36:16.621Z] [INFO] ⚡ [SerialPrinter] DTR/RTS flow control signals asserted on /dev/cu.usbserial-10
[2026-07-27T09:36:22.479Z] [INFO] 📥 [PrintQueue] Job JOB-1785144982479-203 (BILL) enqueued. Waiting jobs: 1
[2026-07-27T09:36:22.479Z] [INFO] 🖨️ [PrintQueue] Processing job JOB-1785144982479-203 (BILL)...
[2026-07-27T09:36:22.480Z] [ERROR] ❌ [SerialPrinter] Write error on /dev/cu.usbserial-10: | {"error":"Printer disconnected or powered off."}
[2026-07-27T09:36:22.480Z] [ERROR] ❌ [PrintQueue] Job JOB-1785144982479-203 failed: | {"error":"Printer disconnected or powered off."}
[2026-07-27T09:36:22.481Z] [ERROR] ❌ [SerialPrinter] Hardware error on /dev/cu.usbserial-10: | {"raw":"ENXIO: no such device or address, write","friendly":"Printer disconnected or powered off."}
[2026-07-27T09:36:22.482Z] [WARN] ⚠️ [SerialPrinter] Serial port /dev/cu.usbserial-10 closed.
[2026-07-27T09:36:22.483Z] [WARN] ⚠️ [SerialPrinter] Serial port /dev/cu.usbserial-10 closed.
[2026-07-27T09:36:27.483Z] [INFO] 🔄 [SerialPrinter] Retrying automatic reconnect to /dev/cu.usbserial-10...
[2026-07-27T09:36:27.484Z] [INFO] 🖨️ [SerialPrinter] Opening serial connection to /dev/cu.usbserial-10 (19200 baud)...
[2026-07-27T09:36:27.546Z] [INFO] ✅ [SerialPrinter] Connected to thermal printer at /dev/cu.usbserial-10
[2026-07-27T09:36:32.571Z] [INFO] ⚡ [SerialPrinter] DTR/RTS flow control signals asserted on /dev/cu.usbserial-10
[2026-07-27T09:36:55.920Z] [INFO] 📥 [PrintQueue] Job JOB-1785145015920-25 (KOT) enqueued. Waiting jobs: 1
[2026-07-27T09:36:55.921Z] [INFO] 🖨️ [PrintQueue] Processing job JOB-1785145015920-25 (KOT)...
[2026-07-27T09:37:01.302Z] [INFO] ✅ [SerialPrinter] Sent 512 bytes successfully to /dev/cu.usbserial-10
[2026-07-27T09:37:42.584Z] [INFO] 📥 [PrintQueue] Job JOB-1785145062584-812 (BILL) enqueued. Waiting jobs: 1
[2026-07-27T09:37:42.585Z] [INFO] 🖨️ [PrintQueue] Processing job JOB-1785145062584-812 (BILL)...
[2026-07-27T09:37:48.332Z] [INFO] ✅ [SerialPrinter] Sent 1057 bytes successfully to /dev/cu.usbserial-10
[2026-07-27T09:45:18.246Z] [INFO] 📥 [PrintQueue] Job JOB-1785145518246-827 (BILL) enqueued. Waiting jobs: 1
[2026-07-27T09:45:18.247Z] [INFO] 🖨️ [PrintQueue] Processing job JOB-1785145518246-827 (BILL)...
[2026-07-27T09:45:24.116Z] [INFO] ✅ [SerialPrinter] Sent 1268 bytes successfully to /dev/cu.usbserial-10
[2026-07-27T09:47:51.383Z] [INFO] 📥 [PrintQueue] Job JOB-1785145671383-476 (BILL) enqueued. Waiting jobs: 1
[2026-07-27T09:47:51.384Z] [INFO] 🖨️ [PrintQueue] Processing job JOB-1785145671383-476 (BILL)...
[2026-07-27T09:47:57.087Z] [INFO] ✅ [SerialPrinter] Sent 1057 bytes successfully to /dev/cu.usbserial-10
[2026-07-27T09:49:11.636Z] [INFO] 🔍 [PrinterService] Discovered 14 hardware serial ports.
[2026-07-27T09:49:11.641Z] [INFO] 🔍 [PrinterService] Discovered 14 hardware serial ports.
[2026-07-27T09:50:12.056Z] [INFO] 📥 [PrintQueue] Job JOB-1785145812056-696 (BILL) enqueued. Waiting jobs: 1
[2026-07-27T09:50:12.057Z] [INFO] 🖨️ [PrintQueue] Processing job JOB-1785145812056-696 (BILL)...
[2026-07-27T09:50:17.752Z] [INFO] ✅ [SerialPrinter] Sent 1057 bytes successfully to /dev/cu.usbserial-10
[2026-07-27T09:57:00.138Z] [INFO] 🔍 [PrinterService] Discovered 13 hardware serial ports.
[2026-07-27T09:57:00.143Z] [INFO] 🔍 [PrinterService] Discovered 13 hardware serial ports.
[2026-07-27T10:02:16.649Z] [INFO] 📥 [PrintQueue] Job JOB-1785146536649-278 (BILL) enqueued. Waiting jobs: 1
[2026-07-27T10:02:16.652Z] [INFO] 🖨️ [PrintQueue] Processing job JOB-1785146536649-278 (BILL)...
[2026-07-27T10:02:16.662Z] [ERROR] ❌ [SerialPrinter] Write error on /dev/cu.usbserial-10: | {"error":"Printer disconnected or powered off."}
[2026-07-27T10:02:16.663Z] [ERROR] ❌ [PrintQueue] Job JOB-1785146536649-278 failed: | {"error":"Printer disconnected or powered off."}
[2026-07-27T10:02:16.664Z] [ERROR] ❌ [SerialPrinter] Hardware error on /dev/cu.usbserial-10: | {"raw":"ENXIO: no such device or address, write","friendly":"Printer disconnected or powered off."}
[2026-07-27T10:02:16.664Z] [WARN] ⚠️ [SerialPrinter] Serial port /dev/cu.usbserial-10 closed.
[2026-07-27T10:02:16.664Z] [WARN] ⚠️ [SerialPrinter] Serial port /dev/cu.usbserial-10 closed.
[2026-07-27T10:02:21.667Z] [INFO] 🔄 [SerialPrinter] Retrying automatic reconnect to /dev/cu.usbserial-10...
[2026-07-27T10:02:21.677Z] [INFO] 🖨️ [SerialPrinter] Opening serial connection to /dev/cu.usbserial-10 (19200 baud)...
[2026-07-27T10:02:21.686Z] [WARN] ⚠️ [SerialPrinter] Failed to open /dev/cu.usbserial-10: | {"raw":"Error: No such file or directory, cannot open /dev/cu.usbserial-10","friendly":"Error: No such file or directory, cannot open /dev/cu.usbserial-10"}
[2026-07-27T10:02:26.689Z] [INFO] 🔄 [SerialPrinter] Retrying automatic reconnect to /dev/cu.usbserial-10...
[2026-07-27T10:02:26.689Z] [INFO] 🖨️ [SerialPrinter] Opening serial connection to /dev/cu.usbserial-10 (19200 baud)...
[2026-07-27T10:02:26.691Z] [WARN] ⚠️ [SerialPrinter] Failed to open /dev/cu.usbserial-10: | {"raw":"Error: No such file or directory, cannot open /dev/cu.usbserial-10","friendly":"Error: No such file or directory, cannot open /dev/cu.usbserial-10"}
[2026-07-27T10:02:31.693Z] [INFO] 🔄 [SerialPrinter] Retrying automatic reconnect to /dev/cu.usbserial-10...
[2026-07-27T10:02:31.695Z] [INFO] 🖨️ [SerialPrinter] Opening serial connection to /dev/cu.usbserial-10 (19200 baud)...
[2026-07-27T10:02:31.699Z] [WARN] ⚠️ [SerialPrinter] Failed to open /dev/cu.usbserial-10: | {"raw":"Error: No such file or directory, cannot open /dev/cu.usbserial-10","friendly":"Error: No such file or directory, cannot open /dev/cu.usbserial-10"}
[2026-07-27T10:02:36.700Z] [INFO] 🔄 [SerialPrinter] Retrying automatic reconnect to /dev/cu.usbserial-10...
[2026-07-27T10:02:36.701Z] [INFO] 🖨️ [SerialPrinter] Opening serial connection to /dev/cu.usbserial-10 (19200 baud)...
[2026-07-27T10:02:36.702Z] [WARN] ⚠️ [SerialPrinter] Failed to open /dev/cu.usbserial-10: | {"raw":"Error: No such file or directory, cannot open /dev/cu.usbserial-10","friendly":"Error: No such file or directory, cannot open /dev/cu.usbserial-10"}
[2026-07-27T10:02:41.702Z] [INFO] 🔄 [SerialPrinter] Retrying automatic reconnect to /dev/cu.usbserial-10...
[2026-07-27T10:02:41.703Z] [INFO] 🖨️ [SerialPrinter] Opening serial connection to /dev/cu.usbserial-10 (19200 baud)...
[2026-07-27T10:02:41.705Z] [WARN] ⚠️ [SerialPrinter] Failed to open /dev/cu.usbserial-10: | {"raw":"Error: No such file or directory, cannot open /dev/cu.usbserial-10","friendly":"Error: No such file or directory, cannot open /dev/cu.usbserial-10"}
[2026-07-27T10:02:46.706Z] [INFO] 🔄 [SerialPrinter] Retrying automatic reconnect to /dev/cu.usbserial-10...
[2026-07-27T10:02:46.708Z] [INFO] 🖨️ [SerialPrinter] Opening serial connection to /dev/cu.usbserial-10 (19200 baud)...
[2026-07-27T10:02:46.709Z] [WARN] ⚠️ [SerialPrinter] Failed to open /dev/cu.usbserial-10: | {"raw":"Error: No such file or directory, cannot open /dev/cu.usbserial-10","friendly":"Error: No such file or directory, cannot open /dev/cu.usbserial-10"}
[2026-07-27T10:02:51.716Z] [INFO] 🔄 [SerialPrinter] Retrying automatic reconnect to /dev/cu.usbserial-10...
[2026-07-27T10:02:51.721Z] [INFO] 🖨️ [SerialPrinter] Opening serial connection to /dev/cu.usbserial-10 (19200 baud)...
[2026-07-27T10:02:51.723Z] [WARN] ⚠️ [SerialPrinter] Failed to open /dev/cu.usbserial-10: | {"raw":"Error: No such file or directory, cannot open /dev/cu.usbserial-10","friendly":"Error: No such file or directory, cannot open /dev/cu.usbserial-10"}
[2026-07-27T10:02:56.725Z] [INFO] 🔄 [SerialPrinter] Retrying automatic reconnect to /dev/cu.usbserial-10...
[2026-07-27T10:02:56.726Z] [INFO] 🖨️ [SerialPrinter] Opening serial connection to /dev/cu.usbserial-10 (19200 baud)...
[2026-07-27T10:02:56.726Z] [WARN] ⚠️ [SerialPrinter] Failed to open /dev/cu.usbserial-10: | {"raw":"Error: No such file or directory, cannot open /dev/cu.usbserial-10","friendly":"Error: No such file or directory, cannot open /dev/cu.usbserial-10"}
[2026-07-27T10:03:01.727Z] [INFO] 🔄 [SerialPrinter] Retrying automatic reconnect to /dev/cu.usbserial-10...
[2026-07-27T10:03:01.728Z] [INFO] 🖨️ [SerialPrinter] Opening serial connection to /dev/cu.usbserial-10 (19200 baud)...
[2026-07-27T10:03:01.730Z] [WARN] ⚠️ [SerialPrinter] Failed to open /dev/cu.usbserial-10: | {"raw":"Error: No such file or directory, cannot open /dev/cu.usbserial-10","friendly":"Error: No such file or directory, cannot open /dev/cu.usbserial-10"}
[2026-07-27T10:03:06.731Z] [INFO] 🔄 [SerialPrinter] Retrying automatic reconnect to /dev/cu.usbserial-10...
[2026-07-27T10:03:06.735Z] [INFO] 🖨️ [SerialPrinter] Opening serial connection to /dev/cu.usbserial-10 (19200 baud)...
[2026-07-27T10:03:06.737Z] [WARN] ⚠️ [SerialPrinter] Failed to open /dev/cu.usbserial-10: | {"raw":"Error: No such file or directory, cannot open /dev/cu.usbserial-10","friendly":"Error: No such file or directory, cannot open /dev/cu.usbserial-10"}
[2026-07-27T10:03:11.739Z] [INFO] 🔄 [SerialPrinter] Retrying automatic reconnect to /dev/cu.usbserial-10...
[2026-07-27T10:03:11.739Z] [INFO] 🖨️ [SerialPrinter] Opening serial connection to /dev/cu.usbserial-10 (19200 baud)...
[2026-07-27T10:03:11.739Z] [WARN] ⚠️ [SerialPrinter] Failed to open /dev/cu.usbserial-10: | {"raw":"Error: No such file or directory, cannot open /dev/cu.usbserial-10","friendly":"Error: No such file or directory, cannot open /dev/cu.usbserial-10"}
[2026-07-27T10:03:16.741Z] [INFO] 🔄 [SerialPrinter] Retrying automatic reconnect to /dev/cu.usbserial-10...
[2026-07-27T10:03:16.741Z] [INFO] 🖨️ [SerialPrinter] Opening serial connection to /dev/cu.usbserial-10 (19200 baud)...
[2026-07-27T10:03:16.742Z] [WARN] ⚠️ [SerialPrinter] Failed to open /dev/cu.usbserial-10: | {"raw":"Error: No such file or directory, cannot open /dev/cu.usbserial-10","friendly":"Error: No such file or directory, cannot open /dev/cu.usbserial-10"}
[2026-07-27T10:03:21.745Z] [INFO] 🔄 [SerialPrinter] Retrying automatic reconnect to /dev/cu.usbserial-10...
[2026-07-27T10:03:21.749Z] [INFO] 🖨️ [SerialPrinter] Opening serial connection to /dev/cu.usbserial-10 (19200 baud)...
[2026-07-27T10:03:21.752Z] [WARN] ⚠️ [SerialPrinter] Failed to open /dev/cu.usbserial-10: | {"raw":"Error: No such file or directory, cannot open /dev/cu.usbserial-10","friendly":"Error: No such file or directory, cannot open /dev/cu.usbserial-10"}
[2026-07-27T10:03:26.754Z] [INFO] 🔄 [SerialPrinter] Retrying automatic reconnect to /dev/cu.usbserial-10...
[2026-07-27T10:03:26.754Z] [INFO] 🖨️ [SerialPrinter] Opening serial connection to /dev/cu.usbserial-10 (19200 baud)...
[2026-07-27T10:03:26.754Z] [WARN] ⚠️ [SerialPrinter] Failed to open /dev/cu.usbserial-10: | {"raw":"Error: No such file or directory, cannot open /dev/cu.usbserial-10","friendly":"Error: No such file or directory, cannot open /dev/cu.usbserial-10"}
[2026-07-27T10:03:31.756Z] [INFO] 🔄 [SerialPrinter] Retrying automatic reconnect to /dev/cu.usbserial-10...
[2026-07-27T10:03:31.757Z] [INFO] 🖨️ [SerialPrinter] Opening serial connection to /dev/cu.usbserial-10 (19200 baud)...
[2026-07-27T10:03:31.757Z] [WARN] ⚠️ [SerialPrinter] Failed to open /dev/cu.usbserial-10: | {"raw":"Error: No such file or directory, cannot open /dev/cu.usbserial-10","friendly":"Error: No such file or directory, cannot open /dev/cu.usbserial-10"}
[2026-07-27T10:03:36.759Z] [INFO] 🔄 [SerialPrinter] Retrying automatic reconnect to /dev/cu.usbserial-10...
[2026-07-27T10:03:36.760Z] [INFO] 🖨️ [SerialPrinter] Opening serial connection to /dev/cu.usbserial-10 (19200 baud)...
[2026-07-27T10:03:36.761Z] [WARN] ⚠️ [SerialPrinter] Failed to open /dev/cu.usbserial-10: | {"raw":"Error: No such file or directory, cannot open /dev/cu.usbserial-10","friendly":"Error: No such file or directory, cannot open /dev/cu.usbserial-10"}
[2026-07-27T10:03:41.763Z] [INFO] 🔄 [SerialPrinter] Retrying automatic reconnect to /dev/cu.usbserial-10...
[2026-07-27T10:03:41.765Z] [INFO] 🖨️ [SerialPrinter] Opening serial connection to /dev/cu.usbserial-10 (19200 baud)...
[2026-07-27T10:03:41.767Z] [WARN] ⚠️ [SerialPrinter] Failed to open /dev/cu.usbserial-10: | {"raw":"Error: No such file or directory, cannot open /dev/cu.usbserial-10","friendly":"Error: No such file or directory, cannot open /dev/cu.usbserial-10"}
[2026-07-27T10:03:46.769Z] [INFO] 🔄 [SerialPrinter] Retrying automatic reconnect to /dev/cu.usbserial-10...
[2026-07-27T10:03:46.770Z] [INFO] 🖨️ [SerialPrinter] Opening serial connection to /dev/cu.usbserial-10 (19200 baud)...
[2026-07-27T10:03:46.771Z] [WARN] ⚠️ [SerialPrinter] Failed to open /dev/cu.usbserial-10: | {"raw":"Error: No such file or directory, cannot open /dev/cu.usbserial-10","friendly":"Error: No such file or directory, cannot open /dev/cu.usbserial-10"}
[2026-07-27T10:03:51.777Z] [INFO] 🔄 [SerialPrinter] Retrying automatic reconnect to /dev/cu.usbserial-10...
[2026-07-27T10:03:51.778Z] [INFO] 🖨️ [SerialPrinter] Opening serial connection to /dev/cu.usbserial-10 (19200 baud)...
[2026-07-27T10:03:51.778Z] [WARN] ⚠️ [SerialPrinter] Failed to open /dev/cu.usbserial-10: | {"raw":"Error: No such file or directory, cannot open /dev/cu.usbserial-10","friendly":"Error: No such file or directory, cannot open /dev/cu.usbserial-10"}
[2026-07-27T10:03:56.780Z] [INFO] 🔄 [SerialPrinter] Retrying automatic reconnect to /dev/cu.usbserial-10...
[2026-07-27T10:03:56.781Z] [INFO] 🖨️ [SerialPrinter] Opening serial connection to /dev/cu.usbserial-10 (19200 baud)...
[2026-07-27T10:03:56.781Z] [WARN] ⚠️ [SerialPrinter] Failed to open /dev/cu.usbserial-10: | {"raw":"Error: No such file or directory, cannot open /dev/cu.usbserial-10","friendly":"Error: No such file or directory, cannot open /dev/cu.usbserial-10"}
[2026-07-27T10:04:01.782Z] [INFO] 🔄 [SerialPrinter] Retrying automatic reconnect to /dev/cu.usbserial-10...
[2026-07-27T10:04:01.783Z] [INFO] 🖨️ [SerialPrinter] Opening serial connection to /dev/cu.usbserial-10 (19200 baud)...
[2026-07-27T10:04:01.785Z] [WARN] ⚠️ [SerialPrinter] Failed to open /dev/cu.usbserial-10: | {"raw":"Error: No such file or directory, cannot open /dev/cu.usbserial-10","friendly":"Error: No such file or directory, cannot open /dev/cu.usbserial-10"}
[2026-07-27T10:04:06.786Z] [INFO] 🔄 [SerialPrinter] Retrying automatic reconnect to /dev/cu.usbserial-10...
[2026-07-27T10:04:06.787Z] [INFO] 🖨️ [SerialPrinter] Opening serial connection to /dev/cu.usbserial-10 (19200 baud)...
[2026-07-27T10:04:06.788Z] [WARN] ⚠️ [SerialPrinter] Failed to open /dev/cu.usbserial-10: | {"raw":"Error: No such file or directory, cannot open /dev/cu.usbserial-10","friendly":"Error: No such file or directory, cannot open /dev/cu.usbserial-10"}
[2026-07-27T10:04:11.789Z] [INFO] 🔄 [SerialPrinter] Retrying automatic reconnect to /dev/cu.usbserial-10...
[2026-07-27T10:04:11.790Z] [INFO] 🖨️ [SerialPrinter] Opening serial connection to /dev/cu.usbserial-10 (19200 baud)...
[2026-07-27T10:04:11.791Z] [WARN] ⚠️ [SerialPrinter] Failed to open /dev/cu.usbserial-10: | {"raw":"Error: No such file or directory, cannot open /dev/cu.usbserial-10","friendly":"Error: No such file or directory, cannot open /dev/cu.usbserial-10"}
[2026-07-27T10:04:16.794Z] [INFO] 🔄 [SerialPrinter] Retrying automatic reconnect to /dev/cu.usbserial-10...
[2026-07-27T10:04:16.795Z] [INFO] 🖨️ [SerialPrinter] Opening serial connection to /dev/cu.usbserial-10 (19200 baud)...
[2026-07-27T10:04:16.796Z] [WARN] ⚠️ [SerialPrinter] Failed to open /dev/cu.usbserial-10: | {"raw":"Error: No such file or directory, cannot open /dev/cu.usbserial-10","friendly":"Error: No such file or directory, cannot open /dev/cu.usbserial-10"}
[2026-07-27T10:04:18.654Z] [INFO] 📥 [PrintQueue] Job JOB-1785146658654-527 (BILL) enqueued. Waiting jobs: 1
[2026-07-27T10:04:18.655Z] [INFO] 🖨️ [PrintQueue] Processing job JOB-1785146658654-527 (BILL)...
[2026-07-27T10:04:18.655Z] [INFO] 🖨️ [SerialPrinter] Opening serial connection to /dev/cu.usbserial-10 (19200 baud)...
[2026-07-27T10:04:18.659Z] [ERROR] ❌ [PrintQueue] Job JOB-1785146658654-527 failed: | {"error":"Error: No such file or directory, cannot open /dev/cu.usbserial-10"}
[2026-07-27T10:04:18.661Z] [WARN] ⚠️ [SerialPrinter] Failed to open /dev/cu.usbserial-10: | {"raw":"Error: No such file or directory, cannot open /dev/cu.usbserial-10","friendly":"Error: No such file or directory, cannot open /dev/cu.usbserial-10"}
[2026-07-27T10:04:21.796Z] [INFO] 🔄 [SerialPrinter] Retrying automatic reconnect to /dev/cu.usbserial-10...
[2026-07-27T10:04:21.797Z] [INFO] 🖨️ [SerialPrinter] Opening serial connection to /dev/cu.usbserial-10 (19200 baud)...
[2026-07-27T10:04:21.798Z] [WARN] ⚠️ [SerialPrinter] Failed to open /dev/cu.usbserial-10: | {"raw":"Error: No such file or directory, cannot open /dev/cu.usbserial-10","friendly":"Error: No such file or directory, cannot open /dev/cu.usbserial-10"}
[2026-07-27T10:04:26.800Z] [INFO] 🔄 [SerialPrinter] Retrying automatic reconnect to /dev/cu.usbserial-10...
[2026-07-27T10:04:26.801Z] [INFO] 🖨️ [SerialPrinter] Opening serial connection to /dev/cu.usbserial-10 (19200 baud)...
[2026-07-27T10:04:26.802Z] [WARN] ⚠️ [SerialPrinter] Failed to open /dev/cu.usbserial-10: | {"raw":"Error: No such file or directory, cannot open /dev/cu.usbserial-10","friendly":"Error: No such file or directory, cannot open /dev/cu.usbserial-10"}
[2026-07-27T10:04:29.269Z] [INFO] 📥 [PrintQueue] Job JOB-1785146669269-863 (BILL) enqueued. Waiting jobs: 1
[2026-07-27T10:04:29.269Z] [INFO] 🖨️ [PrintQueue] Processing job JOB-1785146669269-863 (BILL)...
[2026-07-27T10:04:29.270Z] [INFO] 🖨️ [SerialPrinter] Opening serial connection to /dev/cu.usbserial-10 (19200 baud)...
[2026-07-27T10:04:29.271Z] [ERROR] ❌ [PrintQueue] Job JOB-1785146669269-863 failed: | {"error":"Error: No such file or directory, cannot open /dev/cu.usbserial-10"}
[2026-07-27T10:04:29.325Z] [INFO] ✅ [SerialPrinter] Connected to thermal printer at /dev/cu.usbserial-10
[2026-07-27T10:04:31.804Z] [INFO] 🔄 [SerialPrinter] Retrying automatic reconnect to /dev/cu.usbserial-10...
[2026-07-27T10:04:34.404Z] [INFO] ⚡ [SerialPrinter] DTR/RTS flow control signals asserted on /dev/cu.usbserial-10
[2026-07-27T10:04:42.827Z] [INFO] 📥 [PrintQueue] Job JOB-1785146682827-240 (BILL) enqueued. Waiting jobs: 1
[2026-07-27T10:04:42.828Z] [INFO] 🖨️ [PrintQueue] Processing job JOB-1785146682827-240 (BILL)...
[2026-07-27T10:04:42.829Z] [ERROR] ❌ [SerialPrinter] Write error on /dev/cu.usbserial-10: | {"error":"Printer disconnected or powered off."}
[2026-07-27T10:04:42.830Z] [ERROR] ❌ [PrintQueue] Job JOB-1785146682827-240 failed: | {"error":"Printer disconnected or powered off."}
[2026-07-27T10:04:42.831Z] [ERROR] ❌ [SerialPrinter] Hardware error on /dev/cu.usbserial-10: | {"raw":"ENXIO: no such device or address, write","friendly":"Printer disconnected or powered off."}
[2026-07-27T10:04:42.831Z] [WARN] ⚠️ [SerialPrinter] Serial port /dev/cu.usbserial-10 closed.
[2026-07-27T10:04:42.831Z] [WARN] ⚠️ [SerialPrinter] Serial port /dev/cu.usbserial-10 closed.
[2026-07-27T10:04:47.832Z] [INFO] 🔄 [SerialPrinter] Retrying automatic reconnect to /dev/cu.usbserial-10...
[2026-07-27T10:04:47.833Z] [INFO] 🖨️ [SerialPrinter] Opening serial connection to /dev/cu.usbserial-10 (19200 baud)...
[2026-07-27T10:04:47.835Z] [WARN] ⚠️ [SerialPrinter] Failed to open /dev/cu.usbserial-10: | {"raw":"Error: No such file or directory, cannot open /dev/cu.usbserial-10","friendly":"Error: No such file or directory, cannot open /dev/cu.usbserial-10"}
[2026-07-27T10:04:49.625Z] [INFO] 📥 [PrintQueue] Job JOB-1785146689625-676 (BILL) enqueued. Waiting jobs: 1
[2026-07-27T10:04:49.626Z] [INFO] 🖨️ [PrintQueue] Processing job JOB-1785146689625-676 (BILL)...
[2026-07-27T10:04:49.626Z] [INFO] 🖨️ [SerialPrinter] Opening serial connection to /dev/cu.usbserial-10 (19200 baud)...
[2026-07-27T10:04:49.627Z] [ERROR] ❌ [PrintQueue] Job JOB-1785146689625-676 failed: | {"error":"Error: No such file or directory, cannot open /dev/cu.usbserial-10"}
[2026-07-27T10:04:49.628Z] [WARN] ⚠️ [SerialPrinter] Failed to open /dev/cu.usbserial-10: | {"raw":"Error: No such file or directory, cannot open /dev/cu.usbserial-10","friendly":"Error: No such file or directory, cannot open /dev/cu.usbserial-10"}
[2026-07-27T10:04:52.837Z] [INFO] 🔄 [SerialPrinter] Retrying automatic reconnect to /dev/cu.usbserial-10...
[2026-07-27T10:04:52.837Z] [INFO] 🖨️ [SerialPrinter] Opening serial connection to /dev/cu.usbserial-10 (19200 baud)...
[2026-07-27T10:04:52.838Z] [WARN] ⚠️ [SerialPrinter] Failed to open /dev/cu.usbserial-10: | {"raw":"Error: No such file or directory, cannot open /dev/cu.usbserial-10","friendly":"Error: No such file or directory, cannot open /dev/cu.usbserial-10"}
[2026-07-27T10:04:57.841Z] [INFO] 🔄 [SerialPrinter] Retrying automatic reconnect to /dev/cu.usbserial-10...
[2026-07-27T10:04:57.843Z] [INFO] 🖨️ [SerialPrinter] Opening serial connection to /dev/cu.usbserial-10 (19200 baud)...
[2026-07-27T10:04:57.845Z] [WARN] ⚠️ [SerialPrinter] Failed to open /dev/cu.usbserial-10: | {"raw":"Error: No such file or directory, cannot open /dev/cu.usbserial-10","friendly":"Error: No such file or directory, cannot open /dev/cu.usbserial-10"}
[2026-07-27T10:05:02.846Z] [INFO] 🔄 [SerialPrinter] Retrying automatic reconnect to /dev/cu.usbserial-10...
[2026-07-27T10:05:02.849Z] [INFO] 🖨️ [SerialPrinter] Opening serial connection to /dev/cu.usbserial-10 (19200 baud)...
[2026-07-27T10:05:02.851Z] [WARN] ⚠️ [SerialPrinter] Failed to open /dev/cu.usbserial-10: | {"raw":"Error: No such file or directory, cannot open /dev/cu.usbserial-10","friendly":"Error: No such file or directory, cannot open /dev/cu.usbserial-10"}
[2026-07-27T10:05:07.854Z] [INFO] 🔄 [SerialPrinter] Retrying automatic reconnect to /dev/cu.usbserial-10...
[2026-07-27T10:05:07.855Z] [INFO] 🖨️ [SerialPrinter] Opening serial connection to /dev/cu.usbserial-10 (19200 baud)...
[2026-07-27T10:05:07.856Z] [WARN] ⚠️ [SerialPrinter] Failed to open /dev/cu.usbserial-10: | {"raw":"Error: No such file or directory, cannot open /dev/cu.usbserial-10","friendly":"Error: No such file or directory, cannot open /dev/cu.usbserial-10"}
[2026-07-27T10:05:12.857Z] [INFO] 🔄 [SerialPrinter] Retrying automatic reconnect to /dev/cu.usbserial-10...
[2026-07-27T10:05:12.859Z] [INFO] 🖨️ [SerialPrinter] Opening serial connection to /dev/cu.usbserial-10 (19200 baud)...
[2026-07-27T10:05:12.861Z] [WARN] ⚠️ [SerialPrinter] Failed to open /dev/cu.usbserial-10: | {"raw":"Error: No such file or directory, cannot open /dev/cu.usbserial-10","friendly":"Error: No such file or directory, cannot open /dev/cu.usbserial-10"}
[2026-07-27T10:05:17.864Z] [INFO] 🔄 [SerialPrinter] Retrying automatic reconnect to /dev/cu.usbserial-10...
[2026-07-27T10:05:17.865Z] [INFO] 🖨️ [SerialPrinter] Opening serial connection to /dev/cu.usbserial-10 (19200 baud)...
[2026-07-27T10:05:17.866Z] [WARN] ⚠️ [SerialPrinter] Failed to open /dev/cu.usbserial-10: | {"raw":"Error: No such file or directory, cannot open /dev/cu.usbserial-10","friendly":"Error: No such file or directory, cannot open /dev/cu.usbserial-10"}
[2026-07-27T10:05:22.867Z] [INFO] 🔄 [SerialPrinter] Retrying automatic reconnect to /dev/cu.usbserial-10...
[2026-07-27T10:05:22.868Z] [INFO] 🖨️ [SerialPrinter] Opening serial connection to /dev/cu.usbserial-10 (19200 baud)...
[2026-07-27T10:05:22.869Z] [WARN] ⚠️ [SerialPrinter] Failed to open /dev/cu.usbserial-10: | {"raw":"Error: No such file or directory, cannot open /dev/cu.usbserial-10","friendly":"Error: No such file or directory, cannot open /dev/cu.usbserial-10"}
[2026-07-27T10:05:27.871Z] [INFO] 🔄 [SerialPrinter] Retrying automatic reconnect to /dev/cu.usbserial-10...
[2026-07-27T10:05:27.872Z] [INFO] 🖨️ [SerialPrinter] Opening serial connection to /dev/cu.usbserial-10 (19200 baud)...
[2026-07-27T10:05:27.874Z] [WARN] ⚠️ [SerialPrinter] Failed to open /dev/cu.usbserial-10: | {"raw":"Error: No such file or directory, cannot open /dev/cu.usbserial-10","friendly":"Error: No such file or directory, cannot open /dev/cu.usbserial-10"}
[2026-07-27T10:05:32.875Z] [INFO] 🔄 [SerialPrinter] Retrying automatic reconnect to /dev/cu.usbserial-10...
[2026-07-27T10:05:32.875Z] [INFO] 🖨️ [SerialPrinter] Opening serial connection to /dev/cu.usbserial-10 (19200 baud)...
[2026-07-27T10:05:32.876Z] [WARN] ⚠️ [SerialPrinter] Failed to open /dev/cu.usbserial-10: | {"raw":"Error: No such file or directory, cannot open /dev/cu.usbserial-10","friendly":"Error: No such file or directory, cannot open /dev/cu.usbserial-10"}
[2026-07-27T10:05:37.877Z] [INFO] 🔄 [SerialPrinter] Retrying automatic reconnect to /dev/cu.usbserial-10...
[2026-07-27T10:05:37.878Z] [INFO] 🖨️ [SerialPrinter] Opening serial connection to /dev/cu.usbserial-10 (19200 baud)...
[2026-07-27T10:05:37.879Z] [WARN] ⚠️ [SerialPrinter] Failed to open /dev/cu.usbserial-10: | {"raw":"Error: No such file or directory, cannot open /dev/cu.usbserial-10","friendly":"Error: No such file or directory, cannot open /dev/cu.usbserial-10"}
[2026-07-27T10:05:42.880Z] [INFO] 🔄 [SerialPrinter] Retrying automatic reconnect to /dev/cu.usbserial-10...
[2026-07-27T10:05:42.881Z] [INFO] 🖨️ [SerialPrinter] Opening serial connection to /dev/cu.usbserial-10 (19200 baud)...
[2026-07-27T10:05:42.883Z] [WARN] ⚠️ [SerialPrinter] Failed to open /dev/cu.usbserial-10: | {"raw":"Error: No such file or directory, cannot open /dev/cu.usbserial-10","friendly":"Error: No such file or directory, cannot open /dev/cu.usbserial-10"}
[2026-07-27T10:05:47.884Z] [INFO] 🔄 [SerialPrinter] Retrying automatic reconnect to /dev/cu.usbserial-10...
[2026-07-27T10:05:47.885Z] [INFO] 🖨️ [SerialPrinter] Opening serial connection to /dev/cu.usbserial-10 (19200 baud)...
[2026-07-27T10:05:47.886Z] [WARN] ⚠️ [SerialPrinter] Failed to open /dev/cu.usbserial-10: | {"raw":"Error: No such file or directory, cannot open /dev/cu.usbserial-10","friendly":"Error: No such file or directory, cannot open /dev/cu.usbserial-10"}
[2026-07-27T10:05:48.228Z] [INFO] 📥 [PrintQueue] Job JOB-1785146748228-592 (KOT) enqueued. Waiting jobs: 1
[2026-07-27T10:05:48.229Z] [INFO] 🖨️ [PrintQueue] Processing job JOB-1785146748228-592 (KOT)...
[2026-07-27T10:05:48.230Z] [INFO] 🖨️ [SerialPrinter] Opening serial connection to /dev/cu.usbserial-10 (19200 baud)...
[2026-07-27T10:05:48.230Z] [ERROR] ❌ [PrintQueue] Job JOB-1785146748228-592 failed: | {"error":"Error: No such file or directory, cannot open /dev/cu.usbserial-10"}
[2026-07-27T10:05:48.232Z] [WARN] ⚠️ [SerialPrinter] Failed to open /dev/cu.usbserial-10: | {"raw":"Error: No such file or directory, cannot open /dev/cu.usbserial-10","friendly":"Error: No such file or directory, cannot open /dev/cu.usbserial-10"}
[2026-07-27T10:05:52.882Z] [INFO] 🔄 [SerialPrinter] Retrying automatic reconnect to /dev/cu.usbserial-10...
[2026-07-27T10:05:52.883Z] [INFO] 🖨️ [SerialPrinter] Opening serial connection to /dev/cu.usbserial-10 (19200 baud)...
[2026-07-27T10:05:52.884Z] [WARN] ⚠️ [SerialPrinter] Failed to open /dev/cu.usbserial-10: | {"raw":"Error: No such file or directory, cannot open /dev/cu.usbserial-10","friendly":"Error: No such file or directory, cannot open /dev/cu.usbserial-10"}
[2026-07-27T10:05:57.876Z] [INFO] 🔄 [SerialPrinter] Retrying automatic reconnect to /dev/cu.usbserial-10...
[2026-07-27T10:05:57.877Z] [INFO] 🖨️ [SerialPrinter] Opening serial connection to /dev/cu.usbserial-10 (19200 baud)...
[2026-07-27T10:05:57.877Z] [WARN] ⚠️ [SerialPrinter] Failed to open /dev/cu.usbserial-10: | {"raw":"Error: No such file or directory, cannot open /dev/cu.usbserial-10","friendly":"Error: No such file or directory, cannot open /dev/cu.usbserial-10"}
[2026-07-27T10:06:02.873Z] [INFO] 🔄 [SerialPrinter] Retrying automatic reconnect to /dev/cu.usbserial-10...
[2026-07-27T10:06:02.874Z] [INFO] 🖨️ [SerialPrinter] Opening serial connection to /dev/cu.usbserial-10 (19200 baud)...
[2026-07-27T10:06:02.874Z] [WARN] ⚠️ [SerialPrinter] Failed to open /dev/cu.usbserial-10: | {"raw":"Error: No such file or directory, cannot open /dev/cu.usbserial-10","friendly":"Error: No such file or directory, cannot open /dev/cu.usbserial-10"}
[2026-07-27T10:06:07.872Z] [INFO] 🔄 [SerialPrinter] Retrying automatic reconnect to /dev/cu.usbserial-10...
[2026-07-27T10:06:07.874Z] [INFO] 🖨️ [SerialPrinter] Opening serial connection to /dev/cu.usbserial-10 (19200 baud)...
[2026-07-27T10:06:07.876Z] [WARN] ⚠️ [SerialPrinter] Failed to open /dev/cu.usbserial-10: | {"raw":"Error: No such file or directory, cannot open /dev/cu.usbserial-10","friendly":"Error: No such file or directory, cannot open /dev/cu.usbserial-10"}
[2026-07-27T10:06:12.879Z] [INFO] 🔄 [SerialPrinter] Retrying automatic reconnect to /dev/cu.usbserial-10...
[2026-07-27T10:06:12.879Z] [INFO] 🖨️ [SerialPrinter] Opening serial connection to /dev/cu.usbserial-10 (19200 baud)...
[2026-07-27T10:06:12.880Z] [WARN] ⚠️ [SerialPrinter] Failed to open /dev/cu.usbserial-10: | {"raw":"Error: No such file or directory, cannot open /dev/cu.usbserial-10","friendly":"Error: No such file or directory, cannot open /dev/cu.usbserial-10"}
[2026-07-27T10:06:17.879Z] [INFO] 🔄 [SerialPrinter] Retrying automatic reconnect to /dev/cu.usbserial-10...
[2026-07-27T10:06:17.880Z] [INFO] 🖨️ [SerialPrinter] Opening serial connection to /dev/cu.usbserial-10 (19200 baud)...
[2026-07-27T10:06:17.881Z] [WARN] ⚠️ [SerialPrinter] Failed to open /dev/cu.usbserial-10: | {"raw":"Error: No such file or directory, cannot open /dev/cu.usbserial-10","friendly":"Error: No such file or directory, cannot open /dev/cu.usbserial-10"}
[2026-07-27T10:06:22.881Z] [INFO] 🔄 [SerialPrinter] Retrying automatic reconnect to /dev/cu.usbserial-10...
[2026-07-27T10:06:22.882Z] [INFO] 🖨️ [SerialPrinter] Opening serial connection to /dev/cu.usbserial-10 (19200 baud)...
[2026-07-27T10:06:22.883Z] [WARN] ⚠️ [SerialPrinter] Failed to open /dev/cu.usbserial-10: | {"raw":"Error: No such file or directory, cannot open /dev/cu.usbserial-10","friendly":"Error: No such file or directory, cannot open /dev/cu.usbserial-10"}
[2026-07-27T10:06:27.884Z] [INFO] 🔄 [SerialPrinter] Retrying automatic reconnect to /dev/cu.usbserial-10...
[2026-07-27T10:06:27.885Z] [INFO] 🖨️ [SerialPrinter] Opening serial connection to /dev/cu.usbserial-10 (19200 baud)...
[2026-07-27T10:06:27.887Z] [WARN] ⚠️ [SerialPrinter] Failed to open /dev/cu.usbserial-10: | {"raw":"Error: No such file or directory, cannot open /dev/cu.usbserial-10","friendly":"Error: No such file or directory, cannot open /dev/cu.usbserial-10"}
[2026-07-27T10:06:32.887Z] [INFO] 🔄 [SerialPrinter] Retrying automatic reconnect to /dev/cu.usbserial-10...
[2026-07-27T10:06:32.887Z] [INFO] 🖨️ [SerialPrinter] Opening serial connection to /dev/cu.usbserial-10 (19200 baud)...
[2026-07-27T10:06:32.888Z] [WARN] ⚠️ [SerialPrinter] Failed to open /dev/cu.usbserial-10: | {"raw":"Error: No such file or directory, cannot open /dev/cu.usbserial-10","friendly":"Error: No such file or directory, cannot open /dev/cu.usbserial-10"}
[2026-07-27T10:06:37.889Z] [INFO] 🔄 [SerialPrinter] Retrying automatic reconnect to /dev/cu.usbserial-10...
[2026-07-27T10:06:37.889Z] [INFO] 🖨️ [SerialPrinter] Opening serial connection to /dev/cu.usbserial-10 (19200 baud)...
[2026-07-27T10:06:37.889Z] [WARN] ⚠️ [SerialPrinter] Failed to open /dev/cu.usbserial-10: | {"raw":"Error: No such file or directory, cannot open /dev/cu.usbserial-10","friendly":"Error: No such file or directory, cannot open /dev/cu.usbserial-10"}
[2026-07-27T10:06:42.889Z] [INFO] 🔄 [SerialPrinter] Retrying automatic reconnect to /dev/cu.usbserial-10...
[2026-07-27T10:06:42.890Z] [INFO] 🖨️ [SerialPrinter] Opening serial connection to /dev/cu.usbserial-10 (19200 baud)...
[2026-07-27T10:06:42.891Z] [WARN] ⚠️ [SerialPrinter] Failed to open /dev/cu.usbserial-10: | {"raw":"Error: No such file or directory, cannot open /dev/cu.usbserial-10","friendly":"Error: No such file or directory, cannot open /dev/cu.usbserial-10"}
[2026-07-27T10:06:47.895Z] [INFO] 🔄 [SerialPrinter] Retrying automatic reconnect to /dev/cu.usbserial-10...
[2026-07-27T10:06:47.896Z] [INFO] 🖨️ [SerialPrinter] Opening serial connection to /dev/cu.usbserial-10 (19200 baud)...
[2026-07-27T10:06:47.896Z] [WARN] ⚠️ [SerialPrinter] Failed to open /dev/cu.usbserial-10: | {"raw":"Error: No such file or directory, cannot open /dev/cu.usbserial-10","friendly":"Error: No such file or directory, cannot open /dev/cu.usbserial-10"}
[2026-07-27T10:06:52.897Z] [INFO] 🔄 [SerialPrinter] Retrying automatic reconnect to /dev/cu.usbserial-10...
[2026-07-27T10:06:52.898Z] [INFO] 🖨️ [SerialPrinter] Opening serial connection to /dev/cu.usbserial-10 (19200 baud)...
[2026-07-27T10:06:52.899Z] [WARN] ⚠️ [SerialPrinter] Failed to open /dev/cu.usbserial-10: | {"raw":"Error: No such file or directory, cannot open /dev/cu.usbserial-10","friendly":"Error: No such file or directory, cannot open /dev/cu.usbserial-10"}
[2026-07-27T10:06:57.901Z] [INFO] 🔄 [SerialPrinter] Retrying automatic reconnect to /dev/cu.usbserial-10...
[2026-07-27T10:06:57.902Z] [INFO] 🖨️ [SerialPrinter] Opening serial connection to /dev/cu.usbserial-10 (19200 baud)...
[2026-07-27T10:06:57.903Z] [WARN] ⚠️ [SerialPrinter] Failed to open /dev/cu.usbserial-10: | {"raw":"Error: No such file or directory, cannot open /dev/cu.usbserial-10","friendly":"Error: No such file or directory, cannot open /dev/cu.usbserial-10"}
[2026-07-27T10:07:02.904Z] [INFO] 🔄 [SerialPrinter] Retrying automatic reconnect to /dev/cu.usbserial-10...
[2026-07-27T10:07:02.905Z] [INFO] 🖨️ [SerialPrinter] Opening serial connection to /dev/cu.usbserial-10 (19200 baud)...
[2026-07-27T10:07:02.906Z] [WARN] ⚠️ [SerialPrinter] Failed to open /dev/cu.usbserial-10: | {"raw":"Error: No such file or directory, cannot open /dev/cu.usbserial-10","friendly":"Error: No such file or directory, cannot open /dev/cu.usbserial-10"}
[2026-07-27T10:07:07.908Z] [INFO] 🔄 [SerialPrinter] Retrying automatic reconnect to /dev/cu.usbserial-10...
[2026-07-27T10:07:07.909Z] [INFO] 🖨️ [SerialPrinter] Opening serial connection to /dev/cu.usbserial-10 (19200 baud)...
[2026-07-27T10:07:07.910Z] [WARN] ⚠️ [SerialPrinter] Failed to open /dev/cu.usbserial-10: | {"raw":"Error: No such file or directory, cannot open /dev/cu.usbserial-10","friendly":"Error: No such file or directory, cannot open /dev/cu.usbserial-10"}
[2026-07-27T10:07:12.912Z] [INFO] 🔄 [SerialPrinter] Retrying automatic reconnect to /dev/cu.usbserial-10...
[2026-07-27T10:07:12.914Z] [INFO] 🖨️ [SerialPrinter] Opening serial connection to /dev/cu.usbserial-10 (19200 baud)...
[2026-07-27T10:07:12.915Z] [WARN] ⚠️ [SerialPrinter] Failed to open /dev/cu.usbserial-10: | {"raw":"Error: No such file or directory, cannot open /dev/cu.usbserial-10","friendly":"Error: No such file or directory, cannot open /dev/cu.usbserial-10"}
[2026-07-27T10:07:17.917Z] [INFO] 🔄 [SerialPrinter] Retrying automatic reconnect to /dev/cu.usbserial-10...
[2026-07-27T10:07:17.918Z] [INFO] 🖨️ [SerialPrinter] Opening serial connection to /dev/cu.usbserial-10 (19200 baud)...
[2026-07-27T10:07:17.919Z] [WARN] ⚠️ [SerialPrinter] Failed to open /dev/cu.usbserial-10: | {"raw":"Error: No such file or directory, cannot open /dev/cu.usbserial-10","friendly":"Error: No such file or directory, cannot open /dev/cu.usbserial-10"}
[2026-07-27T10:07:22.921Z] [INFO] 🔄 [SerialPrinter] Retrying automatic reconnect to /dev/cu.usbserial-10...
[2026-07-27T10:07:22.922Z] [INFO] 🖨️ [SerialPrinter] Opening serial connection to /dev/cu.usbserial-10 (19200 baud)...
[2026-07-27T10:07:22.923Z] [WARN] ⚠️ [SerialPrinter] Failed to open /dev/cu.usbserial-10: | {"raw":"Error: No such file or directory, cannot open /dev/cu.usbserial-10","friendly":"Error: No such file or directory, cannot open /dev/cu.usbserial-10"}
[2026-07-27T10:07:27.925Z] [INFO] 🔄 [SerialPrinter] Retrying automatic reconnect to /dev/cu.usbserial-10...
[2026-07-27T10:07:27.926Z] [INFO] 🖨️ [SerialPrinter] Opening serial connection to /dev/cu.usbserial-10 (19200 baud)...
[2026-07-27T10:07:27.926Z] [WARN] ⚠️ [SerialPrinter] Failed to open /dev/cu.usbserial-10: | {"raw":"Error: No such file or directory, cannot open /dev/cu.usbserial-10","friendly":"Error: No such file or directory, cannot open /dev/cu.usbserial-10"}
[2026-07-27T10:07:32.927Z] [INFO] 🔄 [SerialPrinter] Retrying automatic reconnect to /dev/cu.usbserial-10...
[2026-07-27T10:07:32.928Z] [INFO] 🖨️ [SerialPrinter] Opening serial connection to /dev/cu.usbserial-10 (19200 baud)...
[2026-07-27T10:07:32.929Z] [WARN] ⚠️ [SerialPrinter] Failed to open /dev/cu.usbserial-10: | {"raw":"Error: No such file or directory, cannot open /dev/cu.usbserial-10","friendly":"Error: No such file or directory, cannot open /dev/cu.usbserial-10"}
[2026-07-27T10:07:37.931Z] [INFO] 🔄 [SerialPrinter] Retrying automatic reconnect to /dev/cu.usbserial-10...
[2026-07-27T10:07:37.932Z] [INFO] 🖨️ [SerialPrinter] Opening serial connection to /dev/cu.usbserial-10 (19200 baud)...
[2026-07-27T10:07:37.933Z] [WARN] ⚠️ [SerialPrinter] Failed to open /dev/cu.usbserial-10: | {"raw":"Error: No such file or directory, cannot open /dev/cu.usbserial-10","friendly":"Error: No such file or directory, cannot open /dev/cu.usbserial-10"}
[2026-07-27T10:09:49.343Z] [INFO] 🖨️ [SerialPrinter] Initializing hardware driver on /dev/cu.usbserial-10 (Baud: 19200)...
[2026-07-27T10:09:49.396Z] [INFO] 🔍 [SerialPrinter] Auto-detected active USB printer port: /dev/cu.usbserial-110 (was /dev/cu.usbserial-10). Updating config...
[2026-07-27T10:09:49.396Z] [INFO] Saved new printer configuration to printer.json | {"port":"/dev/cu.usbserial-110","baudRate":19200,"updatedAt":"2026-07-27T10:09:49.396Z"}
[2026-07-27T10:09:49.396Z] [INFO] 🖨️ [SerialPrinter] Opening serial connection to /dev/cu.usbserial-110 (19200 baud)...
[2026-07-27T10:09:49.451Z] [INFO] ✅ [SerialPrinter] Connected to thermal printer at /dev/cu.usbserial-110
[2026-07-27T10:09:54.493Z] [INFO] ⚡ [SerialPrinter] DTR/RTS flow control signals asserted on /dev/cu.usbserial-110
[2026-07-27T10:10:12.452Z] [INFO] 📥 [PrintQueue] Job JOB-1785147012452-619 (TEST) enqueued. Waiting jobs: 1
[2026-07-27T10:10:12.453Z] [INFO] 🖨️ [PrintQueue] Processing job JOB-1785147012452-619 (TEST)...
[2026-07-27T10:10:17.648Z] [INFO] ✅ [SerialPrinter] Sent 238 bytes successfully to /dev/cu.usbserial-110
[2026-07-27T10:10:59.263Z] [INFO] 📥 [PrintQueue] Job JOB-1785147059263-459 (BILL) enqueued. Waiting jobs: 1
[2026-07-27T10:10:59.265Z] [INFO] 🖨️ [PrintQueue] Processing job JOB-1785147059263-459 (BILL)...
[2026-07-27T10:11:04.853Z] [INFO] ✅ [SerialPrinter] Sent 829 bytes successfully to /dev/cu.usbserial-110
[2026-07-27T10:17:42.109Z] [INFO] 🖨️ [SerialPrinter] Initializing hardware driver on /dev/cu.usbserial-110 (Baud: 19200)...
[2026-07-27T10:17:42.165Z] [INFO] 🖨️ [SerialPrinter] Opening serial connection to /dev/cu.usbserial-110 (19200 baud)...
[2026-07-27T10:17:42.218Z] [INFO] ✅ [SerialPrinter] Connected to thermal printer at /dev/cu.usbserial-110
[2026-07-27T10:17:47.300Z] [INFO] ⚡ [SerialPrinter] DTR/RTS flow control signals asserted on /dev/cu.usbserial-110
[2026-07-27T10:18:44.638Z] [INFO] 📥 [PrintQueue] Job JOB-1785147524638-193 (BILL) enqueued. Waiting jobs: 1
[2026-07-27T10:18:44.638Z] [INFO] 🖨️ [PrintQueue] Processing job JOB-1785147524638-193 (BILL)...
[2026-07-27T10:18:50.325Z] [INFO] ✅ [SerialPrinter] Sent 1030 bytes successfully to /dev/cu.usbserial-110
[2026-07-27T10:18:50.346Z] [INFO] 📥 [PrintQueue] Job JOB-1785147530346-391 (KOT) enqueued. Waiting jobs: 1
[2026-07-27T10:18:50.346Z] [INFO] 🖨️ [PrintQueue] Processing job JOB-1785147530346-391 (KOT)...
[2026-07-27T10:18:55.841Z] [INFO] ✅ [SerialPrinter] Sent 642 bytes successfully to /dev/cu.usbserial-110
[2026-07-27T10:19:20.719Z] [INFO] 🔍 [PrinterService] Discovered 14 hardware serial ports.
[2026-07-27T10:19:20.730Z] [INFO] 🔍 [PrinterService] Discovered 14 hardware serial ports.
[2026-07-27T10:20:13.545Z] [INFO] 📥 [PrintQueue] Job JOB-1785147613545-814 (BILL) enqueued. Waiting jobs: 1
[2026-07-27T10:20:13.546Z] [INFO] 🖨️ [PrintQueue] Processing job JOB-1785147613545-814 (BILL)...
[2026-07-27T10:20:19.139Z] [INFO] ✅ [SerialPrinter] Sent 874 bytes successfully to /dev/cu.usbserial-110
[2026-07-27T10:26:13.400Z] [INFO] 📥 [PrintQueue] Job JOB-1785147973400-970 (BILL) enqueued. Waiting jobs: 1
[2026-07-27T10:26:13.401Z] [INFO] 🖨️ [PrintQueue] Processing job JOB-1785147973400-970 (BILL)...
[2026-07-27T10:26:19.041Z] [INFO] ✅ [SerialPrinter] Sent 874 bytes successfully to /dev/cu.usbserial-110
[2026-07-27T10:30:19.477Z] [INFO] 📥 [PrintQueue] Job JOB-1785148219476-970 (KOT) enqueued. Waiting jobs: 1
[2026-07-27T10:30:19.479Z] [INFO] 🖨️ [PrintQueue] Processing job JOB-1785148219476-970 (KOT)...
[2026-07-27T10:30:24.859Z] [INFO] ✅ [SerialPrinter] Sent 514 bytes successfully to /dev/cu.usbserial-110
[2026-07-27T10:30:37.041Z] [INFO] 📥 [PrintQueue] Job JOB-1785148237041-258 (KOT) enqueued. Waiting jobs: 1
[2026-07-27T10:30:37.042Z] [INFO] 🖨️ [PrintQueue] Processing job JOB-1785148237041-258 (KOT)...
[2026-07-27T10:30:42.422Z] [INFO] ✅ [SerialPrinter] Sent 514 bytes successfully to /dev/cu.usbserial-110
[2026-07-27T10:31:13.903Z] [INFO] 📥 [PrintQueue] Job JOB-1785148273902-868 (BILL) enqueued. Waiting jobs: 1
[2026-07-27T10:31:13.903Z] [INFO] 🖨️ [PrintQueue] Processing job JOB-1785148273902-868 (BILL)...
[2026-07-27T10:31:19.520Z] [INFO] ✅ [SerialPrinter] Sent 874 bytes successfully to /dev/cu.usbserial-110
[2026-07-27T10:36:30.026Z] [INFO] 🔍 [PrinterService] Discovered 14 hardware serial ports.
[2026-07-27T10:36:30.031Z] [INFO] 🔍 [PrinterService] Discovered 14 hardware serial ports.
[2026-07-27T10:37:27.960Z] [INFO] 🖨️ [SerialPrinter] Initializing hardware driver on /dev/cu.usbserial-110 (Baud: 19200)...
[2026-07-27T10:37:28.011Z] [INFO] 🖨️ [SerialPrinter] Opening serial connection to /dev/cu.usbserial-110 (19200 baud)...
[2026-07-27T10:37:28.065Z] [INFO] ✅ [SerialPrinter] Connected to thermal printer at /dev/cu.usbserial-110
[2026-07-27T10:37:33.114Z] [INFO] ⚡ [SerialPrinter] DTR/RTS flow control signals asserted on /dev/cu.usbserial-110
[2026-07-27T10:37:44.038Z] [INFO] 📥 [PrintQueue] Job JOB-1785148664038-837 (BILL) enqueued. Waiting jobs: 1
[2026-07-27T10:37:44.039Z] [INFO] 🖨️ [PrintQueue] Processing job JOB-1785148664038-837 (BILL)...
[2026-07-27T10:37:49.691Z] [INFO] ✅ [SerialPrinter] Sent 978 bytes successfully to /dev/cu.usbserial-110
[2026-07-27T10:38:17.941Z] [INFO] 🔍 [PrinterService] Discovered 14 hardware serial ports.
[2026-07-27T10:38:17.949Z] [INFO] 🔍 [PrinterService] Discovered 14 hardware serial ports.
[2026-07-27T10:39:32.446Z] [INFO] 📥 [PrintQueue] Job JOB-1785148772446-172 (BILL) enqueued. Waiting jobs: 1
[2026-07-27T10:39:32.447Z] [INFO] 🖨️ [PrintQueue] Processing job JOB-1785148772446-172 (BILL)...
[2026-07-27T10:39:38.087Z] [INFO] ✅ [SerialPrinter] Sent 926 bytes successfully to /dev/cu.usbserial-110
[2026-07-27T10:42:33.937Z] [INFO] 📥 [PrintQueue] Job JOB-1785148953937-893 (BILL) enqueued. Waiting jobs: 1
[2026-07-27T10:42:33.937Z] [INFO] 🖨️ [PrintQueue] Processing job JOB-1785148953937-893 (BILL)...
[2026-07-27T10:42:39.818Z] [INFO] ✅ [SerialPrinter] Sent 1394 bytes successfully to /dev/cu.usbserial-110
[2026-07-27T10:49:58.823Z] [INFO] 📥 [PrintQueue] Job JOB-1785149398822-845 (KOT) enqueued. Waiting jobs: 1
[2026-07-27T10:49:58.825Z] [INFO] 🖨️ [PrintQueue] Processing job JOB-1785149398822-845 (KOT)...
[2026-07-27T10:49:58.829Z] [ERROR] ❌ [SerialPrinter] Write error on /dev/cu.usbserial-110: | {"error":"Printer disconnected or powered off."}
[2026-07-27T10:49:58.831Z] [ERROR] ❌ [PrintQueue] Job JOB-1785149398822-845 failed: | {"error":"Printer disconnected or powered off."}
[2026-07-27T10:49:58.831Z] [ERROR] printKOT failed: | {"error":"Printer disconnected or powered off."}
[2026-07-27T10:49:58.832Z] [ERROR] API Error in POST /kot: | {"message":"Printer disconnected or powered off.","stack":"Error: Printer disconnected or powered off.\n    at /Users/ExitZone/Desktop/hotel-management-system/server/src/services/printer/SerialPrinter.js:262:27\n    at onwriteError (node:internal/streams/writable:603:3)\n    at onwrite (node:internal/streams/writable:647:7)\n    at /Users/ExitZone/Desktop/hotel-management-system/server/node_modules/@serialport/stream/dist/index.js:170:13"}
[2026-07-27T10:49:58.833Z] [ERROR] ❌ [SerialPrinter] Hardware error on /dev/cu.usbserial-110: | {"raw":"ENXIO: no such device or address, write","friendly":"Printer disconnected or powered off."}
[2026-07-27T10:49:58.834Z] [WARN] ⚠️ [SerialPrinter] Serial port /dev/cu.usbserial-110 closed.
[2026-07-27T10:49:58.834Z] [WARN] ⚠️ [SerialPrinter] Serial port /dev/cu.usbserial-110 closed.
[2026-07-27T10:49:59.220Z] [INFO] 📥 [PrintQueue] Job JOB-1785149399220-826 (KOT) enqueued. Waiting jobs: 1
[2026-07-27T10:49:59.220Z] [INFO] 🖨️ [PrintQueue] Processing job JOB-1785149399220-826 (KOT)...
[2026-07-27T10:49:59.222Z] [INFO] 🖨️ [SerialPrinter] Opening serial connection to /dev/cu.usbserial-110 (19200 baud)...
[2026-07-27T10:49:59.223Z] [ERROR] ❌ [PrintQueue] Job JOB-1785149399220-826 failed: | {"error":"Printer disconnected or powered off."}
[2026-07-27T10:49:59.223Z] [ERROR] printKOT failed: | {"error":"Printer disconnected or powered off."}
[2026-07-27T10:49:59.224Z] [ERROR] API Error in POST /kot: | {"message":"Printer disconnected or powered off.","stack":"Error: Printer disconnected or powered off.\n    at SerialPrinter.write (/Users/ExitZone/Desktop/hotel-management-system/server/src/services/printer/SerialPrinter.js:251:15)\n    at async PrintQueue.processQueue (/Users/ExitZone/Desktop/hotel-management-system/server/src/services/printer/PrintQueue.js:52:7)"}
[2026-07-27T10:49:59.225Z] [WARN] ⚠️ [SerialPrinter] Failed to open /dev/cu.usbserial-110: | {"raw":"Error: No such file or directory, cannot open /dev/cu.usbserial-110","friendly":"Error: No such file or directory, cannot open /dev/cu.usbserial-110"}
[2026-07-27T10:50:02.838Z] [INFO] 🔄 [SerialPrinter] Retrying automatic reconnect to /dev/cu.usbserial-110...
[2026-07-27T10:50:02.839Z] [INFO] 🖨️ [SerialPrinter] Opening serial connection to /dev/cu.usbserial-110 (19200 baud)...
[2026-07-27T10:50:02.841Z] [WARN] ⚠️ [SerialPrinter] Failed to open /dev/cu.usbserial-110: | {"raw":"Error: No such file or directory, cannot open /dev/cu.usbserial-110","friendly":"Error: No such file or directory, cannot open /dev/cu.usbserial-110"}
[2026-07-27T10:50:06.851Z] [INFO] 🔄 [SerialPrinter] Retrying automatic reconnect to /dev/cu.usbserial-110...
[2026-07-27T10:50:06.852Z] [INFO] 🖨️ [SerialPrinter] Opening serial connection to /dev/cu.usbserial-110 (19200 baud)...
[2026-07-27T10:50:06.853Z] [WARN] ⚠️ [SerialPrinter] Failed to open /dev/cu.usbserial-110: | {"raw":"Error: No such file or directory, cannot open /dev/cu.usbserial-110","friendly":"Error: No such file or directory, cannot open /dev/cu.usbserial-110"}
[2026-07-27T10:50:10.861Z] [INFO] 🔄 [SerialPrinter] Retrying automatic reconnect to /dev/cu.usbserial-110...
[2026-07-27T10:50:10.862Z] [INFO] 🖨️ [SerialPrinter] Opening serial connection to /dev/cu.usbserial-110 (19200 baud)...
[2026-07-27T10:50:10.863Z] [WARN] ⚠️ [SerialPrinter] Failed to open /dev/cu.usbserial-110: | {"raw":"Error: No such file or directory, cannot open /dev/cu.usbserial-110","friendly":"Error: No such file or directory, cannot open /dev/cu.usbserial-110"}
[2026-07-27T10:50:14.867Z] [INFO] 🔄 [SerialPrinter] Retrying automatic reconnect to /dev/cu.usbserial-110...
[2026-07-27T10:50:14.869Z] [INFO] 🖨️ [SerialPrinter] Opening serial connection to /dev/cu.usbserial-110 (19200 baud)...
[2026-07-27T10:50:14.869Z] [WARN] ⚠️ [SerialPrinter] Failed to open /dev/cu.usbserial-110: | {"raw":"Error: No such file or directory, cannot open /dev/cu.usbserial-110","friendly":"Error: No such file or directory, cannot open /dev/cu.usbserial-110"}
[2026-07-27T10:50:18.874Z] [INFO] 🔄 [SerialPrinter] Retrying automatic reconnect to /dev/cu.usbserial-110...
[2026-07-27T10:50:18.875Z] [INFO] 🖨️ [SerialPrinter] Opening serial connection to /dev/cu.usbserial-110 (19200 baud)...
[2026-07-27T10:50:18.876Z] [WARN] ⚠️ [SerialPrinter] Failed to open /dev/cu.usbserial-110: | {"raw":"Error: No such file or directory, cannot open /dev/cu.usbserial-110","friendly":"Error: No such file or directory, cannot open /dev/cu.usbserial-110"}
[2026-07-27T10:50:22.883Z] [INFO] 🔄 [SerialPrinter] Retrying automatic reconnect to /dev/cu.usbserial-110...
[2026-07-27T10:50:22.884Z] [INFO] 🖨️ [SerialPrinter] Opening serial connection to /dev/cu.usbserial-110 (19200 baud)...
[2026-07-27T10:50:22.885Z] [WARN] ⚠️ [SerialPrinter] Failed to open /dev/cu.usbserial-110: | {"raw":"Error: No such file or directory, cannot open /dev/cu.usbserial-110","friendly":"Error: No such file or directory, cannot open /dev/cu.usbserial-110"}
[2026-07-27T10:50:26.891Z] [INFO] 🔄 [SerialPrinter] Retrying automatic reconnect to /dev/cu.usbserial-110...
[2026-07-27T10:50:26.893Z] [INFO] 🖨️ [SerialPrinter] Opening serial connection to /dev/cu.usbserial-110 (19200 baud)...
[2026-07-27T10:50:26.894Z] [WARN] ⚠️ [SerialPrinter] Failed to open /dev/cu.usbserial-110: | {"raw":"Error: No such file or directory, cannot open /dev/cu.usbserial-110","friendly":"Error: No such file or directory, cannot open /dev/cu.usbserial-110"}
[2026-07-27T10:50:30.902Z] [INFO] 🔄 [SerialPrinter] Retrying automatic reconnect to /dev/cu.usbserial-110...
[2026-07-27T10:50:30.904Z] [INFO] 🖨️ [SerialPrinter] Opening serial connection to /dev/cu.usbserial-110 (19200 baud)...
[2026-07-27T10:50:30.904Z] [WARN] ⚠️ [SerialPrinter] Failed to open /dev/cu.usbserial-110: | {"raw":"Error: No such file or directory, cannot open /dev/cu.usbserial-110","friendly":"Error: No such file or directory, cannot open /dev/cu.usbserial-110"}
[2026-07-27T10:50:34.912Z] [INFO] 🔄 [SerialPrinter] Retrying automatic reconnect to /dev/cu.usbserial-110...
[2026-07-27T10:50:34.913Z] [INFO] 🖨️ [SerialPrinter] Opening serial connection to /dev/cu.usbserial-110 (19200 baud)...
[2026-07-27T10:50:34.915Z] [WARN] ⚠️ [SerialPrinter] Failed to open /dev/cu.usbserial-110: | {"raw":"Error: No such file or directory, cannot open /dev/cu.usbserial-110","friendly":"Error: No such file or directory, cannot open /dev/cu.usbserial-110"}
[2026-07-27T10:50:38.922Z] [INFO] 🔄 [SerialPrinter] Retrying automatic reconnect to /dev/cu.usbserial-110...
[2026-07-27T10:50:38.923Z] [INFO] 🖨️ [SerialPrinter] Opening serial connection to /dev/cu.usbserial-110 (19200 baud)...
[2026-07-27T10:50:38.923Z] [WARN] ⚠️ [SerialPrinter] Failed to open /dev/cu.usbserial-110: | {"raw":"Error: No such file or directory, cannot open /dev/cu.usbserial-110","friendly":"Error: No such file or directory, cannot open /dev/cu.usbserial-110"}
[2026-07-27T10:50:42.928Z] [INFO] 🔄 [SerialPrinter] Retrying automatic reconnect to /dev/cu.usbserial-110...
[2026-07-27T10:50:42.929Z] [INFO] 🖨️ [SerialPrinter] Opening serial connection to /dev/cu.usbserial-110 (19200 baud)...
[2026-07-27T10:50:42.930Z] [WARN] ⚠️ [SerialPrinter] Failed to open /dev/cu.usbserial-110: | {"raw":"Error: No such file or directory, cannot open /dev/cu.usbserial-110","friendly":"Error: No such file or directory, cannot open /dev/cu.usbserial-110"}
[2026-07-27T10:50:46.936Z] [INFO] 🔄 [SerialPrinter] Retrying automatic reconnect to /dev/cu.usbserial-110...
[2026-07-27T10:50:46.937Z] [INFO] 🖨️ [SerialPrinter] Opening serial connection to /dev/cu.usbserial-110 (19200 baud)...
[2026-07-27T10:50:46.938Z] [WARN] ⚠️ [SerialPrinter] Failed to open /dev/cu.usbserial-110: | {"raw":"Error: No such file or directory, cannot open /dev/cu.usbserial-110","friendly":"Error: No such file or directory, cannot open /dev/cu.usbserial-110"}
[2026-07-27T10:50:50.942Z] [INFO] 🔄 [SerialPrinter] Retrying automatic reconnect to /dev/cu.usbserial-110...
[2026-07-27T10:50:50.943Z] [INFO] 🖨️ [SerialPrinter] Opening serial connection to /dev/cu.usbserial-110 (19200 baud)...
[2026-07-27T10:50:50.943Z] [WARN] ⚠️ [SerialPrinter] Failed to open /dev/cu.usbserial-110: | {"raw":"Error: No such file or directory, cannot open /dev/cu.usbserial-110","friendly":"Error: No such file or directory, cannot open /dev/cu.usbserial-110"}
[2026-07-27T10:50:54.948Z] [INFO] 🔄 [SerialPrinter] Retrying automatic reconnect to /dev/cu.usbserial-110...
[2026-07-27T10:50:54.950Z] [INFO] 🖨️ [SerialPrinter] Opening serial connection to /dev/cu.usbserial-110 (19200 baud)...
[2026-07-27T10:50:54.950Z] [WARN] ⚠️ [SerialPrinter] Failed to open /dev/cu.usbserial-110: | {"raw":"Error: No such file or directory, cannot open /dev/cu.usbserial-110","friendly":"Error: No such file or directory, cannot open /dev/cu.usbserial-110"}
[2026-07-27T10:50:58.955Z] [INFO] 🔄 [SerialPrinter] Retrying automatic reconnect to /dev/cu.usbserial-110...
[2026-07-27T10:50:58.956Z] [INFO] 🖨️ [SerialPrinter] Opening serial connection to /dev/cu.usbserial-110 (19200 baud)...
[2026-07-27T10:50:58.956Z] [WARN] ⚠️ [SerialPrinter] Failed to open /dev/cu.usbserial-110: | {"raw":"Error: No such file or directory, cannot open /dev/cu.usbserial-110","friendly":"Error: No such file or directory, cannot open /dev/cu.usbserial-110"}
[2026-07-27T10:51:02.961Z] [INFO] 🔄 [SerialPrinter] Retrying automatic reconnect to /dev/cu.usbserial-110...
[2026-07-27T10:51:02.961Z] [INFO] 🖨️ [SerialPrinter] Opening serial connection to /dev/cu.usbserial-110 (19200 baud)...
[2026-07-27T10:51:02.961Z] [WARN] ⚠️ [SerialPrinter] Failed to open /dev/cu.usbserial-110: | {"raw":"Error: No such file or directory, cannot open /dev/cu.usbserial-110","friendly":"Error: No such file or directory, cannot open /dev/cu.usbserial-110"}
[2026-07-27T10:51:06.968Z] [INFO] 🔄 [SerialPrinter] Retrying automatic reconnect to /dev/cu.usbserial-110...
[2026-07-27T10:51:06.968Z] [INFO] 🖨️ [SerialPrinter] Opening serial connection to /dev/cu.usbserial-110 (19200 baud)...
[2026-07-27T10:51:06.969Z] [WARN] ⚠️ [SerialPrinter] Failed to open /dev/cu.usbserial-110: | {"raw":"Error: No such file or directory, cannot open /dev/cu.usbserial-110","friendly":"Error: No such file or directory, cannot open /dev/cu.usbserial-110"}
[2026-07-27T10:51:10.977Z] [INFO] 🔄 [SerialPrinter] Retrying automatic reconnect to /dev/cu.usbserial-110...
[2026-07-27T10:51:10.978Z] [INFO] 🖨️ [SerialPrinter] Opening serial connection to /dev/cu.usbserial-110 (19200 baud)...
[2026-07-27T10:51:10.980Z] [WARN] ⚠️ [SerialPrinter] Failed to open /dev/cu.usbserial-110: | {"raw":"Error: No such file or directory, cannot open /dev/cu.usbserial-110","friendly":"Error: No such file or directory, cannot open /dev/cu.usbserial-110"}
[2026-07-27T10:51:14.985Z] [INFO] 🔄 [SerialPrinter] Retrying automatic reconnect to /dev/cu.usbserial-110...
[2026-07-27T10:51:14.986Z] [INFO] 🖨️ [SerialPrinter] Opening serial connection to /dev/cu.usbserial-110 (19200 baud)...
[2026-07-27T10:51:14.986Z] [WARN] ⚠️ [SerialPrinter] Failed to open /dev/cu.usbserial-110: | {"raw":"Error: No such file or directory, cannot open /dev/cu.usbserial-110","friendly":"Error: No such file or directory, cannot open /dev/cu.usbserial-110"}
[2026-07-27T10:51:18.992Z] [INFO] 🔄 [SerialPrinter] Retrying automatic reconnect to /dev/cu.usbserial-110...
[2026-07-27T10:51:18.993Z] [INFO] 🖨️ [SerialPrinter] Opening serial connection to /dev/cu.usbserial-110 (19200 baud)...
[2026-07-27T10:51:18.994Z] [WARN] ⚠️ [SerialPrinter] Failed to open /dev/cu.usbserial-110: | {"raw":"Error: No such file or directory, cannot open /dev/cu.usbserial-110","friendly":"Error: No such file or directory, cannot open /dev/cu.usbserial-110"}
[2026-07-27T10:51:23.002Z] [INFO] 🔄 [SerialPrinter] Retrying automatic reconnect to /dev/cu.usbserial-110...
[2026-07-27T10:51:23.003Z] [INFO] 🖨️ [SerialPrinter] Opening serial connection to /dev/cu.usbserial-110 (19200 baud)...
[2026-07-27T10:51:23.005Z] [WARN] ⚠️ [SerialPrinter] Failed to open /dev/cu.usbserial-110: | {"raw":"Error: No such file or directory, cannot open /dev/cu.usbserial-110","friendly":"Error: No such file or directory, cannot open /dev/cu.usbserial-110"}
[2026-07-27T10:51:27.012Z] [INFO] 🔄 [SerialPrinter] Retrying automatic reconnect to /dev/cu.usbserial-110...
[2026-07-27T10:51:27.013Z] [INFO] 🖨️ [SerialPrinter] Opening serial connection to /dev/cu.usbserial-110 (19200 baud)...
[2026-07-27T10:51:27.015Z] [WARN] ⚠️ [SerialPrinter] Failed to open /dev/cu.usbserial-110: | {"raw":"Error: No such file or directory, cannot open /dev/cu.usbserial-110","friendly":"Error: No such file or directory, cannot open /dev/cu.usbserial-110"}
[2026-07-27T10:51:31.024Z] [INFO] 🔄 [SerialPrinter] Retrying automatic reconnect to /dev/cu.usbserial-110...
[2026-07-27T10:51:31.024Z] [INFO] 🖨️ [SerialPrinter] Opening serial connection to /dev/cu.usbserial-110 (19200 baud)...
[2026-07-27T10:51:31.025Z] [WARN] ⚠️ [SerialPrinter] Failed to open /dev/cu.usbserial-110: | {"raw":"Error: No such file or directory, cannot open /dev/cu.usbserial-110","friendly":"Error: No such file or directory, cannot open /dev/cu.usbserial-110"}
[2026-07-27T10:51:35.040Z] [INFO] 🔄 [SerialPrinter] Retrying automatic reconnect to /dev/cu.usbserial-110...
[2026-07-27T10:51:35.047Z] [INFO] 🖨️ [SerialPrinter] Opening serial connection to /dev/cu.usbserial-110 (19200 baud)...
[2026-07-27T10:51:35.053Z] [WARN] ⚠️ [SerialPrinter] Failed to open /dev/cu.usbserial-110: | {"raw":"Error: No such file or directory, cannot open /dev/cu.usbserial-110","friendly":"Error: No such file or directory, cannot open /dev/cu.usbserial-110"}
[2026-07-27T10:51:39.061Z] [INFO] 🔄 [SerialPrinter] Retrying automatic reconnect to /dev/cu.usbserial-110...
[2026-07-27T10:51:39.061Z] [INFO] 🖨️ [SerialPrinter] Opening serial connection to /dev/cu.usbserial-110 (19200 baud)...
[2026-07-27T10:51:39.062Z] [WARN] ⚠️ [SerialPrinter] Failed to open /dev/cu.usbserial-110: | {"raw":"Error: No such file or directory, cannot open /dev/cu.usbserial-110","friendly":"Error: No such file or directory, cannot open /dev/cu.usbserial-110"}
[2026-07-27T10:51:43.070Z] [INFO] 🔄 [SerialPrinter] Retrying automatic reconnect to /dev/cu.usbserial-110...
[2026-07-27T10:51:43.071Z] [INFO] 🖨️ [SerialPrinter] Opening serial connection to /dev/cu.usbserial-110 (19200 baud)...
[2026-07-27T10:51:43.071Z] [WARN] ⚠️ [SerialPrinter] Failed to open /dev/cu.usbserial-110: | {"raw":"Error: No such file or directory, cannot open /dev/cu.usbserial-110","friendly":"Error: No such file or directory, cannot open /dev/cu.usbserial-110"}
[2026-07-27T10:51:47.080Z] [INFO] 🔄 [SerialPrinter] Retrying automatic reconnect to /dev/cu.usbserial-110...
[2026-07-27T10:51:47.081Z] [INFO] 🖨️ [SerialPrinter] Opening serial connection to /dev/cu.usbserial-110 (19200 baud)...
[2026-07-27T10:51:47.081Z] [WARN] ⚠️ [SerialPrinter] Failed to open /dev/cu.usbserial-110: | {"raw":"Error: No such file or directory, cannot open /dev/cu.usbserial-110","friendly":"Error: No such file or directory, cannot open /dev/cu.usbserial-110"}
[2026-07-27T10:51:51.086Z] [INFO] 🔄 [SerialPrinter] Retrying automatic reconnect to /dev/cu.usbserial-110...
[2026-07-27T10:51:51.087Z] [INFO] 🖨️ [SerialPrinter] Opening serial connection to /dev/cu.usbserial-110 (19200 baud)...
[2026-07-27T10:51:51.088Z] [WARN] ⚠️ [SerialPrinter] Failed to open /dev/cu.usbserial-110: | {"raw":"Error: No such file or directory, cannot open /dev/cu.usbserial-110","friendly":"Error: No such file or directory, cannot open /dev/cu.usbserial-110"}
[2026-07-27T10:51:55.095Z] [INFO] 🔄 [SerialPrinter] Retrying automatic reconnect to /dev/cu.usbserial-110...
[2026-07-27T10:51:55.096Z] [INFO] 🖨️ [SerialPrinter] Opening serial connection to /dev/cu.usbserial-110 (19200 baud)...
[2026-07-27T10:51:55.097Z] [WARN] ⚠️ [SerialPrinter] Failed to open /dev/cu.usbserial-110: | {"raw":"Error: No such file or directory, cannot open /dev/cu.usbserial-110","friendly":"Error: No such file or directory, cannot open /dev/cu.usbserial-110"}
[2026-07-27T10:51:59.105Z] [INFO] 🔄 [SerialPrinter] Retrying automatic reconnect to /dev/cu.usbserial-110...
[2026-07-27T10:51:59.106Z] [INFO] 🖨️ [SerialPrinter] Opening serial connection to /dev/cu.usbserial-110 (19200 baud)...
[2026-07-27T10:51:59.107Z] [WARN] ⚠️ [SerialPrinter] Failed to open /dev/cu.usbserial-110: | {"raw":"Error: No such file or directory, cannot open /dev/cu.usbserial-110","friendly":"Error: No such file or directory, cannot open /dev/cu.usbserial-110"}
[2026-07-27T10:52:03.112Z] [INFO] 🔄 [SerialPrinter] Retrying automatic reconnect to /dev/cu.usbserial-110...
[2026-07-27T10:52:03.113Z] [INFO] 🖨️ [SerialPrinter] Opening serial connection to /dev/cu.usbserial-110 (19200 baud)...
[2026-07-27T10:52:03.114Z] [WARN] ⚠️ [SerialPrinter] Failed to open /dev/cu.usbserial-110: | {"raw":"Error: No such file or directory, cannot open /dev/cu.usbserial-110","friendly":"Error: No such file or directory, cannot open /dev/cu.usbserial-110"}
[2026-07-27T10:52:07.118Z] [INFO] 🔄 [SerialPrinter] Retrying automatic reconnect to /dev/cu.usbserial-110...
[2026-07-27T10:52:07.119Z] [INFO] 🖨️ [SerialPrinter] Opening serial connection to /dev/cu.usbserial-110 (19200 baud)...
[2026-07-27T10:52:07.120Z] [WARN] ⚠️ [SerialPrinter] Failed to open /dev/cu.usbserial-110: | {"raw":"Error: No such file or directory, cannot open /dev/cu.usbserial-110","friendly":"Error: No such file or directory, cannot open /dev/cu.usbserial-110"}
[2026-07-27T10:52:11.126Z] [INFO] 🔄 [SerialPrinter] Retrying automatic reconnect to /dev/cu.usbserial-110...
[2026-07-27T10:52:11.127Z] [INFO] 🖨️ [SerialPrinter] Opening serial connection to /dev/cu.usbserial-110 (19200 baud)...
[2026-07-27T10:52:11.128Z] [WARN] ⚠️ [SerialPrinter] Failed to open /dev/cu.usbserial-110: | {"raw":"Error: No such file or directory, cannot open /dev/cu.usbserial-110","friendly":"Error: No such file or directory, cannot open /dev/cu.usbserial-110"}
[2026-07-27T10:52:15.137Z] [INFO] 🔄 [SerialPrinter] Retrying automatic reconnect to /dev/cu.usbserial-110...
[2026-07-27T10:52:15.140Z] [INFO] 🖨️ [SerialPrinter] Opening serial connection to /dev/cu.usbserial-110 (19200 baud)...
[2026-07-27T10:52:15.141Z] [WARN] ⚠️ [SerialPrinter] Failed to open /dev/cu.usbserial-110: | {"raw":"Error: No such file or directory, cannot open /dev/cu.usbserial-110","friendly":"Error: No such file or directory, cannot open /dev/cu.usbserial-110"}
[2026-07-27T10:52:19.152Z] [INFO] 🔄 [SerialPrinter] Retrying automatic reconnect to /dev/cu.usbserial-110...
[2026-07-27T10:52:19.154Z] [INFO] 🖨️ [SerialPrinter] Opening serial connection to /dev/cu.usbserial-110 (19200 baud)...
[2026-07-27T10:52:19.155Z] [WARN] ⚠️ [SerialPrinter] Failed to open /dev/cu.usbserial-110: | {"raw":"Error: No such file or directory, cannot open /dev/cu.usbserial-110","friendly":"Error: No such file or directory, cannot open /dev/cu.usbserial-110"}
[2026-07-27T10:52:23.163Z] [INFO] 🔄 [SerialPrinter] Retrying automatic reconnect to /dev/cu.usbserial-110...
[2026-07-27T10:52:23.164Z] [INFO] 🖨️ [SerialPrinter] Opening serial connection to /dev/cu.usbserial-110 (19200 baud)...
[2026-07-27T10:52:23.165Z] [WARN] ⚠️ [SerialPrinter] Failed to open /dev/cu.usbserial-110: | {"raw":"Error: No such file or directory, cannot open /dev/cu.usbserial-110","friendly":"Error: No such file or directory, cannot open /dev/cu.usbserial-110"}
[2026-07-27T10:52:27.172Z] [INFO] 🔄 [SerialPrinter] Retrying automatic reconnect to /dev/cu.usbserial-110...
[2026-07-27T10:52:27.174Z] [INFO] 🖨️ [SerialPrinter] Opening serial connection to /dev/cu.usbserial-110 (19200 baud)...
[2026-07-27T10:52:27.175Z] [WARN] ⚠️ [SerialPrinter] Failed to open /dev/cu.usbserial-110: | {"raw":"Error: No such file or directory, cannot open /dev/cu.usbserial-110","friendly":"Error: No such file or directory, cannot open /dev/cu.usbserial-110"}
[2026-07-27T10:52:31.188Z] [INFO] 🔄 [SerialPrinter] Retrying automatic reconnect to /dev/cu.usbserial-110...
[2026-07-27T10:52:31.189Z] [INFO] 🖨️ [SerialPrinter] Opening serial connection to /dev/cu.usbserial-110 (19200 baud)...
[2026-07-27T10:52:31.190Z] [WARN] ⚠️ [SerialPrinter] Failed to open /dev/cu.usbserial-110: | {"raw":"Error: No such file or directory, cannot open /dev/cu.usbserial-110","friendly":"Error: No such file or directory, cannot open /dev/cu.usbserial-110"}
[2026-07-27T10:52:35.202Z] [INFO] 🔄 [SerialPrinter] Retrying automatic reconnect to /dev/cu.usbserial-110...
[2026-07-27T10:52:35.205Z] [INFO] 🖨️ [SerialPrinter] Opening serial connection to /dev/cu.usbserial-110 (19200 baud)...
[2026-07-27T10:52:35.214Z] [WARN] ⚠️ [SerialPrinter] Failed to open /dev/cu.usbserial-110: | {"raw":"Error: No such file or directory, cannot open /dev/cu.usbserial-110","friendly":"Error: No such file or directory, cannot open /dev/cu.usbserial-110"}
[2026-07-27T10:52:39.223Z] [INFO] 🔄 [SerialPrinter] Retrying automatic reconnect to /dev/cu.usbserial-110...
[2026-07-27T10:52:39.224Z] [INFO] 🖨️ [SerialPrinter] Opening serial connection to /dev/cu.usbserial-110 (19200 baud)...
[2026-07-27T10:52:39.226Z] [WARN] ⚠️ [SerialPrinter] Failed to open /dev/cu.usbserial-110: | {"raw":"Error: No such file or directory, cannot open /dev/cu.usbserial-110","friendly":"Error: No such file or directory, cannot open /dev/cu.usbserial-110"}
[2026-07-27T10:52:43.238Z] [INFO] 🔄 [SerialPrinter] Retrying automatic reconnect to /dev/cu.usbserial-110...
[2026-07-27T10:52:43.250Z] [INFO] 🖨️ [SerialPrinter] Opening serial connection to /dev/cu.usbserial-110 (19200 baud)...
[2026-07-27T10:52:43.251Z] [WARN] ⚠️ [SerialPrinter] Failed to open /dev/cu.usbserial-110: | {"raw":"Error: No such file or directory, cannot open /dev/cu.usbserial-110","friendly":"Error: No such file or directory, cannot open /dev/cu.usbserial-110"}
[2026-07-27T10:52:47.259Z] [INFO] 🔄 [SerialPrinter] Retrying automatic reconnect to /dev/cu.usbserial-110...
[2026-07-27T10:52:47.262Z] [INFO] 🖨️ [SerialPrinter] Opening serial connection to /dev/cu.usbserial-110 (19200 baud)...
[2026-07-27T10:52:47.263Z] [WARN] ⚠️ [SerialPrinter] Failed to open /dev/cu.usbserial-110: | {"raw":"Error: No such file or directory, cannot open /dev/cu.usbserial-110","friendly":"Error: No such file or directory, cannot open /dev/cu.usbserial-110"}
[2026-07-27T10:52:51.269Z] [INFO] 🔄 [SerialPrinter] Retrying automatic reconnect to /dev/cu.usbserial-110...
[2026-07-27T10:52:51.270Z] [INFO] 🖨️ [SerialPrinter] Opening serial connection to /dev/cu.usbserial-110 (19200 baud)...
[2026-07-27T10:52:51.271Z] [WARN] ⚠️ [SerialPrinter] Failed to open /dev/cu.usbserial-110: | {"raw":"Error: No such file or directory, cannot open /dev/cu.usbserial-110","friendly":"Error: No such file or directory, cannot open /dev/cu.usbserial-110"}
[2026-07-27T10:52:55.280Z] [INFO] 🔄 [SerialPrinter] Retrying automatic reconnect to /dev/cu.usbserial-110...
[2026-07-27T10:52:55.281Z] [INFO] 🖨️ [SerialPrinter] Opening serial connection to /dev/cu.usbserial-110 (19200 baud)...
[2026-07-27T10:52:55.283Z] [WARN] ⚠️ [SerialPrinter] Failed to open /dev/cu.usbserial-110: | {"raw":"Error: No such file or directory, cannot open /dev/cu.usbserial-110","friendly":"Error: No such file or directory, cannot open /dev/cu.usbserial-110"}
[2026-07-27T10:52:59.291Z] [INFO] 🔄 [SerialPrinter] Retrying automatic reconnect to /dev/cu.usbserial-110...
[2026-07-27T10:52:59.293Z] [INFO] 🖨️ [SerialPrinter] Opening serial connection to /dev/cu.usbserial-110 (19200 baud)...
[2026-07-27T10:52:59.293Z] [WARN] ⚠️ [SerialPrinter] Failed to open /dev/cu.usbserial-110: | {"raw":"Error: No such file or directory, cannot open /dev/cu.usbserial-110","friendly":"Error: No such file or directory, cannot open /dev/cu.usbserial-110"}
[2026-07-27T10:53:03.302Z] [INFO] 🔄 [SerialPrinter] Retrying automatic reconnect to /dev/cu.usbserial-110...
[2026-07-27T10:53:03.304Z] [INFO] 🖨️ [SerialPrinter] Opening serial connection to /dev/cu.usbserial-110 (19200 baud)...
[2026-07-27T10:53:03.305Z] [WARN] ⚠️ [SerialPrinter] Failed to open /dev/cu.usbserial-110: | {"raw":"Error: No such file or directory, cannot open /dev/cu.usbserial-110","friendly":"Error: No such file or directory, cannot open /dev/cu.usbserial-110"}
[2026-07-27T10:53:07.313Z] [INFO] 🔄 [SerialPrinter] Retrying automatic reconnect to /dev/cu.usbserial-110...
[2026-07-27T10:53:07.315Z] [INFO] 🖨️ [SerialPrinter] Opening serial connection to /dev/cu.usbserial-110 (19200 baud)...
[2026-07-27T10:53:07.317Z] [WARN] ⚠️ [SerialPrinter] Failed to open /dev/cu.usbserial-110: | {"raw":"Error: No such file or directory, cannot open /dev/cu.usbserial-110","friendly":"Error: No such file or directory, cannot open /dev/cu.usbserial-110"}
[2026-07-27T10:53:11.332Z] [INFO] 🔄 [SerialPrinter] Retrying automatic reconnect to /dev/cu.usbserial-110...
[2026-07-27T10:53:11.333Z] [INFO] 🖨️ [SerialPrinter] Opening serial connection to /dev/cu.usbserial-110 (19200 baud)...
[2026-07-27T10:53:11.334Z] [WARN] ⚠️ [SerialPrinter] Failed to open /dev/cu.usbserial-110: | {"raw":"Error: No such file or directory, cannot open /dev/cu.usbserial-110","friendly":"Error: No such file or directory, cannot open /dev/cu.usbserial-110"}
[2026-07-27T10:53:15.342Z] [INFO] 🔄 [SerialPrinter] Retrying automatic reconnect to /dev/cu.usbserial-110...
[2026-07-27T10:53:15.343Z] [INFO] 🖨️ [SerialPrinter] Opening serial connection to /dev/cu.usbserial-110 (19200 baud)...
[2026-07-27T10:53:15.343Z] [WARN] ⚠️ [SerialPrinter] Failed to open /dev/cu.usbserial-110: | {"raw":"Error: No such file or directory, cannot open /dev/cu.usbserial-110","friendly":"Error: No such file or directory, cannot open /dev/cu.usbserial-110"}
[2026-07-27T10:53:19.351Z] [INFO] 🔄 [SerialPrinter] Retrying automatic reconnect to /dev/cu.usbserial-110...
[2026-07-27T10:53:19.352Z] [INFO] 🖨️ [SerialPrinter] Opening serial connection to /dev/cu.usbserial-110 (19200 baud)...
[2026-07-27T10:53:19.353Z] [WARN] ⚠️ [SerialPrinter] Failed to open /dev/cu.usbserial-110: | {"raw":"Error: No such file or directory, cannot open /dev/cu.usbserial-110","friendly":"Error: No such file or directory, cannot open /dev/cu.usbserial-110"}
[2026-07-27T10:53:23.361Z] [INFO] 🔄 [SerialPrinter] Retrying automatic reconnect to /dev/cu.usbserial-110...
[2026-07-27T10:53:23.363Z] [INFO] 🖨️ [SerialPrinter] Opening serial connection to /dev/cu.usbserial-110 (19200 baud)...
[2026-07-27T10:53:23.363Z] [WARN] ⚠️ [SerialPrinter] Failed to open /dev/cu.usbserial-110: | {"raw":"Error: No such file or directory, cannot open /dev/cu.usbserial-110","friendly":"Error: No such file or directory, cannot open /dev/cu.usbserial-110"}
[2026-07-27T10:53:27.374Z] [INFO] 🔄 [SerialPrinter] Retrying automatic reconnect to /dev/cu.usbserial-110...
[2026-07-27T10:53:27.375Z] [INFO] 🖨️ [SerialPrinter] Opening serial connection to /dev/cu.usbserial-110 (19200 baud)...
[2026-07-27T10:53:27.376Z] [WARN] ⚠️ [SerialPrinter] Failed to open /dev/cu.usbserial-110: | {"raw":"Error: No such file or directory, cannot open /dev/cu.usbserial-110","friendly":"Error: No such file or directory, cannot open /dev/cu.usbserial-110"}
[2026-07-27T10:53:31.383Z] [INFO] 🔄 [SerialPrinter] Retrying automatic reconnect to /dev/cu.usbserial-110...
[2026-07-27T10:53:31.383Z] [INFO] 🖨️ [SerialPrinter] Opening serial connection to /dev/cu.usbserial-110 (19200 baud)...
[2026-07-27T10:53:31.384Z] [WARN] ⚠️ [SerialPrinter] Failed to open /dev/cu.usbserial-110: | {"raw":"Error: No such file or directory, cannot open /dev/cu.usbserial-110","friendly":"Error: No such file or directory, cannot open /dev/cu.usbserial-110"}
[2026-07-27T10:53:35.390Z] [INFO] 🔄 [SerialPrinter] Retrying automatic reconnect to /dev/cu.usbserial-110...
[2026-07-27T10:53:35.391Z] [INFO] 🖨️ [SerialPrinter] Opening serial connection to /dev/cu.usbserial-110 (19200 baud)...
[2026-07-27T10:53:35.392Z] [WARN] ⚠️ [SerialPrinter] Failed to open /dev/cu.usbserial-110: | {"raw":"Error: No such file or directory, cannot open /dev/cu.usbserial-110","friendly":"Error: No such file or directory, cannot open /dev/cu.usbserial-110"}
[2026-07-27T10:53:39.400Z] [INFO] 🔄 [SerialPrinter] Retrying automatic reconnect to /dev/cu.usbserial-110...
[2026-07-27T10:53:39.401Z] [INFO] 🖨️ [SerialPrinter] Opening serial connection to /dev/cu.usbserial-110 (19200 baud)...
[2026-07-27T10:53:39.402Z] [WARN] ⚠️ [SerialPrinter] Failed to open /dev/cu.usbserial-110: | {"raw":"Error: No such file or directory, cannot open /dev/cu.usbserial-110","friendly":"Error: No such file or directory, cannot open /dev/cu.usbserial-110"}
[2026-07-27T10:53:43.409Z] [INFO] 🔄 [SerialPrinter] Retrying automatic reconnect to /dev/cu.usbserial-110...
[2026-07-27T10:53:43.409Z] [INFO] 🖨️ [SerialPrinter] Opening serial connection to /dev/cu.usbserial-110 (19200 baud)...
[2026-07-27T10:53:43.410Z] [WARN] ⚠️ [SerialPrinter] Failed to open /dev/cu.usbserial-110: | {"raw":"Error: No such file or directory, cannot open /dev/cu.usbserial-110","friendly":"Error: No such file or directory, cannot open /dev/cu.usbserial-110"}
[2026-07-27T10:53:47.415Z] [INFO] 🔄 [SerialPrinter] Retrying automatic reconnect to /dev/cu.usbserial-110...
[2026-07-27T10:53:47.415Z] [INFO] 🖨️ [SerialPrinter] Opening serial connection to /dev/cu.usbserial-110 (19200 baud)...
[2026-07-27T10:53:47.416Z] [WARN] ⚠️ [SerialPrinter] Failed to open /dev/cu.usbserial-110: | {"raw":"Error: No such file or directory, cannot open /dev/cu.usbserial-110","friendly":"Error: No such file or directory, cannot open /dev/cu.usbserial-110"}
[2026-07-27T10:53:51.419Z] [INFO] 🔄 [SerialPrinter] Retrying automatic reconnect to /dev/cu.usbserial-110...
[2026-07-27T10:53:51.420Z] [INFO] 🖨️ [SerialPrinter] Opening serial connection to /dev/cu.usbserial-110 (19200 baud)...
[2026-07-27T10:53:51.420Z] [WARN] ⚠️ [SerialPrinter] Failed to open /dev/cu.usbserial-110: | {"raw":"Error: No such file or directory, cannot open /dev/cu.usbserial-110","friendly":"Error: No such file or directory, cannot open /dev/cu.usbserial-110"}
[2026-07-27T10:53:55.427Z] [INFO] 🔄 [SerialPrinter] Retrying automatic reconnect to /dev/cu.usbserial-110...
[2026-07-27T10:53:55.429Z] [INFO] 🖨️ [SerialPrinter] Opening serial connection to /dev/cu.usbserial-110 (19200 baud)...
[2026-07-27T10:53:55.431Z] [WARN] ⚠️ [SerialPrinter] Failed to open /dev/cu.usbserial-110: | {"raw":"Error: No such file or directory, cannot open /dev/cu.usbserial-110","friendly":"Error: No such file or directory, cannot open /dev/cu.usbserial-110"}
[2026-07-27T10:53:59.437Z] [INFO] 🔄 [SerialPrinter] Retrying automatic reconnect to /dev/cu.usbserial-110...
[2026-07-27T10:53:59.437Z] [INFO] 🖨️ [SerialPrinter] Opening serial connection to /dev/cu.usbserial-110 (19200 baud)...
[2026-07-27T10:53:59.438Z] [WARN] ⚠️ [SerialPrinter] Failed to open /dev/cu.usbserial-110: | {"raw":"Error: No such file or directory, cannot open /dev/cu.usbserial-110","friendly":"Error: No such file or directory, cannot open /dev/cu.usbserial-110"}
[2026-07-27T10:54:03.447Z] [INFO] 🔄 [SerialPrinter] Retrying automatic reconnect to /dev/cu.usbserial-110...
[2026-07-27T10:54:03.448Z] [INFO] 🖨️ [SerialPrinter] Opening serial connection to /dev/cu.usbserial-110 (19200 baud)...
[2026-07-27T10:54:03.449Z] [WARN] ⚠️ [SerialPrinter] Failed to open /dev/cu.usbserial-110: | {"raw":"Error: No such file or directory, cannot open /dev/cu.usbserial-110","friendly":"Error: No such file or directory, cannot open /dev/cu.usbserial-110"}
[2026-07-27T10:54:07.459Z] [INFO] 🔄 [SerialPrinter] Retrying automatic reconnect to /dev/cu.usbserial-110...
[2026-07-27T10:54:07.463Z] [INFO] 🖨️ [SerialPrinter] Opening serial connection to /dev/cu.usbserial-110 (19200 baud)...
[2026-07-27T10:54:07.468Z] [WARN] ⚠️ [SerialPrinter] Failed to open /dev/cu.usbserial-110: | {"raw":"Error: No such file or directory, cannot open /dev/cu.usbserial-110","friendly":"Error: No such file or directory, cannot open /dev/cu.usbserial-110"}
[2026-07-27T10:54:11.477Z] [INFO] 🔄 [SerialPrinter] Retrying automatic reconnect to /dev/cu.usbserial-110...
[2026-07-27T10:54:11.478Z] [INFO] 🖨️ [SerialPrinter] Opening serial connection to /dev/cu.usbserial-110 (19200 baud)...
[2026-07-27T10:54:11.479Z] [WARN] ⚠️ [SerialPrinter] Failed to open /dev/cu.usbserial-110: | {"raw":"Error: No such file or directory, cannot open /dev/cu.usbserial-110","friendly":"Error: No such file or directory, cannot open /dev/cu.usbserial-110"}
[2026-07-27T10:54:15.488Z] [INFO] 🔄 [SerialPrinter] Retrying automatic reconnect to /dev/cu.usbserial-110...
[2026-07-27T10:54:15.488Z] [INFO] 🖨️ [SerialPrinter] Opening serial connection to /dev/cu.usbserial-110 (19200 baud)...
[2026-07-27T10:54:15.489Z] [WARN] ⚠️ [SerialPrinter] Failed to open /dev/cu.usbserial-110: | {"raw":"Error: No such file or directory, cannot open /dev/cu.usbserial-110","friendly":"Error: No such file or directory, cannot open /dev/cu.usbserial-110"}
[2026-07-27T10:54:19.496Z] [INFO] 🔄 [SerialPrinter] Retrying automatic reconnect to /dev/cu.usbserial-110...
[2026-07-27T10:54:19.498Z] [INFO] 🖨️ [SerialPrinter] Opening serial connection to /dev/cu.usbserial-110 (19200 baud)...
[2026-07-27T10:54:19.499Z] [WARN] ⚠️ [SerialPrinter] Failed to open /dev/cu.usbserial-110: | {"raw":"Error: No such file or directory, cannot open /dev/cu.usbserial-110","friendly":"Error: No such file or directory, cannot open /dev/cu.usbserial-110"}
[2026-07-27T10:54:23.508Z] [INFO] 🔄 [SerialPrinter] Retrying automatic reconnect to /dev/cu.usbserial-110...
[2026-07-27T10:54:23.510Z] [INFO] 🖨️ [SerialPrinter] Opening serial connection to /dev/cu.usbserial-110 (19200 baud)...
[2026-07-27T10:54:23.511Z] [WARN] ⚠️ [SerialPrinter] Failed to open /dev/cu.usbserial-110: | {"raw":"Error: No such file or directory, cannot open /dev/cu.usbserial-110","friendly":"Error: No such file or directory, cannot open /dev/cu.usbserial-110"}
[2026-07-27T10:54:27.518Z] [INFO] 🔄 [SerialPrinter] Retrying automatic reconnect to /dev/cu.usbserial-110...
[2026-07-27T10:54:27.519Z] [INFO] 🖨️ [SerialPrinter] Opening serial connection to /dev/cu.usbserial-110 (19200 baud)...
[2026-07-27T10:54:27.519Z] [WARN] ⚠️ [SerialPrinter] Failed to open /dev/cu.usbserial-110: | {"raw":"Error: No such file or directory, cannot open /dev/cu.usbserial-110","friendly":"Error: No such file or directory, cannot open /dev/cu.usbserial-110"}
[2026-07-27T10:54:31.529Z] [INFO] 🔄 [SerialPrinter] Retrying automatic reconnect to /dev/cu.usbserial-110...
[2026-07-27T10:54:31.530Z] [INFO] 🖨️ [SerialPrinter] Opening serial connection to /dev/cu.usbserial-110 (19200 baud)...
[2026-07-27T10:54:31.531Z] [WARN] ⚠️ [SerialPrinter] Failed to open /dev/cu.usbserial-110: | {"raw":"Error: No such file or directory, cannot open /dev/cu.usbserial-110","friendly":"Error: No such file or directory, cannot open /dev/cu.usbserial-110"}
[2026-07-27T10:54:35.538Z] [INFO] 🔄 [SerialPrinter] Retrying automatic reconnect to /dev/cu.usbserial-110...
[2026-07-27T10:54:35.539Z] [INFO] 🖨️ [SerialPrinter] Opening serial connection to /dev/cu.usbserial-110 (19200 baud)...
[2026-07-27T10:54:35.540Z] [WARN] ⚠️ [SerialPrinter] Failed to open /dev/cu.usbserial-110: | {"raw":"Error: No such file or directory, cannot open /dev/cu.usbserial-110","friendly":"Error: No such file or directory, cannot open /dev/cu.usbserial-110"}
[2026-07-27T10:54:39.548Z] [INFO] 🔄 [SerialPrinter] Retrying automatic reconnect to /dev/cu.usbserial-110...
[2026-07-27T10:54:39.549Z] [INFO] 🖨️ [SerialPrinter] Opening serial connection to /dev/cu.usbserial-110 (19200 baud)...
[2026-07-27T10:54:39.549Z] [WARN] ⚠️ [SerialPrinter] Failed to open /dev/cu.usbserial-110: | {"raw":"Error: No such file or directory, cannot open /dev/cu.usbserial-110","friendly":"Error: No such file or directory, cannot open /dev/cu.usbserial-110"}
[2026-07-27T10:54:43.556Z] [INFO] 🔄 [SerialPrinter] Retrying automatic reconnect to /dev/cu.usbserial-110...
[2026-07-27T10:54:43.557Z] [INFO] 🖨️ [SerialPrinter] Opening serial connection to /dev/cu.usbserial-110 (19200 baud)...
[2026-07-27T10:54:43.558Z] [WARN] ⚠️ [SerialPrinter] Failed to open /dev/cu.usbserial-110: | {"raw":"Error: No such file or directory, cannot open /dev/cu.usbserial-110","friendly":"Error: No such file or directory, cannot open /dev/cu.usbserial-110"}
[2026-07-27T10:54:47.567Z] [INFO] 🔄 [SerialPrinter] Retrying automatic reconnect to /dev/cu.usbserial-110...
[2026-07-27T10:54:47.568Z] [INFO] 🖨️ [SerialPrinter] Opening serial connection to /dev/cu.usbserial-110 (19200 baud)...
[2026-07-27T10:54:47.569Z] [WARN] ⚠️ [SerialPrinter] Failed to open /dev/cu.usbserial-110: | {"raw":"Error: No such file or directory, cannot open /dev/cu.usbserial-110","friendly":"Error: No such file or directory, cannot open /dev/cu.usbserial-110"}
[2026-07-27T10:54:51.579Z] [INFO] 🔄 [SerialPrinter] Retrying automatic reconnect to /dev/cu.usbserial-110...
[2026-07-27T10:54:51.579Z] [INFO] 🖨️ [SerialPrinter] Opening serial connection to /dev/cu.usbserial-110 (19200 baud)...
[2026-07-27T10:54:51.580Z] [WARN] ⚠️ [SerialPrinter] Failed to open /dev/cu.usbserial-110: | {"raw":"Error: No such file or directory, cannot open /dev/cu.usbserial-110","friendly":"Error: No such file or directory, cannot open /dev/cu.usbserial-110"}
[2026-07-27T10:54:55.585Z] [INFO] 🔄 [SerialPrinter] Retrying automatic reconnect to /dev/cu.usbserial-110...
[2026-07-27T10:54:55.586Z] [INFO] 🖨️ [SerialPrinter] Opening serial connection to /dev/cu.usbserial-110 (19200 baud)...
[2026-07-27T10:54:55.586Z] [WARN] ⚠️ [SerialPrinter] Failed to open /dev/cu.usbserial-110: | {"raw":"Error: No such file or directory, cannot open /dev/cu.usbserial-110","friendly":"Error: No such file or directory, cannot open /dev/cu.usbserial-110"}
[2026-07-27T10:54:59.596Z] [INFO] 🔄 [SerialPrinter] Retrying automatic reconnect to /dev/cu.usbserial-110...
[2026-07-27T10:54:59.597Z] [INFO] 🖨️ [SerialPrinter] Opening serial connection to /dev/cu.usbserial-110 (19200 baud)...
[2026-07-27T10:54:59.598Z] [WARN] ⚠️ [SerialPrinter] Failed to open /dev/cu.usbserial-110: | {"raw":"Error: No such file or directory, cannot open /dev/cu.usbserial-110","friendly":"Error: No such file or directory, cannot open /dev/cu.usbserial-110"}
[2026-07-27T10:55:03.609Z] [INFO] 🔄 [SerialPrinter] Retrying automatic reconnect to /dev/cu.usbserial-110...
[2026-07-27T10:55:03.613Z] [INFO] 🖨️ [SerialPrinter] Opening serial connection to /dev/cu.usbserial-110 (19200 baud)...
[2026-07-27T10:55:03.621Z] [WARN] ⚠️ [SerialPrinter] Failed to open /dev/cu.usbserial-110: | {"raw":"Error: No such file or directory, cannot open /dev/cu.usbserial-110","friendly":"Error: No such file or directory, cannot open /dev/cu.usbserial-110"}
[2026-07-27T10:55:07.631Z] [INFO] 🔄 [SerialPrinter] Retrying automatic reconnect to /dev/cu.usbserial-110...
[2026-07-27T10:55:07.631Z] [INFO] 🖨️ [SerialPrinter] Opening serial connection to /dev/cu.usbserial-110 (19200 baud)...
[2026-07-27T10:55:07.641Z] [WARN] ⚠️ [SerialPrinter] Failed to open /dev/cu.usbserial-110: | {"raw":"Error: No such file or directory, cannot open /dev/cu.usbserial-110","friendly":"Error: No such file or directory, cannot open /dev/cu.usbserial-110"}
[2026-07-27T10:55:11.647Z] [INFO] 🔄 [SerialPrinter] Retrying automatic reconnect to /dev/cu.usbserial-110...
[2026-07-27T10:55:11.647Z] [INFO] 🖨️ [SerialPrinter] Opening serial connection to /dev/cu.usbserial-110 (19200 baud)...
[2026-07-27T10:55:11.648Z] [WARN] ⚠️ [SerialPrinter] Failed to open /dev/cu.usbserial-110: | {"raw":"Error: No such file or directory, cannot open /dev/cu.usbserial-110","friendly":"Error: No such file or directory, cannot open /dev/cu.usbserial-110"}
[2026-07-27T10:55:15.655Z] [INFO] 🔄 [SerialPrinter] Retrying automatic reconnect to /dev/cu.usbserial-110...
[2026-07-27T10:55:15.656Z] [INFO] 🖨️ [SerialPrinter] Opening serial connection to /dev/cu.usbserial-110 (19200 baud)...
[2026-07-27T10:55:15.657Z] [WARN] ⚠️ [SerialPrinter] Failed to open /dev/cu.usbserial-110: | {"raw":"Error: No such file or directory, cannot open /dev/cu.usbserial-110","friendly":"Error: No such file or directory, cannot open /dev/cu.usbserial-110"}
[2026-07-27T10:55:19.664Z] [INFO] 🔄 [SerialPrinter] Retrying automatic reconnect to /dev/cu.usbserial-110...
[2026-07-27T10:55:19.665Z] [INFO] 🖨️ [SerialPrinter] Opening serial connection to /dev/cu.usbserial-110 (19200 baud)...
[2026-07-27T10:55:19.666Z] [WARN] ⚠️ [SerialPrinter] Failed to open /dev/cu.usbserial-110: | {"raw":"Error: No such file or directory, cannot open /dev/cu.usbserial-110","friendly":"Error: No such file or directory, cannot open /dev/cu.usbserial-110"}
[2026-07-27T10:55:23.674Z] [INFO] 🔄 [SerialPrinter] Retrying automatic reconnect to /dev/cu.usbserial-110...
[2026-07-27T10:55:23.675Z] [INFO] 🖨️ [SerialPrinter] Opening serial connection to /dev/cu.usbserial-110 (19200 baud)...
[2026-07-27T10:55:23.676Z] [WARN] ⚠️ [SerialPrinter] Failed to open /dev/cu.usbserial-110: | {"raw":"Error: No such file or directory, cannot open /dev/cu.usbserial-110","friendly":"Error: No such file or directory, cannot open /dev/cu.usbserial-110"}
[2026-07-27T10:55:27.682Z] [INFO] 🔄 [SerialPrinter] Retrying automatic reconnect to /dev/cu.usbserial-110...
[2026-07-27T10:55:27.683Z] [INFO] 🖨️ [SerialPrinter] Opening serial connection to /dev/cu.usbserial-110 (19200 baud)...
[2026-07-27T10:55:27.684Z] [WARN] ⚠️ [SerialPrinter] Failed to open /dev/cu.usbserial-110: | {"raw":"Error: No such file or directory, cannot open /dev/cu.usbserial-110","friendly":"Error: No such file or directory, cannot open /dev/cu.usbserial-110"}
[2026-07-27T10:55:31.689Z] [INFO] 🔄 [SerialPrinter] Retrying automatic reconnect to /dev/cu.usbserial-110...
[2026-07-27T10:55:31.690Z] [INFO] 🖨️ [SerialPrinter] Opening serial connection to /dev/cu.usbserial-110 (19200 baud)...
[2026-07-27T10:55:31.691Z] [WARN] ⚠️ [SerialPrinter] Failed to open /dev/cu.usbserial-110: | {"raw":"Error: No such file or directory, cannot open /dev/cu.usbserial-110","friendly":"Error: No such file or directory, cannot open /dev/cu.usbserial-110"}
[2026-07-27T10:55:35.699Z] [INFO] 🔄 [SerialPrinter] Retrying automatic reconnect to /dev/cu.usbserial-110...
[2026-07-27T10:55:35.699Z] [INFO] 🖨️ [SerialPrinter] Opening serial connection to /dev/cu.usbserial-110 (19200 baud)...
[2026-07-27T10:55:35.700Z] [WARN] ⚠️ [SerialPrinter] Failed to open /dev/cu.usbserial-110: | {"raw":"Error: No such file or directory, cannot open /dev/cu.usbserial-110","friendly":"Error: No such file or directory, cannot open /dev/cu.usbserial-110"}
[2026-07-27T10:55:39.709Z] [INFO] 🔄 [SerialPrinter] Retrying automatic reconnect to /dev/cu.usbserial-110...
[2026-07-27T10:55:39.711Z] [INFO] 🖨️ [SerialPrinter] Opening serial connection to /dev/cu.usbserial-110 (19200 baud)...
[2026-07-27T10:55:39.712Z] [WARN] ⚠️ [SerialPrinter] Failed to open /dev/cu.usbserial-110: | {"raw":"Error: No such file or directory, cannot open /dev/cu.usbserial-110","friendly":"Error: No such file or directory, cannot open /dev/cu.usbserial-110"}
[2026-07-27T10:55:43.721Z] [INFO] 🔄 [SerialPrinter] Retrying automatic reconnect to /dev/cu.usbserial-110...
[2026-07-27T10:55:43.721Z] [INFO] 🖨️ [SerialPrinter] Opening serial connection to /dev/cu.usbserial-110 (19200 baud)...
[2026-07-27T10:55:43.722Z] [WARN] ⚠️ [SerialPrinter] Failed to open /dev/cu.usbserial-110: | {"raw":"Error: No such file or directory, cannot open /dev/cu.usbserial-110","friendly":"Error: No such file or directory, cannot open /dev/cu.usbserial-110"}
[2026-07-27T10:55:47.730Z] [INFO] 🔄 [SerialPrinter] Retrying automatic reconnect to /dev/cu.usbserial-110...
[2026-07-27T10:55:47.730Z] [INFO] 🖨️ [SerialPrinter] Opening serial connection to /dev/cu.usbserial-110 (19200 baud)...
[2026-07-27T10:55:47.731Z] [WARN] ⚠️ [SerialPrinter] Failed to open /dev/cu.usbserial-110: | {"raw":"Error: No such file or directory, cannot open /dev/cu.usbserial-110","friendly":"Error: No such file or directory, cannot open /dev/cu.usbserial-110"}
[2026-07-27T10:55:51.740Z] [INFO] 🔄 [SerialPrinter] Retrying automatic reconnect to /dev/cu.usbserial-110...
[2026-07-27T10:55:51.742Z] [INFO] 🖨️ [SerialPrinter] Opening serial connection to /dev/cu.usbserial-110 (19200 baud)...
[2026-07-27T10:55:51.745Z] [WARN] ⚠️ [SerialPrinter] Failed to open /dev/cu.usbserial-110: | {"raw":"Error: No such file or directory, cannot open /dev/cu.usbserial-110","friendly":"Error: No such file or directory, cannot open /dev/cu.usbserial-110"}
[2026-07-27T10:55:55.753Z] [INFO] 🔄 [SerialPrinter] Retrying automatic reconnect to /dev/cu.usbserial-110...
[2026-07-27T10:55:55.754Z] [INFO] 🖨️ [SerialPrinter] Opening serial connection to /dev/cu.usbserial-110 (19200 baud)...
[2026-07-27T10:55:55.755Z] [WARN] ⚠️ [SerialPrinter] Failed to open /dev/cu.usbserial-110: | {"raw":"Error: No such file or directory, cannot open /dev/cu.usbserial-110","friendly":"Error: No such file or directory, cannot open /dev/cu.usbserial-110"}
[2026-07-27T10:55:59.763Z] [INFO] 🔄 [SerialPrinter] Retrying automatic reconnect to /dev/cu.usbserial-110...
[2026-07-27T10:55:59.764Z] [INFO] 🖨️ [SerialPrinter] Opening serial connection to /dev/cu.usbserial-110 (19200 baud)...
[2026-07-27T10:55:59.765Z] [WARN] ⚠️ [SerialPrinter] Failed to open /dev/cu.usbserial-110: | {"raw":"Error: No such file or directory, cannot open /dev/cu.usbserial-110","friendly":"Error: No such file or directory, cannot open /dev/cu.usbserial-110"}
[2026-07-27T10:56:03.773Z] [INFO] 🔄 [SerialPrinter] Retrying automatic reconnect to /dev/cu.usbserial-110...
[2026-07-27T10:56:03.774Z] [INFO] 🖨️ [SerialPrinter] Opening serial connection to /dev/cu.usbserial-110 (19200 baud)...
[2026-07-27T10:56:03.774Z] [WARN] ⚠️ [SerialPrinter] Failed to open /dev/cu.usbserial-110: | {"raw":"Error: No such file or directory, cannot open /dev/cu.usbserial-110","friendly":"Error: No such file or directory, cannot open /dev/cu.usbserial-110"}
[2026-07-27T10:56:07.782Z] [INFO] 🔄 [SerialPrinter] Retrying automatic reconnect to /dev/cu.usbserial-110...
[2026-07-27T10:56:07.783Z] [INFO] 🖨️ [SerialPrinter] Opening serial connection to /dev/cu.usbserial-110 (19200 baud)...
[2026-07-27T10:56:07.784Z] [WARN] ⚠️ [SerialPrinter] Failed to open /dev/cu.usbserial-110: | {"raw":"Error: No such file or directory, cannot open /dev/cu.usbserial-110","friendly":"Error: No such file or directory, cannot open /dev/cu.usbserial-110"}
[2026-07-27T10:56:11.795Z] [INFO] 🔄 [SerialPrinter] Retrying automatic reconnect to /dev/cu.usbserial-110...
[2026-07-27T10:56:11.796Z] [INFO] 🖨️ [SerialPrinter] Opening serial connection to /dev/cu.usbserial-110 (19200 baud)...
[2026-07-27T10:56:11.797Z] [WARN] ⚠️ [SerialPrinter] Failed to open /dev/cu.usbserial-110: | {"raw":"Error: No such file or directory, cannot open /dev/cu.usbserial-110","friendly":"Error: No such file or directory, cannot open /dev/cu.usbserial-110"}
[2026-07-27T10:56:15.805Z] [INFO] 🔄 [SerialPrinter] Retrying automatic reconnect to /dev/cu.usbserial-110...
[2026-07-27T10:56:15.806Z] [INFO] 🖨️ [SerialPrinter] Opening serial connection to /dev/cu.usbserial-110 (19200 baud)...
[2026-07-27T10:56:15.807Z] [WARN] ⚠️ [SerialPrinter] Failed to open /dev/cu.usbserial-110: | {"raw":"Error: No such file or directory, cannot open /dev/cu.usbserial-110","friendly":"Error: No such file or directory, cannot open /dev/cu.usbserial-110"}
[2026-07-27T10:56:19.816Z] [INFO] 🔄 [SerialPrinter] Retrying automatic reconnect to /dev/cu.usbserial-110...
[2026-07-27T10:56:19.816Z] [INFO] 🖨️ [SerialPrinter] Opening serial connection to /dev/cu.usbserial-110 (19200 baud)...
[2026-07-27T10:56:19.816Z] [WARN] ⚠️ [SerialPrinter] Failed to open /dev/cu.usbserial-110: | {"raw":"Error: No such file or directory, cannot open /dev/cu.usbserial-110","friendly":"Error: No such file or directory, cannot open /dev/cu.usbserial-110"}
[2026-07-27T10:56:23.822Z] [INFO] 🔄 [SerialPrinter] Retrying automatic reconnect to /dev/cu.usbserial-110...
[2026-07-27T10:56:23.823Z] [INFO] 🖨️ [SerialPrinter] Opening serial connection to /dev/cu.usbserial-110 (19200 baud)...
[2026-07-27T10:56:23.824Z] [WARN] ⚠️ [SerialPrinter] Failed to open /dev/cu.usbserial-110: | {"raw":"Error: No such file or directory, cannot open /dev/cu.usbserial-110","friendly":"Error: No such file or directory, cannot open /dev/cu.usbserial-110"}
[2026-07-27T10:56:27.831Z] [INFO] 🔄 [SerialPrinter] Retrying automatic reconnect to /dev/cu.usbserial-110...
[2026-07-27T10:56:27.831Z] [INFO] 🖨️ [SerialPrinter] Opening serial connection to /dev/cu.usbserial-110 (19200 baud)...
[2026-07-27T10:56:27.831Z] [WARN] ⚠️ [SerialPrinter] Failed to open /dev/cu.usbserial-110: | {"raw":"Error: No such file or directory, cannot open /dev/cu.usbserial-110","friendly":"Error: No such file or directory, cannot open /dev/cu.usbserial-110"}
[2026-07-27T10:56:31.839Z] [INFO] 🔄 [SerialPrinter] Retrying automatic reconnect to /dev/cu.usbserial-110...
[2026-07-27T10:56:31.839Z] [INFO] 🖨️ [SerialPrinter] Opening serial connection to /dev/cu.usbserial-110 (19200 baud)...
[2026-07-27T10:56:31.840Z] [WARN] ⚠️ [SerialPrinter] Failed to open /dev/cu.usbserial-110: | {"raw":"Error: No such file or directory, cannot open /dev/cu.usbserial-110","friendly":"Error: No such file or directory, cannot open /dev/cu.usbserial-110"}
[2026-07-27T10:56:35.847Z] [INFO] 🔄 [SerialPrinter] Retrying automatic reconnect to /dev/cu.usbserial-110...
[2026-07-27T10:56:35.848Z] [INFO] 🖨️ [SerialPrinter] Opening serial connection to /dev/cu.usbserial-110 (19200 baud)...
[2026-07-27T10:56:35.849Z] [WARN] ⚠️ [SerialPrinter] Failed to open /dev/cu.usbserial-110: | {"raw":"Error: No such file or directory, cannot open /dev/cu.usbserial-110","friendly":"Error: No such file or directory, cannot open /dev/cu.usbserial-110"}
[2026-07-27T10:56:39.857Z] [INFO] 🔄 [SerialPrinter] Retrying automatic reconnect to /dev/cu.usbserial-110...
[2026-07-27T10:56:39.858Z] [INFO] 🖨️ [SerialPrinter] Opening serial connection to /dev/cu.usbserial-110 (19200 baud)...
[2026-07-27T10:56:39.859Z] [WARN] ⚠️ [SerialPrinter] Failed to open /dev/cu.usbserial-110: | {"raw":"Error: No such file or directory, cannot open /dev/cu.usbserial-110","friendly":"Error: No such file or directory, cannot open /dev/cu.usbserial-110"}
[2026-07-27T10:56:43.866Z] [INFO] 🔄 [SerialPrinter] Retrying automatic reconnect to /dev/cu.usbserial-110...
[2026-07-27T10:56:43.866Z] [INFO] 🖨️ [SerialPrinter] Opening serial connection to /dev/cu.usbserial-110 (19200 baud)...
[2026-07-27T10:56:43.866Z] [WARN] ⚠️ [SerialPrinter] Failed to open /dev/cu.usbserial-110: | {"raw":"Error: No such file or directory, cannot open /dev/cu.usbserial-110","friendly":"Error: No such file or directory, cannot open /dev/cu.usbserial-110"}
[2026-07-27T10:56:47.872Z] [INFO] 🔄 [SerialPrinter] Retrying automatic reconnect to /dev/cu.usbserial-110...
[2026-07-27T10:56:47.873Z] [INFO] 🖨️ [SerialPrinter] Opening serial connection to /dev/cu.usbserial-110 (19200 baud)...
[2026-07-27T10:56:47.874Z] [WARN] ⚠️ [SerialPrinter] Failed to open /dev/cu.usbserial-110: | {"raw":"Error: No such file or directory, cannot open /dev/cu.usbserial-110","friendly":"Error: No such file or directory, cannot open /dev/cu.usbserial-110"}
[2026-07-27T10:56:51.880Z] [INFO] 🔄 [SerialPrinter] Retrying automatic reconnect to /dev/cu.usbserial-110...
[2026-07-27T10:56:51.881Z] [INFO] 🖨️ [SerialPrinter] Opening serial connection to /dev/cu.usbserial-110 (19200 baud)...
[2026-07-27T10:56:51.882Z] [WARN] ⚠️ [SerialPrinter] Failed to open /dev/cu.usbserial-110: | {"raw":"Error: No such file or directory, cannot open /dev/cu.usbserial-110","friendly":"Error: No such file or directory, cannot open /dev/cu.usbserial-110"}
[2026-07-27T10:56:55.897Z] [INFO] 🔄 [SerialPrinter] Retrying automatic reconnect to /dev/cu.usbserial-110...
[2026-07-27T10:56:55.899Z] [INFO] 🖨️ [SerialPrinter] Opening serial connection to /dev/cu.usbserial-110 (19200 baud)...
[2026-07-27T10:56:55.900Z] [WARN] ⚠️ [SerialPrinter] Failed to open /dev/cu.usbserial-110: | {"raw":"Error: No such file or directory, cannot open /dev/cu.usbserial-110","friendly":"Error: No such file or directory, cannot open /dev/cu.usbserial-110"}
[2026-07-27T10:56:59.911Z] [INFO] 🔄 [SerialPrinter] Retrying automatic reconnect to /dev/cu.usbserial-110...
[2026-07-27T10:56:59.912Z] [INFO] 🖨️ [SerialPrinter] Opening serial connection to /dev/cu.usbserial-110 (19200 baud)...
[2026-07-27T10:56:59.913Z] [WARN] ⚠️ [SerialPrinter] Failed to open /dev/cu.usbserial-110: | {"raw":"Error: No such file or directory, cannot open /dev/cu.usbserial-110","friendly":"Error: No such file or directory, cannot open /dev/cu.usbserial-110"}
[2026-07-27T10:57:22.512Z] [INFO] 🔄 [SerialPrinter] Retrying automatic reconnect to /dev/cu.usbserial-110...
[2026-07-27T10:57:22.515Z] [INFO] 🖨️ [SerialPrinter] Opening serial connection to /dev/cu.usbserial-110 (19200 baud)...
[2026-07-27T10:57:22.517Z] [WARN] ⚠️ [SerialPrinter] Failed to open /dev/cu.usbserial-110: | {"raw":"Error: No such file or directory, cannot open /dev/cu.usbserial-110","friendly":"Error: No such file or directory, cannot open /dev/cu.usbserial-110"}
[2026-07-27T10:57:26.524Z] [INFO] 🔄 [SerialPrinter] Retrying automatic reconnect to /dev/cu.usbserial-110...
[2026-07-27T10:57:26.526Z] [INFO] 🖨️ [SerialPrinter] Opening serial connection to /dev/cu.usbserial-110 (19200 baud)...
[2026-07-27T10:57:26.527Z] [WARN] ⚠️ [SerialPrinter] Failed to open /dev/cu.usbserial-110: | {"raw":"Error: No such file or directory, cannot open /dev/cu.usbserial-110","friendly":"Error: No such file or directory, cannot open /dev/cu.usbserial-110"}
[2026-07-27T10:57:30.532Z] [INFO] 🔄 [SerialPrinter] Retrying automatic reconnect to /dev/cu.usbserial-110...
[2026-07-27T10:57:30.533Z] [INFO] 🖨️ [SerialPrinter] Opening serial connection to /dev/cu.usbserial-110 (19200 baud)...
[2026-07-27T10:57:30.534Z] [WARN] ⚠️ [SerialPrinter] Failed to open /dev/cu.usbserial-110: | {"raw":"Error: No such file or directory, cannot open /dev/cu.usbserial-110","friendly":"Error: No such file or directory, cannot open /dev/cu.usbserial-110"}
[2026-07-27T10:57:34.539Z] [INFO] 🔄 [SerialPrinter] Retrying automatic reconnect to /dev/cu.usbserial-110...
[2026-07-27T10:57:34.540Z] [INFO] 🖨️ [SerialPrinter] Opening serial connection to /dev/cu.usbserial-110 (19200 baud)...
[2026-07-27T10:57:34.541Z] [WARN] ⚠️ [SerialPrinter] Failed to open /dev/cu.usbserial-110: | {"raw":"Error: No such file or directory, cannot open /dev/cu.usbserial-110","friendly":"Error: No such file or directory, cannot open /dev/cu.usbserial-110"}
[2026-07-27T10:57:38.545Z] [INFO] 🔄 [SerialPrinter] Retrying automatic reconnect to /dev/cu.usbserial-110...
[2026-07-27T10:57:38.546Z] [INFO] 🖨️ [SerialPrinter] Opening serial connection to /dev/cu.usbserial-110 (19200 baud)...
[2026-07-27T10:57:38.547Z] [WARN] ⚠️ [SerialPrinter] Failed to open /dev/cu.usbserial-110: | {"raw":"Error: No such file or directory, cannot open /dev/cu.usbserial-110","friendly":"Error: No such file or directory, cannot open /dev/cu.usbserial-110"}
[2026-07-27T10:57:42.553Z] [INFO] 🔄 [SerialPrinter] Retrying automatic reconnect to /dev/cu.usbserial-110...
[2026-07-27T10:57:42.553Z] [INFO] 🖨️ [SerialPrinter] Opening serial connection to /dev/cu.usbserial-110 (19200 baud)...
[2026-07-27T10:57:42.554Z] [WARN] ⚠️ [SerialPrinter] Failed to open /dev/cu.usbserial-110: | {"raw":"Error: No such file or directory, cannot open /dev/cu.usbserial-110","friendly":"Error: No such file or directory, cannot open /dev/cu.usbserial-110"}
[2026-07-27T10:57:46.562Z] [INFO] 🔄 [SerialPrinter] Retrying automatic reconnect to /dev/cu.usbserial-110...
[2026-07-27T10:57:46.563Z] [INFO] 🖨️ [SerialPrinter] Opening serial connection to /dev/cu.usbserial-110 (19200 baud)...
[2026-07-27T10:57:46.565Z] [WARN] ⚠️ [SerialPrinter] Failed to open /dev/cu.usbserial-110: | {"raw":"Error: No such file or directory, cannot open /dev/cu.usbserial-110","friendly":"Error: No such file or directory, cannot open /dev/cu.usbserial-110"}
[2026-07-27T10:57:50.573Z] [INFO] 🔄 [SerialPrinter] Retrying automatic reconnect to /dev/cu.usbserial-110...
[2026-07-27T10:57:50.574Z] [INFO] 🖨️ [SerialPrinter] Opening serial connection to /dev/cu.usbserial-110 (19200 baud)...
[2026-07-27T10:57:50.575Z] [WARN] ⚠️ [SerialPrinter] Failed to open /dev/cu.usbserial-110: | {"raw":"Error: No such file or directory, cannot open /dev/cu.usbserial-110","friendly":"Error: No such file or directory, cannot open /dev/cu.usbserial-110"}
[2026-07-27T10:57:54.583Z] [INFO] 🔄 [SerialPrinter] Retrying automatic reconnect to /dev/cu.usbserial-110...
[2026-07-27T10:57:54.583Z] [INFO] 🖨️ [SerialPrinter] Opening serial connection to /dev/cu.usbserial-110 (19200 baud)...
[2026-07-27T10:57:54.584Z] [WARN] ⚠️ [SerialPrinter] Failed to open /dev/cu.usbserial-110: | {"raw":"Error: No such file or directory, cannot open /dev/cu.usbserial-110","friendly":"Error: No such file or directory, cannot open /dev/cu.usbserial-110"}
[2026-07-27T10:57:58.593Z] [INFO] 🔄 [SerialPrinter] Retrying automatic reconnect to /dev/cu.usbserial-110...
[2026-07-27T10:57:58.595Z] [INFO] 🖨️ [SerialPrinter] Opening serial connection to /dev/cu.usbserial-110 (19200 baud)...
[2026-07-27T10:57:58.595Z] [WARN] ⚠️ [SerialPrinter] Failed to open /dev/cu.usbserial-110: | {"raw":"Error: No such file or directory, cannot open /dev/cu.usbserial-110","friendly":"Error: No such file or directory, cannot open /dev/cu.usbserial-110"}
[2026-07-27T10:58:02.604Z] [INFO] 🔄 [SerialPrinter] Retrying automatic reconnect to /dev/cu.usbserial-110...
[2026-07-27T10:58:02.605Z] [INFO] 🖨️ [SerialPrinter] Opening serial connection to /dev/cu.usbserial-110 (19200 baud)...
[2026-07-27T10:58:02.606Z] [WARN] ⚠️ [SerialPrinter] Failed to open /dev/cu.usbserial-110: | {"raw":"Error: No such file or directory, cannot open /dev/cu.usbserial-110","friendly":"Error: No such file or directory, cannot open /dev/cu.usbserial-110"}
[2026-07-27T10:58:06.613Z] [INFO] 🔄 [SerialPrinter] Retrying automatic reconnect to /dev/cu.usbserial-110...
[2026-07-27T10:58:06.614Z] [INFO] 🖨️ [SerialPrinter] Opening serial connection to /dev/cu.usbserial-110 (19200 baud)...
[2026-07-27T10:58:06.615Z] [WARN] ⚠️ [SerialPrinter] Failed to open /dev/cu.usbserial-110: | {"raw":"Error: No such file or directory, cannot open /dev/cu.usbserial-110","friendly":"Error: No such file or directory, cannot open /dev/cu.usbserial-110"}
[2026-07-27T10:58:10.620Z] [INFO] 🔄 [SerialPrinter] Retrying automatic reconnect to /dev/cu.usbserial-110...
[2026-07-27T10:58:10.620Z] [INFO] 🖨️ [SerialPrinter] Opening serial connection to /dev/cu.usbserial-110 (19200 baud)...
[2026-07-27T10:58:10.621Z] [WARN] ⚠️ [SerialPrinter] Failed to open /dev/cu.usbserial-110: | {"raw":"Error: No such file or directory, cannot open /dev/cu.usbserial-110","friendly":"Error: No such file or directory, cannot open /dev/cu.usbserial-110"}
[2026-07-27T10:58:14.628Z] [INFO] 🔄 [SerialPrinter] Retrying automatic reconnect to /dev/cu.usbserial-110...
[2026-07-27T10:58:14.629Z] [INFO] 🖨️ [SerialPrinter] Opening serial connection to /dev/cu.usbserial-110 (19200 baud)...
[2026-07-27T10:58:14.629Z] [WARN] ⚠️ [SerialPrinter] Failed to open /dev/cu.usbserial-110: | {"raw":"Error: No such file or directory, cannot open /dev/cu.usbserial-110","friendly":"Error: No such file or directory, cannot open /dev/cu.usbserial-110"}
[2026-07-27T10:58:18.641Z] [INFO] 🔄 [SerialPrinter] Retrying automatic reconnect to /dev/cu.usbserial-110...
[2026-07-27T10:58:18.642Z] [INFO] 🖨️ [SerialPrinter] Opening serial connection to /dev/cu.usbserial-110 (19200 baud)...
[2026-07-27T10:58:18.643Z] [WARN] ⚠️ [SerialPrinter] Failed to open /dev/cu.usbserial-110: | {"raw":"Error: No such file or directory, cannot open /dev/cu.usbserial-110","friendly":"Error: No such file or directory, cannot open /dev/cu.usbserial-110"}
[2026-07-27T10:58:22.653Z] [INFO] 🔄 [SerialPrinter] Retrying automatic reconnect to /dev/cu.usbserial-110...
[2026-07-27T10:58:22.653Z] [INFO] 🖨️ [SerialPrinter] Opening serial connection to /dev/cu.usbserial-110 (19200 baud)...
[2026-07-27T10:58:22.654Z] [WARN] ⚠️ [SerialPrinter] Failed to open /dev/cu.usbserial-110: | {"raw":"Error: No such file or directory, cannot open /dev/cu.usbserial-110","friendly":"Error: No such file or directory, cannot open /dev/cu.usbserial-110"}
[2026-07-27T10:58:26.664Z] [INFO] 🔄 [SerialPrinter] Retrying automatic reconnect to /dev/cu.usbserial-110...
[2026-07-27T10:58:26.665Z] [INFO] 🖨️ [SerialPrinter] Opening serial connection to /dev/cu.usbserial-110 (19200 baud)...
[2026-07-27T10:58:26.666Z] [WARN] ⚠️ [SerialPrinter] Failed to open /dev/cu.usbserial-110: | {"raw":"Error: No such file or directory, cannot open /dev/cu.usbserial-110","friendly":"Error: No such file or directory, cannot open /dev/cu.usbserial-110"}
[2026-07-27T11:15:53.791Z] [INFO] 🔄 [SerialPrinter] Retrying automatic reconnect to /dev/cu.usbserial-110...
[2026-07-27T11:15:53.792Z] [INFO] 🖨️ [SerialPrinter] Opening serial connection to /dev/cu.usbserial-110 (19200 baud)...
[2026-07-27T11:15:53.793Z] [WARN] ⚠️ [SerialPrinter] Failed to open /dev/cu.usbserial-110: | {"raw":"Error: No such file or directory, cannot open /dev/cu.usbserial-110","friendly":"Error: No such file or directory, cannot open /dev/cu.usbserial-110"}
[2026-07-27T11:15:57.661Z] [INFO] 🔄 [SerialPrinter] Retrying automatic reconnect to /dev/cu.usbserial-110...
[2026-07-27T11:15:57.663Z] [INFO] 🖨️ [SerialPrinter] Opening serial connection to /dev/cu.usbserial-110 (19200 baud)...
[2026-07-27T11:15:57.664Z] [WARN] ⚠️ [SerialPrinter] Failed to open /dev/cu.usbserial-110: | {"raw":"Error: No such file or directory, cannot open /dev/cu.usbserial-110","friendly":"Error: No such file or directory, cannot open /dev/cu.usbserial-110"}
[2026-07-27T11:16:01.676Z] [INFO] 🔄 [SerialPrinter] Retrying automatic reconnect to /dev/cu.usbserial-110...
[2026-07-27T11:16:01.678Z] [INFO] 🖨️ [SerialPrinter] Opening serial connection to /dev/cu.usbserial-110 (19200 baud)...
[2026-07-27T11:16:01.679Z] [WARN] ⚠️ [SerialPrinter] Failed to open /dev/cu.usbserial-110: | {"raw":"Error: No such file or directory, cannot open /dev/cu.usbserial-110","friendly":"Error: No such file or directory, cannot open /dev/cu.usbserial-110"}
[2026-07-27T11:16:05.683Z] [INFO] 🔄 [SerialPrinter] Retrying automatic reconnect to /dev/cu.usbserial-110...
[2026-07-27T11:16:05.684Z] [INFO] 🖨️ [SerialPrinter] Opening serial connection to /dev/cu.usbserial-110 (19200 baud)...
[2026-07-27T11:16:05.688Z] [WARN] ⚠️ [SerialPrinter] Failed to open /dev/cu.usbserial-110: | {"raw":"Error: No such file or directory, cannot open /dev/cu.usbserial-110","friendly":"Error: No such file or directory, cannot open /dev/cu.usbserial-110"}
[2026-07-27T11:16:09.697Z] [INFO] 🔄 [SerialPrinter] Retrying automatic reconnect to /dev/cu.usbserial-110...
[2026-07-27T11:16:09.698Z] [INFO] 🖨️ [SerialPrinter] Opening serial connection to /dev/cu.usbserial-110 (19200 baud)...
[2026-07-27T11:16:09.699Z] [WARN] ⚠️ [SerialPrinter] Failed to open /dev/cu.usbserial-110: | {"raw":"Error: No such file or directory, cannot open /dev/cu.usbserial-110","friendly":"Error: No such file or directory, cannot open /dev/cu.usbserial-110"}
[2026-07-27T11:16:13.707Z] [INFO] 🔄 [SerialPrinter] Retrying automatic reconnect to /dev/cu.usbserial-110...
[2026-07-27T11:16:13.708Z] [INFO] 🖨️ [SerialPrinter] Opening serial connection to /dev/cu.usbserial-110 (19200 baud)...
[2026-07-27T11:16:13.709Z] [WARN] ⚠️ [SerialPrinter] Failed to open /dev/cu.usbserial-110: | {"raw":"Error: No such file or directory, cannot open /dev/cu.usbserial-110","friendly":"Error: No such file or directory, cannot open /dev/cu.usbserial-110"}
[2026-07-27T11:20:00.509Z] [INFO] 🔄 [SerialPrinter] Retrying automatic reconnect to /dev/cu.usbserial-110...
[2026-07-27T11:20:00.509Z] [INFO] 🖨️ [SerialPrinter] Opening serial connection to /dev/cu.usbserial-110 (19200 baud)...
[2026-07-27T11:20:00.516Z] [WARN] ⚠️ [SerialPrinter] Failed to open /dev/cu.usbserial-110: | {"raw":"Error: No such file or directory, cannot open /dev/cu.usbserial-110","friendly":"Error: No such file or directory, cannot open /dev/cu.usbserial-110"}
[2026-07-27T11:20:04.523Z] [INFO] 🔄 [SerialPrinter] Retrying automatic reconnect to /dev/cu.usbserial-110...
[2026-07-27T11:20:04.524Z] [INFO] 🖨️ [SerialPrinter] Opening serial connection to /dev/cu.usbserial-110 (19200 baud)...
[2026-07-27T11:20:04.525Z] [WARN] ⚠️ [SerialPrinter] Failed to open /dev/cu.usbserial-110: | {"raw":"Error: No such file or directory, cannot open /dev/cu.usbserial-110","friendly":"Error: No such file or directory, cannot open /dev/cu.usbserial-110"}
[2026-07-27T11:26:43.069Z] [INFO] 🔄 [SerialPrinter] Retrying automatic reconnect to /dev/cu.usbserial-110...
[2026-07-27T11:26:43.069Z] [INFO] 🖨️ [SerialPrinter] Opening serial connection to /dev/cu.usbserial-110 (19200 baud)...
[2026-07-27T11:26:43.070Z] [WARN] ⚠️ [SerialPrinter] Failed to open /dev/cu.usbserial-110: | {"raw":"Error: No such file or directory, cannot open /dev/cu.usbserial-110","friendly":"Error: No such file or directory, cannot open /dev/cu.usbserial-110"}
[2026-07-27T11:26:47.075Z] [INFO] 🔄 [SerialPrinter] Retrying automatic reconnect to /dev/cu.usbserial-110...
[2026-07-27T11:26:47.078Z] [INFO] 🖨️ [SerialPrinter] Opening serial connection to /dev/cu.usbserial-110 (19200 baud)...
[2026-07-27T11:26:47.080Z] [WARN] ⚠️ [SerialPrinter] Failed to open /dev/cu.usbserial-110: | {"raw":"Error: No such file or directory, cannot open /dev/cu.usbserial-110","friendly":"Error: No such file or directory, cannot open /dev/cu.usbserial-110"}
[2026-07-27T11:26:51.087Z] [INFO] 🔄 [SerialPrinter] Retrying automatic reconnect to /dev/cu.usbserial-110...
[2026-07-27T11:26:51.088Z] [INFO] 🖨️ [SerialPrinter] Opening serial connection to /dev/cu.usbserial-110 (19200 baud)...
[2026-07-27T11:26:51.089Z] [WARN] ⚠️ [SerialPrinter] Failed to open /dev/cu.usbserial-110: | {"raw":"Error: No such file or directory, cannot open /dev/cu.usbserial-110","friendly":"Error: No such file or directory, cannot open /dev/cu.usbserial-110"}
[2026-07-27T11:26:55.097Z] [INFO] 🔄 [SerialPrinter] Retrying automatic reconnect to /dev/cu.usbserial-110...
[2026-07-27T11:26:55.098Z] [INFO] 🖨️ [SerialPrinter] Opening serial connection to /dev/cu.usbserial-110 (19200 baud)...
[2026-07-27T11:26:55.099Z] [WARN] ⚠️ [SerialPrinter] Failed to open /dev/cu.usbserial-110: | {"raw":"Error: No such file or directory, cannot open /dev/cu.usbserial-110","friendly":"Error: No such file or directory, cannot open /dev/cu.usbserial-110"}
[2026-07-27T11:26:59.107Z] [INFO] 🔄 [SerialPrinter] Retrying automatic reconnect to /dev/cu.usbserial-110...
[2026-07-27T11:26:59.108Z] [INFO] 🖨️ [SerialPrinter] Opening serial connection to /dev/cu.usbserial-110 (19200 baud)...
[2026-07-27T11:26:59.109Z] [WARN] ⚠️ [SerialPrinter] Failed to open /dev/cu.usbserial-110: | {"raw":"Error: No such file or directory, cannot open /dev/cu.usbserial-110","friendly":"Error: No such file or directory, cannot open /dev/cu.usbserial-110"}
[2026-07-27T11:27:03.115Z] [INFO] 🔄 [SerialPrinter] Retrying automatic reconnect to /dev/cu.usbserial-110...
[2026-07-27T11:27:03.116Z] [INFO] 🖨️ [SerialPrinter] Opening serial connection to /dev/cu.usbserial-110 (19200 baud)...
[2026-07-27T11:27:03.117Z] [WARN] ⚠️ [SerialPrinter] Failed to open /dev/cu.usbserial-110: | {"raw":"Error: No such file or directory, cannot open /dev/cu.usbserial-110","friendly":"Error: No such file or directory, cannot open /dev/cu.usbserial-110"}
[2026-07-27T11:27:07.123Z] [INFO] 🔄 [SerialPrinter] Retrying automatic reconnect to /dev/cu.usbserial-110...
[2026-07-27T11:27:07.124Z] [INFO] 🖨️ [SerialPrinter] Opening serial connection to /dev/cu.usbserial-110 (19200 baud)...
[2026-07-27T11:27:07.125Z] [WARN] ⚠️ [SerialPrinter] Failed to open /dev/cu.usbserial-110: | {"raw":"Error: No such file or directory, cannot open /dev/cu.usbserial-110","friendly":"Error: No such file or directory, cannot open /dev/cu.usbserial-110"}
[2026-07-27T11:27:11.131Z] [INFO] 🔄 [SerialPrinter] Retrying automatic reconnect to /dev/cu.usbserial-110...
[2026-07-27T11:27:11.132Z] [INFO] 🖨️ [SerialPrinter] Opening serial connection to /dev/cu.usbserial-110 (19200 baud)...
[2026-07-27T11:27:11.132Z] [WARN] ⚠️ [SerialPrinter] Failed to open /dev/cu.usbserial-110: | {"raw":"Error: No such file or directory, cannot open /dev/cu.usbserial-110","friendly":"Error: No such file or directory, cannot open /dev/cu.usbserial-110"}
[2026-07-27T11:27:15.139Z] [INFO] 🔄 [SerialPrinter] Retrying automatic reconnect to /dev/cu.usbserial-110...
[2026-07-27T11:27:15.140Z] [INFO] 🖨️ [SerialPrinter] Opening serial connection to /dev/cu.usbserial-110 (19200 baud)...
[2026-07-27T11:27:15.141Z] [WARN] ⚠️ [SerialPrinter] Failed to open /dev/cu.usbserial-110: | {"raw":"Error: No such file or directory, cannot open /dev/cu.usbserial-110","friendly":"Error: No such file or directory, cannot open /dev/cu.usbserial-110"}
[2026-07-27T11:27:19.148Z] [INFO] 🔄 [SerialPrinter] Retrying automatic reconnect to /dev/cu.usbserial-110...
[2026-07-27T11:27:19.149Z] [INFO] 🖨️ [SerialPrinter] Opening serial connection to /dev/cu.usbserial-110 (19200 baud)...
[2026-07-27T11:27:19.150Z] [WARN] ⚠️ [SerialPrinter] Failed to open /dev/cu.usbserial-110: | {"raw":"Error: No such file or directory, cannot open /dev/cu.usbserial-110","friendly":"Error: No such file or directory, cannot open /dev/cu.usbserial-110"}
[2026-07-27T11:27:23.156Z] [INFO] 🔄 [SerialPrinter] Retrying automatic reconnect to /dev/cu.usbserial-110...
[2026-07-27T11:27:23.156Z] [INFO] 🖨️ [SerialPrinter] Opening serial connection to /dev/cu.usbserial-110 (19200 baud)...
[2026-07-27T11:27:23.157Z] [WARN] ⚠️ [SerialPrinter] Failed to open /dev/cu.usbserial-110: | {"raw":"Error: No such file or directory, cannot open /dev/cu.usbserial-110","friendly":"Error: No such file or directory, cannot open /dev/cu.usbserial-110"}
[2026-07-27T11:27:27.164Z] [INFO] 🔄 [SerialPrinter] Retrying automatic reconnect to /dev/cu.usbserial-110...
[2026-07-27T11:27:27.165Z] [INFO] 🖨️ [SerialPrinter] Opening serial connection to /dev/cu.usbserial-110 (19200 baud)...
[2026-07-27T11:27:27.165Z] [WARN] ⚠️ [SerialPrinter] Failed to open /dev/cu.usbserial-110: | {"raw":"Error: No such file or directory, cannot open /dev/cu.usbserial-110","friendly":"Error: No such file or directory, cannot open /dev/cu.usbserial-110"}
[2026-07-27T11:27:31.172Z] [INFO] 🔄 [SerialPrinter] Retrying automatic reconnect to /dev/cu.usbserial-110...
[2026-07-27T11:27:31.173Z] [INFO] 🖨️ [SerialPrinter] Opening serial connection to /dev/cu.usbserial-110 (19200 baud)...
[2026-07-27T11:27:31.174Z] [WARN] ⚠️ [SerialPrinter] Failed to open /dev/cu.usbserial-110: | {"raw":"Error: No such file or directory, cannot open /dev/cu.usbserial-110","friendly":"Error: No such file or directory, cannot open /dev/cu.usbserial-110"}
[2026-07-27T11:27:35.181Z] [INFO] 🔄 [SerialPrinter] Retrying automatic reconnect to /dev/cu.usbserial-110...
[2026-07-27T11:27:35.182Z] [INFO] 🖨️ [SerialPrinter] Opening serial connection to /dev/cu.usbserial-110 (19200 baud)...
[2026-07-27T11:27:35.183Z] [WARN] ⚠️ [SerialPrinter] Failed to open /dev/cu.usbserial-110: | {"raw":"Error: No such file or directory, cannot open /dev/cu.usbserial-110","friendly":"Error: No such file or directory, cannot open /dev/cu.usbserial-110"}
[2026-07-27T11:27:39.190Z] [INFO] 🔄 [SerialPrinter] Retrying automatic reconnect to /dev/cu.usbserial-110...
[2026-07-27T11:27:39.191Z] [INFO] 🖨️ [SerialPrinter] Opening serial connection to /dev/cu.usbserial-110 (19200 baud)...
[2026-07-27T11:27:39.192Z] [WARN] ⚠️ [SerialPrinter] Failed to open /dev/cu.usbserial-110: | {"raw":"Error: No such file or directory, cannot open /dev/cu.usbserial-110","friendly":"Error: No such file or directory, cannot open /dev/cu.usbserial-110"}
[2026-07-27T11:27:43.198Z] [INFO] 🔄 [SerialPrinter] Retrying automatic reconnect to /dev/cu.usbserial-110...
[2026-07-27T11:27:43.199Z] [INFO] 🖨️ [SerialPrinter] Opening serial connection to /dev/cu.usbserial-110 (19200 baud)...
[2026-07-27T11:27:43.200Z] [WARN] ⚠️ [SerialPrinter] Failed to open /dev/cu.usbserial-110: | {"raw":"Error: No such file or directory, cannot open /dev/cu.usbserial-110","friendly":"Error: No such file or directory, cannot open /dev/cu.usbserial-110"}
[2026-07-27T11:27:47.206Z] [INFO] 🔄 [SerialPrinter] Retrying automatic reconnect to /dev/cu.usbserial-110...
[2026-07-27T11:27:47.207Z] [INFO] 🖨️ [SerialPrinter] Opening serial connection to /dev/cu.usbserial-110 (19200 baud)...
[2026-07-27T11:27:47.207Z] [WARN] ⚠️ [SerialPrinter] Failed to open /dev/cu.usbserial-110: | {"raw":"Error: No such file or directory, cannot open /dev/cu.usbserial-110","friendly":"Error: No such file or directory, cannot open /dev/cu.usbserial-110"}
[2026-07-27T11:27:51.215Z] [INFO] 🔄 [SerialPrinter] Retrying automatic reconnect to /dev/cu.usbserial-110...
[2026-07-27T11:27:51.216Z] [INFO] 🖨️ [SerialPrinter] Opening serial connection to /dev/cu.usbserial-110 (19200 baud)...
[2026-07-27T11:27:51.216Z] [WARN] ⚠️ [SerialPrinter] Failed to open /dev/cu.usbserial-110: | {"raw":"Error: No such file or directory, cannot open /dev/cu.usbserial-110","friendly":"Error: No such file or directory, cannot open /dev/cu.usbserial-110"}
[2026-07-27T11:27:55.222Z] [INFO] 🔄 [SerialPrinter] Retrying automatic reconnect to /dev/cu.usbserial-110...
[2026-07-27T11:27:55.223Z] [INFO] 🖨️ [SerialPrinter] Opening serial connection to /dev/cu.usbserial-110 (19200 baud)...
[2026-07-27T11:27:55.224Z] [WARN] ⚠️ [SerialPrinter] Failed to open /dev/cu.usbserial-110: | {"raw":"Error: No such file or directory, cannot open /dev/cu.usbserial-110","friendly":"Error: No such file or directory, cannot open /dev/cu.usbserial-110"}
[2026-07-27T11:27:59.230Z] [INFO] 🔄 [SerialPrinter] Retrying automatic reconnect to /dev/cu.usbserial-110...
[2026-07-27T11:27:59.230Z] [INFO] 🖨️ [SerialPrinter] Opening serial connection to /dev/cu.usbserial-110 (19200 baud)...
[2026-07-27T11:27:59.231Z] [WARN] ⚠️ [SerialPrinter] Failed to open /dev/cu.usbserial-110: | {"raw":"Error: No such file or directory, cannot open /dev/cu.usbserial-110","friendly":"Error: No such file or directory, cannot open /dev/cu.usbserial-110"}
[2026-07-27T11:28:03.238Z] [INFO] 🔄 [SerialPrinter] Retrying automatic reconnect to /dev/cu.usbserial-110...
[2026-07-27T11:28:03.239Z] [INFO] 🖨️ [SerialPrinter] Opening serial connection to /dev/cu.usbserial-110 (19200 baud)...
[2026-07-27T11:28:03.239Z] [WARN] ⚠️ [SerialPrinter] Failed to open /dev/cu.usbserial-110: | {"raw":"Error: No such file or directory, cannot open /dev/cu.usbserial-110","friendly":"Error: No such file or directory, cannot open /dev/cu.usbserial-110"}
[2026-07-27T11:28:07.244Z] [INFO] 🔄 [SerialPrinter] Retrying automatic reconnect to /dev/cu.usbserial-110...
[2026-07-27T11:28:07.245Z] [INFO] 🖨️ [SerialPrinter] Opening serial connection to /dev/cu.usbserial-110 (19200 baud)...
[2026-07-27T11:28:07.245Z] [WARN] ⚠️ [SerialPrinter] Failed to open /dev/cu.usbserial-110: | {"raw":"Error: No such file or directory, cannot open /dev/cu.usbserial-110","friendly":"Error: No such file or directory, cannot open /dev/cu.usbserial-110"}
[2026-07-27T11:28:11.251Z] [INFO] 🔄 [SerialPrinter] Retrying automatic reconnect to /dev/cu.usbserial-110...
[2026-07-27T11:28:11.252Z] [INFO] 🖨️ [SerialPrinter] Opening serial connection to /dev/cu.usbserial-110 (19200 baud)...
[2026-07-27T11:28:11.253Z] [WARN] ⚠️ [SerialPrinter] Failed to open /dev/cu.usbserial-110: | {"raw":"Error: No such file or directory, cannot open /dev/cu.usbserial-110","friendly":"Error: No such file or directory, cannot open /dev/cu.usbserial-110"}
[2026-07-27T11:28:15.258Z] [INFO] 🔄 [SerialPrinter] Retrying automatic reconnect to /dev/cu.usbserial-110...
[2026-07-27T11:28:15.258Z] [INFO] 🖨️ [SerialPrinter] Opening serial connection to /dev/cu.usbserial-110 (19200 baud)...
[2026-07-27T11:28:15.259Z] [WARN] ⚠️ [SerialPrinter] Failed to open /dev/cu.usbserial-110: | {"raw":"Error: No such file or directory, cannot open /dev/cu.usbserial-110","friendly":"Error: No such file or directory, cannot open /dev/cu.usbserial-110"}
[2026-07-27T11:30:39.052Z] [INFO] 🔄 [SerialPrinter] Retrying automatic reconnect to /dev/cu.usbserial-110...
[2026-07-27T11:30:39.052Z] [INFO] 🖨️ [SerialPrinter] Opening serial connection to /dev/cu.usbserial-110 (19200 baud)...
[2026-07-27T11:30:39.053Z] [WARN] ⚠️ [SerialPrinter] Failed to open /dev/cu.usbserial-110: | {"raw":"Error: No such file or directory, cannot open /dev/cu.usbserial-110","friendly":"Error: No such file or directory, cannot open /dev/cu.usbserial-110"}
[2026-07-27T11:30:43.060Z] [INFO] 🔄 [SerialPrinter] Retrying automatic reconnect to /dev/cu.usbserial-110...
[2026-07-27T11:30:43.061Z] [INFO] 🖨️ [SerialPrinter] Opening serial connection to /dev/cu.usbserial-110 (19200 baud)...
[2026-07-27T11:30:43.062Z] [WARN] ⚠️ [SerialPrinter] Failed to open /dev/cu.usbserial-110: | {"raw":"Error: No such file or directory, cannot open /dev/cu.usbserial-110","friendly":"Error: No such file or directory, cannot open /dev/cu.usbserial-110"}
[2026-07-27T11:30:47.069Z] [INFO] 🔄 [SerialPrinter] Retrying automatic reconnect to /dev/cu.usbserial-110...
[2026-07-27T11:30:47.070Z] [INFO] 🖨️ [SerialPrinter] Opening serial connection to /dev/cu.usbserial-110 (19200 baud)...
[2026-07-27T11:30:47.071Z] [WARN] ⚠️ [SerialPrinter] Failed to open /dev/cu.usbserial-110: | {"raw":"Error: No such file or directory, cannot open /dev/cu.usbserial-110","friendly":"Error: No such file or directory, cannot open /dev/cu.usbserial-110"}
[2026-07-27T11:30:51.078Z] [INFO] 🔄 [SerialPrinter] Retrying automatic reconnect to /dev/cu.usbserial-110...
[2026-07-27T11:30:51.080Z] [INFO] 🖨️ [SerialPrinter] Opening serial connection to /dev/cu.usbserial-110 (19200 baud)...
[2026-07-27T11:30:51.081Z] [WARN] ⚠️ [SerialPrinter] Failed to open /dev/cu.usbserial-110: | {"raw":"Error: No such file or directory, cannot open /dev/cu.usbserial-110","friendly":"Error: No such file or directory, cannot open /dev/cu.usbserial-110"}
[2026-07-27T11:30:55.089Z] [INFO] 🔄 [SerialPrinter] Retrying automatic reconnect to /dev/cu.usbserial-110...
[2026-07-27T11:30:55.090Z] [INFO] 🖨️ [SerialPrinter] Opening serial connection to /dev/cu.usbserial-110 (19200 baud)...
[2026-07-27T11:30:55.090Z] [WARN] ⚠️ [SerialPrinter] Failed to open /dev/cu.usbserial-110: | {"raw":"Error: No such file or directory, cannot open /dev/cu.usbserial-110","friendly":"Error: No such file or directory, cannot open /dev/cu.usbserial-110"}
[2026-07-27T11:30:59.099Z] [INFO] 🔄 [SerialPrinter] Retrying automatic reconnect to /dev/cu.usbserial-110...
[2026-07-27T11:30:59.100Z] [INFO] 🖨️ [SerialPrinter] Opening serial connection to /dev/cu.usbserial-110 (19200 baud)...
[2026-07-27T11:30:59.101Z] [WARN] ⚠️ [SerialPrinter] Failed to open /dev/cu.usbserial-110: | {"raw":"Error: No such file or directory, cannot open /dev/cu.usbserial-110","friendly":"Error: No such file or directory, cannot open /dev/cu.usbserial-110"}
[2026-07-27T11:31:03.110Z] [INFO] 🔄 [SerialPrinter] Retrying automatic reconnect to /dev/cu.usbserial-110...
[2026-07-27T11:31:03.116Z] [INFO] 🖨️ [SerialPrinter] Opening serial connection to /dev/cu.usbserial-110 (19200 baud)...
[2026-07-27T11:31:03.117Z] [WARN] ⚠️ [SerialPrinter] Failed to open /dev/cu.usbserial-110: | {"raw":"Error: No such file or directory, cannot open /dev/cu.usbserial-110","friendly":"Error: No such file or directory, cannot open /dev/cu.usbserial-110"}
[2026-07-27T11:31:07.125Z] [INFO] 🔄 [SerialPrinter] Retrying automatic reconnect to /dev/cu.usbserial-110...
[2026-07-27T11:31:07.126Z] [INFO] 🖨️ [SerialPrinter] Opening serial connection to /dev/cu.usbserial-110 (19200 baud)...
[2026-07-27T11:31:07.127Z] [WARN] ⚠️ [SerialPrinter] Failed to open /dev/cu.usbserial-110: | {"raw":"Error: No such file or directory, cannot open /dev/cu.usbserial-110","friendly":"Error: No such file or directory, cannot open /dev/cu.usbserial-110"}
[2026-07-27T11:31:11.133Z] [INFO] 🔄 [SerialPrinter] Retrying automatic reconnect to /dev/cu.usbserial-110...
[2026-07-27T11:31:11.134Z] [INFO] 🖨️ [SerialPrinter] Opening serial connection to /dev/cu.usbserial-110 (19200 baud)...
[2026-07-27T11:31:11.134Z] [WARN] ⚠️ [SerialPrinter] Failed to open /dev/cu.usbserial-110: | {"raw":"Error: No such file or directory, cannot open /dev/cu.usbserial-110","friendly":"Error: No such file or directory, cannot open /dev/cu.usbserial-110"}
[2026-07-27T11:31:15.140Z] [INFO] 🔄 [SerialPrinter] Retrying automatic reconnect to /dev/cu.usbserial-110...
[2026-07-27T11:31:15.140Z] [INFO] 🖨️ [SerialPrinter] Opening serial connection to /dev/cu.usbserial-110 (19200 baud)...
[2026-07-27T11:31:15.140Z] [WARN] ⚠️ [SerialPrinter] Failed to open /dev/cu.usbserial-110: | {"raw":"Error: No such file or directory, cannot open /dev/cu.usbserial-110","friendly":"Error: No such file or directory, cannot open /dev/cu.usbserial-110"}
[2026-07-27T11:31:19.145Z] [INFO] 🔄 [SerialPrinter] Retrying automatic reconnect to /dev/cu.usbserial-110...
[2026-07-27T11:31:19.146Z] [INFO] 🖨️ [SerialPrinter] Opening serial connection to /dev/cu.usbserial-110 (19200 baud)...
[2026-07-27T11:31:19.146Z] [WARN] ⚠️ [SerialPrinter] Failed to open /dev/cu.usbserial-110: | {"raw":"Error: No such file or directory, cannot open /dev/cu.usbserial-110","friendly":"Error: No such file or directory, cannot open /dev/cu.usbserial-110"}
[2026-07-27T11:31:23.152Z] [INFO] 🔄 [SerialPrinter] Retrying automatic reconnect to /dev/cu.usbserial-110...
[2026-07-27T11:31:23.153Z] [INFO] 🖨️ [SerialPrinter] Opening serial connection to /dev/cu.usbserial-110 (19200 baud)...
[2026-07-27T11:31:23.153Z] [WARN] ⚠️ [SerialPrinter] Failed to open /dev/cu.usbserial-110: | {"raw":"Error: No such file or directory, cannot open /dev/cu.usbserial-110","friendly":"Error: No such file or directory, cannot open /dev/cu.usbserial-110"}
[2026-07-27T11:31:27.161Z] [INFO] 🔄 [SerialPrinter] Retrying automatic reconnect to /dev/cu.usbserial-110...
[2026-07-27T11:31:27.162Z] [INFO] 🖨️ [SerialPrinter] Opening serial connection to /dev/cu.usbserial-110 (19200 baud)...
[2026-07-27T11:31:27.164Z] [WARN] ⚠️ [SerialPrinter] Failed to open /dev/cu.usbserial-110: | {"raw":"Error: No such file or directory, cannot open /dev/cu.usbserial-110","friendly":"Error: No such file or directory, cannot open /dev/cu.usbserial-110"}
[2026-07-27T11:31:31.170Z] [INFO] 🔄 [SerialPrinter] Retrying automatic reconnect to /dev/cu.usbserial-110...
[2026-07-27T11:31:31.171Z] [INFO] 🖨️ [SerialPrinter] Opening serial connection to /dev/cu.usbserial-110 (19200 baud)...
[2026-07-27T11:31:31.172Z] [WARN] ⚠️ [SerialPrinter] Failed to open /dev/cu.usbserial-110: | {"raw":"Error: No such file or directory, cannot open /dev/cu.usbserial-110","friendly":"Error: No such file or directory, cannot open /dev/cu.usbserial-110"}
[2026-07-27T11:31:35.179Z] [INFO] 🔄 [SerialPrinter] Retrying automatic reconnect to /dev/cu.usbserial-110...
[2026-07-27T11:31:35.179Z] [INFO] 🖨️ [SerialPrinter] Opening serial connection to /dev/cu.usbserial-110 (19200 baud)...
[2026-07-27T11:31:35.180Z] [WARN] ⚠️ [SerialPrinter] Failed to open /dev/cu.usbserial-110: | {"raw":"Error: No such file or directory, cannot open /dev/cu.usbserial-110","friendly":"Error: No such file or directory, cannot open /dev/cu.usbserial-110"}
[2026-07-27T11:31:39.186Z] [INFO] 🔄 [SerialPrinter] Retrying automatic reconnect to /dev/cu.usbserial-110...
[2026-07-27T11:31:39.187Z] [INFO] 🖨️ [SerialPrinter] Opening serial connection to /dev/cu.usbserial-110 (19200 baud)...
[2026-07-27T11:31:39.187Z] [WARN] ⚠️ [SerialPrinter] Failed to open /dev/cu.usbserial-110: | {"raw":"Error: No such file or directory, cannot open /dev/cu.usbserial-110","friendly":"Error: No such file or directory, cannot open /dev/cu.usbserial-110"}
[2026-07-27T11:31:43.194Z] [INFO] 🔄 [SerialPrinter] Retrying automatic reconnect to /dev/cu.usbserial-110...
[2026-07-27T11:31:43.195Z] [INFO] 🖨️ [SerialPrinter] Opening serial connection to /dev/cu.usbserial-110 (19200 baud)...
[2026-07-27T11:31:43.196Z] [WARN] ⚠️ [SerialPrinter] Failed to open /dev/cu.usbserial-110: | {"raw":"Error: No such file or directory, cannot open /dev/cu.usbserial-110","friendly":"Error: No such file or directory, cannot open /dev/cu.usbserial-110"}
[2026-07-27T11:31:47.201Z] [INFO] 🔄 [SerialPrinter] Retrying automatic reconnect to /dev/cu.usbserial-110...
[2026-07-27T11:31:47.202Z] [INFO] 🖨️ [SerialPrinter] Opening serial connection to /dev/cu.usbserial-110 (19200 baud)...
[2026-07-27T11:31:47.203Z] [WARN] ⚠️ [SerialPrinter] Failed to open /dev/cu.usbserial-110: | {"raw":"Error: No such file or directory, cannot open /dev/cu.usbserial-110","friendly":"Error: No such file or directory, cannot open /dev/cu.usbserial-110"}
[2026-07-27T11:31:51.208Z] [INFO] 🔄 [SerialPrinter] Retrying automatic reconnect to /dev/cu.usbserial-110...
[2026-07-27T11:31:51.208Z] [INFO] 🖨️ [SerialPrinter] Opening serial connection to /dev/cu.usbserial-110 (19200 baud)...
[2026-07-27T11:31:51.209Z] [WARN] ⚠️ [SerialPrinter] Failed to open /dev/cu.usbserial-110: | {"raw":"Error: No such file or directory, cannot open /dev/cu.usbserial-110","friendly":"Error: No such file or directory, cannot open /dev/cu.usbserial-110"}
[2026-07-27T11:31:55.214Z] [INFO] 🔄 [SerialPrinter] Retrying automatic reconnect to /dev/cu.usbserial-110...
[2026-07-27T11:31:55.215Z] [INFO] 🖨️ [SerialPrinter] Opening serial connection to /dev/cu.usbserial-110 (19200 baud)...
[2026-07-27T11:31:55.216Z] [WARN] ⚠️ [SerialPrinter] Failed to open /dev/cu.usbserial-110: | {"raw":"Error: No such file or directory, cannot open /dev/cu.usbserial-110","friendly":"Error: No such file or directory, cannot open /dev/cu.usbserial-110"}
[2026-07-27T11:31:59.224Z] [INFO] 🔄 [SerialPrinter] Retrying automatic reconnect to /dev/cu.usbserial-110...
[2026-07-27T11:31:59.225Z] [INFO] 🖨️ [SerialPrinter] Opening serial connection to /dev/cu.usbserial-110 (19200 baud)...
[2026-07-27T11:31:59.226Z] [WARN] ⚠️ [SerialPrinter] Failed to open /dev/cu.usbserial-110: | {"raw":"Error: No such file or directory, cannot open /dev/cu.usbserial-110","friendly":"Error: No such file or directory, cannot open /dev/cu.usbserial-110"}
[2026-07-27T11:32:03.232Z] [INFO] 🔄 [SerialPrinter] Retrying automatic reconnect to /dev/cu.usbserial-110...
[2026-07-27T11:32:03.233Z] [INFO] 🖨️ [SerialPrinter] Opening serial connection to /dev/cu.usbserial-110 (19200 baud)...
[2026-07-27T11:32:03.234Z] [WARN] ⚠️ [SerialPrinter] Failed to open /dev/cu.usbserial-110: | {"raw":"Error: No such file or directory, cannot open /dev/cu.usbserial-110","friendly":"Error: No such file or directory, cannot open /dev/cu.usbserial-110"}
[2026-07-27T11:32:07.239Z] [INFO] 🔄 [SerialPrinter] Retrying automatic reconnect to /dev/cu.usbserial-110...
[2026-07-27T11:32:07.240Z] [INFO] 🖨️ [SerialPrinter] Opening serial connection to /dev/cu.usbserial-110 (19200 baud)...
[2026-07-27T11:32:07.241Z] [WARN] ⚠️ [SerialPrinter] Failed to open /dev/cu.usbserial-110: | {"raw":"Error: No such file or directory, cannot open /dev/cu.usbserial-110","friendly":"Error: No such file or directory, cannot open /dev/cu.usbserial-110"}
[2026-07-27T11:32:11.249Z] [INFO] 🔄 [SerialPrinter] Retrying automatic reconnect to /dev/cu.usbserial-110...
[2026-07-27T11:32:11.250Z] [INFO] 🖨️ [SerialPrinter] Opening serial connection to /dev/cu.usbserial-110 (19200 baud)...
[2026-07-27T11:32:11.251Z] [WARN] ⚠️ [SerialPrinter] Failed to open /dev/cu.usbserial-110: | {"raw":"Error: No such file or directory, cannot open /dev/cu.usbserial-110","friendly":"Error: No such file or directory, cannot open /dev/cu.usbserial-110"}
[2026-07-27T11:32:15.258Z] [INFO] 🔄 [SerialPrinter] Retrying automatic reconnect to /dev/cu.usbserial-110...
[2026-07-27T11:32:15.259Z] [INFO] 🖨️ [SerialPrinter] Opening serial connection to /dev/cu.usbserial-110 (19200 baud)...
[2026-07-27T11:32:15.260Z] [WARN] ⚠️ [SerialPrinter] Failed to open /dev/cu.usbserial-110: | {"raw":"Error: No such file or directory, cannot open /dev/cu.usbserial-110","friendly":"Error: No such file or directory, cannot open /dev/cu.usbserial-110"}
[2026-07-27T11:32:19.265Z] [INFO] 🔄 [SerialPrinter] Retrying automatic reconnect to /dev/cu.usbserial-110...
[2026-07-27T11:32:19.266Z] [INFO] 🖨️ [SerialPrinter] Opening serial connection to /dev/cu.usbserial-110 (19200 baud)...
[2026-07-27T11:32:19.268Z] [WARN] ⚠️ [SerialPrinter] Failed to open /dev/cu.usbserial-110: | {"raw":"Error: No such file or directory, cannot open /dev/cu.usbserial-110","friendly":"Error: No such file or directory, cannot open /dev/cu.usbserial-110"}
[2026-07-27T11:32:23.280Z] [INFO] 🔄 [SerialPrinter] Retrying automatic reconnect to /dev/cu.usbserial-110...
[2026-07-27T11:32:23.281Z] [INFO] 🖨️ [SerialPrinter] Opening serial connection to /dev/cu.usbserial-110 (19200 baud)...
[2026-07-27T11:32:23.282Z] [WARN] ⚠️ [SerialPrinter] Failed to open /dev/cu.usbserial-110: | {"raw":"Error: No such file or directory, cannot open /dev/cu.usbserial-110","friendly":"Error: No such file or directory, cannot open /dev/cu.usbserial-110"}
[2026-07-27T11:32:27.290Z] [INFO] 🔄 [SerialPrinter] Retrying automatic reconnect to /dev/cu.usbserial-110...
[2026-07-27T11:32:27.291Z] [INFO] 🖨️ [SerialPrinter] Opening serial connection to /dev/cu.usbserial-110 (19200 baud)...
[2026-07-27T11:32:27.292Z] [WARN] ⚠️ [SerialPrinter] Failed to open /dev/cu.usbserial-110: | {"raw":"Error: No such file or directory, cannot open /dev/cu.usbserial-110","friendly":"Error: No such file or directory, cannot open /dev/cu.usbserial-110"}
[2026-07-27T11:32:31.300Z] [INFO] 🔄 [SerialPrinter] Retrying automatic reconnect to /dev/cu.usbserial-110...
[2026-07-27T11:32:31.302Z] [INFO] 🖨️ [SerialPrinter] Opening serial connection to /dev/cu.usbserial-110 (19200 baud)...
[2026-07-27T11:32:31.303Z] [WARN] ⚠️ [SerialPrinter] Failed to open /dev/cu.usbserial-110: | {"raw":"Error: No such file or directory, cannot open /dev/cu.usbserial-110","friendly":"Error: No such file or directory, cannot open /dev/cu.usbserial-110"}
[2026-07-27T11:32:35.311Z] [INFO] 🔄 [SerialPrinter] Retrying automatic reconnect to /dev/cu.usbserial-110...
[2026-07-27T11:32:35.312Z] [INFO] 🖨️ [SerialPrinter] Opening serial connection to /dev/cu.usbserial-110 (19200 baud)...
[2026-07-27T11:32:35.312Z] [WARN] ⚠️ [SerialPrinter] Failed to open /dev/cu.usbserial-110: | {"raw":"Error: No such file or directory, cannot open /dev/cu.usbserial-110","friendly":"Error: No such file or directory, cannot open /dev/cu.usbserial-110"}
[2026-07-27T11:32:39.319Z] [INFO] 🔄 [SerialPrinter] Retrying automatic reconnect to /dev/cu.usbserial-110...
[2026-07-27T11:32:39.319Z] [INFO] 🖨️ [SerialPrinter] Opening serial connection to /dev/cu.usbserial-110 (19200 baud)...
[2026-07-27T11:32:39.320Z] [WARN] ⚠️ [SerialPrinter] Failed to open /dev/cu.usbserial-110: | {"raw":"Error: No such file or directory, cannot open /dev/cu.usbserial-110","friendly":"Error: No such file or directory, cannot open /dev/cu.usbserial-110"}
[2026-07-27T11:32:43.328Z] [INFO] 🔄 [SerialPrinter] Retrying automatic reconnect to /dev/cu.usbserial-110...
[2026-07-27T11:32:43.328Z] [INFO] 🖨️ [SerialPrinter] Opening serial connection to /dev/cu.usbserial-110 (19200 baud)...
[2026-07-27T11:32:43.329Z] [WARN] ⚠️ [SerialPrinter] Failed to open /dev/cu.usbserial-110: | {"raw":"Error: No such file or directory, cannot open /dev/cu.usbserial-110","friendly":"Error: No such file or directory, cannot open /dev/cu.usbserial-110"}
[2026-07-27T11:32:47.335Z] [INFO] 🔄 [SerialPrinter] Retrying automatic reconnect to /dev/cu.usbserial-110...
[2026-07-27T11:32:47.336Z] [INFO] 🖨️ [SerialPrinter] Opening serial connection to /dev/cu.usbserial-110 (19200 baud)...
[2026-07-27T11:32:47.336Z] [WARN] ⚠️ [SerialPrinter] Failed to open /dev/cu.usbserial-110: | {"raw":"Error: No such file or directory, cannot open /dev/cu.usbserial-110","friendly":"Error: No such file or directory, cannot open /dev/cu.usbserial-110"}
[2026-07-27T11:32:51.346Z] [INFO] 🔄 [SerialPrinter] Retrying automatic reconnect to /dev/cu.usbserial-110...
[2026-07-27T11:32:51.346Z] [INFO] 🖨️ [SerialPrinter] Opening serial connection to /dev/cu.usbserial-110 (19200 baud)...
[2026-07-27T11:32:51.347Z] [WARN] ⚠️ [SerialPrinter] Failed to open /dev/cu.usbserial-110: | {"raw":"Error: No such file or directory, cannot open /dev/cu.usbserial-110","friendly":"Error: No such file or directory, cannot open /dev/cu.usbserial-110"}
[2026-07-27T11:32:55.356Z] [INFO] 🔄 [SerialPrinter] Retrying automatic reconnect to /dev/cu.usbserial-110...
[2026-07-27T11:32:55.356Z] [INFO] 🖨️ [SerialPrinter] Opening serial connection to /dev/cu.usbserial-110 (19200 baud)...
[2026-07-27T11:32:55.357Z] [WARN] ⚠️ [SerialPrinter] Failed to open /dev/cu.usbserial-110: | {"raw":"Error: No such file or directory, cannot open /dev/cu.usbserial-110","friendly":"Error: No such file or directory, cannot open /dev/cu.usbserial-110"}
[2026-07-27T11:32:59.363Z] [INFO] 🔄 [SerialPrinter] Retrying automatic reconnect to /dev/cu.usbserial-110...
[2026-07-27T11:32:59.364Z] [INFO] 🖨️ [SerialPrinter] Opening serial connection to /dev/cu.usbserial-110 (19200 baud)...
[2026-07-27T11:32:59.365Z] [WARN] ⚠️ [SerialPrinter] Failed to open /dev/cu.usbserial-110: | {"raw":"Error: No such file or directory, cannot open /dev/cu.usbserial-110","friendly":"Error: No such file or directory, cannot open /dev/cu.usbserial-110"}
[2026-07-27T11:33:03.375Z] [INFO] 🔄 [SerialPrinter] Retrying automatic reconnect to /dev/cu.usbserial-110...
[2026-07-27T11:33:03.376Z] [INFO] 🖨️ [SerialPrinter] Opening serial connection to /dev/cu.usbserial-110 (19200 baud)...
[2026-07-27T11:33:03.377Z] [WARN] ⚠️ [SerialPrinter] Failed to open /dev/cu.usbserial-110: | {"raw":"Error: No such file or directory, cannot open /dev/cu.usbserial-110","friendly":"Error: No such file or directory, cannot open /dev/cu.usbserial-110"}
[2026-07-27T11:33:07.385Z] [INFO] 🔄 [SerialPrinter] Retrying automatic reconnect to /dev/cu.usbserial-110...
[2026-07-27T11:33:07.385Z] [INFO] 🖨️ [SerialPrinter] Opening serial connection to /dev/cu.usbserial-110 (19200 baud)...
[2026-07-27T11:33:07.387Z] [WARN] ⚠️ [SerialPrinter] Failed to open /dev/cu.usbserial-110: | {"raw":"Error: No such file or directory, cannot open /dev/cu.usbserial-110","friendly":"Error: No such file or directory, cannot open /dev/cu.usbserial-110"}
[2026-07-27T11:33:11.393Z] [INFO] 🔄 [SerialPrinter] Retrying automatic reconnect to /dev/cu.usbserial-110...
[2026-07-27T11:33:11.394Z] [INFO] 🖨️ [SerialPrinter] Opening serial connection to /dev/cu.usbserial-110 (19200 baud)...
[2026-07-27T11:33:11.394Z] [WARN] ⚠️ [SerialPrinter] Failed to open /dev/cu.usbserial-110: | {"raw":"Error: No such file or directory, cannot open /dev/cu.usbserial-110","friendly":"Error: No such file or directory, cannot open /dev/cu.usbserial-110"}
[2026-07-27T11:33:15.403Z] [INFO] 🔄 [SerialPrinter] Retrying automatic reconnect to /dev/cu.usbserial-110...
[2026-07-27T11:33:15.404Z] [INFO] 🖨️ [SerialPrinter] Opening serial connection to /dev/cu.usbserial-110 (19200 baud)...
[2026-07-27T11:33:15.404Z] [WARN] ⚠️ [SerialPrinter] Failed to open /dev/cu.usbserial-110: | {"raw":"Error: No such file or directory, cannot open /dev/cu.usbserial-110","friendly":"Error: No such file or directory, cannot open /dev/cu.usbserial-110"}
[2026-07-27T11:33:19.412Z] [INFO] 🔄 [SerialPrinter] Retrying automatic reconnect to /dev/cu.usbserial-110...
[2026-07-27T11:33:19.413Z] [INFO] 🖨️ [SerialPrinter] Opening serial connection to /dev/cu.usbserial-110 (19200 baud)...
[2026-07-27T11:33:19.414Z] [WARN] ⚠️ [SerialPrinter] Failed to open /dev/cu.usbserial-110: | {"raw":"Error: No such file or directory, cannot open /dev/cu.usbserial-110","friendly":"Error: No such file or directory, cannot open /dev/cu.usbserial-110"}
[2026-07-27T11:33:23.421Z] [INFO] 🔄 [SerialPrinter] Retrying automatic reconnect to /dev/cu.usbserial-110...
[2026-07-27T11:33:23.422Z] [INFO] 🖨️ [SerialPrinter] Opening serial connection to /dev/cu.usbserial-110 (19200 baud)...
[2026-07-27T11:33:23.423Z] [WARN] ⚠️ [SerialPrinter] Failed to open /dev/cu.usbserial-110: | {"raw":"Error: No such file or directory, cannot open /dev/cu.usbserial-110","friendly":"Error: No such file or directory, cannot open /dev/cu.usbserial-110"}
[2026-07-27T11:33:27.431Z] [INFO] 🔄 [SerialPrinter] Retrying automatic reconnect to /dev/cu.usbserial-110...
[2026-07-27T11:33:27.432Z] [INFO] 🖨️ [SerialPrinter] Opening serial connection to /dev/cu.usbserial-110 (19200 baud)...
[2026-07-27T11:33:27.433Z] [WARN] ⚠️ [SerialPrinter] Failed to open /dev/cu.usbserial-110: | {"raw":"Error: No such file or directory, cannot open /dev/cu.usbserial-110","friendly":"Error: No such file or directory, cannot open /dev/cu.usbserial-110"}
[2026-07-27T11:33:31.439Z] [INFO] 🔄 [SerialPrinter] Retrying automatic reconnect to /dev/cu.usbserial-110...
[2026-07-27T11:33:31.440Z] [INFO] 🖨️ [SerialPrinter] Opening serial connection to /dev/cu.usbserial-110 (19200 baud)...
[2026-07-27T11:33:31.441Z] [WARN] ⚠️ [SerialPrinter] Failed to open /dev/cu.usbserial-110: | {"raw":"Error: No such file or directory, cannot open /dev/cu.usbserial-110","friendly":"Error: No such file or directory, cannot open /dev/cu.usbserial-110"}
[2026-07-27T11:33:35.451Z] [INFO] 🔄 [SerialPrinter] Retrying automatic reconnect to /dev/cu.usbserial-110...
[2026-07-27T11:33:35.452Z] [INFO] 🖨️ [SerialPrinter] Opening serial connection to /dev/cu.usbserial-110 (19200 baud)...
[2026-07-27T11:33:35.454Z] [WARN] ⚠️ [SerialPrinter] Failed to open /dev/cu.usbserial-110: | {"raw":"Error: No such file or directory, cannot open /dev/cu.usbserial-110","friendly":"Error: No such file or directory, cannot open /dev/cu.usbserial-110"}
[2026-07-27T11:33:39.459Z] [INFO] 🔄 [SerialPrinter] Retrying automatic reconnect to /dev/cu.usbserial-110...
[2026-07-27T11:33:39.460Z] [INFO] 🖨️ [SerialPrinter] Opening serial connection to /dev/cu.usbserial-110 (19200 baud)...
[2026-07-27T11:33:39.461Z] [WARN] ⚠️ [SerialPrinter] Failed to open /dev/cu.usbserial-110: | {"raw":"Error: No such file or directory, cannot open /dev/cu.usbserial-110","friendly":"Error: No such file or directory, cannot open /dev/cu.usbserial-110"}
[2026-07-27T11:33:43.469Z] [INFO] 🔄 [SerialPrinter] Retrying automatic reconnect to /dev/cu.usbserial-110...
[2026-07-27T11:33:43.469Z] [INFO] 🖨️ [SerialPrinter] Opening serial connection to /dev/cu.usbserial-110 (19200 baud)...
[2026-07-27T11:33:43.470Z] [WARN] ⚠️ [SerialPrinter] Failed to open /dev/cu.usbserial-110: | {"raw":"Error: No such file or directory, cannot open /dev/cu.usbserial-110","friendly":"Error: No such file or directory, cannot open /dev/cu.usbserial-110"}
[2026-07-27T11:33:47.476Z] [INFO] 🔄 [SerialPrinter] Retrying automatic reconnect to /dev/cu.usbserial-110...
[2026-07-27T11:33:47.477Z] [INFO] 🖨️ [SerialPrinter] Opening serial connection to /dev/cu.usbserial-110 (19200 baud)...
[2026-07-27T11:33:47.479Z] [WARN] ⚠️ [SerialPrinter] Failed to open /dev/cu.usbserial-110: | {"raw":"Error: No such file or directory, cannot open /dev/cu.usbserial-110","friendly":"Error: No such file or directory, cannot open /dev/cu.usbserial-110"}
[2026-07-27T11:33:51.486Z] [INFO] 🔄 [SerialPrinter] Retrying automatic reconnect to /dev/cu.usbserial-110...
[2026-07-27T11:33:51.487Z] [INFO] 🖨️ [SerialPrinter] Opening serial connection to /dev/cu.usbserial-110 (19200 baud)...
[2026-07-27T11:33:51.488Z] [WARN] ⚠️ [SerialPrinter] Failed to open /dev/cu.usbserial-110: | {"raw":"Error: No such file or directory, cannot open /dev/cu.usbserial-110","friendly":"Error: No such file or directory, cannot open /dev/cu.usbserial-110"}
[2026-07-27T11:33:55.494Z] [INFO] 🔄 [SerialPrinter] Retrying automatic reconnect to /dev/cu.usbserial-110...
[2026-07-27T11:33:55.494Z] [INFO] 🖨️ [SerialPrinter] Opening serial connection to /dev/cu.usbserial-110 (19200 baud)...
[2026-07-27T11:33:55.495Z] [WARN] ⚠️ [SerialPrinter] Failed to open /dev/cu.usbserial-110: | {"raw":"Error: No such file or directory, cannot open /dev/cu.usbserial-110","friendly":"Error: No such file or directory, cannot open /dev/cu.usbserial-110"}
[2026-07-27T11:33:59.502Z] [INFO] 🔄 [SerialPrinter] Retrying automatic reconnect to /dev/cu.usbserial-110...
[2026-07-27T11:33:59.503Z] [INFO] 🖨️ [SerialPrinter] Opening serial connection to /dev/cu.usbserial-110 (19200 baud)...
[2026-07-27T11:33:59.504Z] [WARN] ⚠️ [SerialPrinter] Failed to open /dev/cu.usbserial-110: | {"raw":"Error: No such file or directory, cannot open /dev/cu.usbserial-110","friendly":"Error: No such file or directory, cannot open /dev/cu.usbserial-110"}
[2026-07-27T11:34:03.510Z] [INFO] 🔄 [SerialPrinter] Retrying automatic reconnect to /dev/cu.usbserial-110...
[2026-07-27T11:34:03.511Z] [INFO] 🖨️ [SerialPrinter] Opening serial connection to /dev/cu.usbserial-110 (19200 baud)...
[2026-07-27T11:34:03.512Z] [WARN] ⚠️ [SerialPrinter] Failed to open /dev/cu.usbserial-110: | {"raw":"Error: No such file or directory, cannot open /dev/cu.usbserial-110","friendly":"Error: No such file or directory, cannot open /dev/cu.usbserial-110"}
[2026-07-27T11:34:07.518Z] [INFO] 🔄 [SerialPrinter] Retrying automatic reconnect to /dev/cu.usbserial-110...
[2026-07-27T11:34:07.519Z] [INFO] 🖨️ [SerialPrinter] Opening serial connection to /dev/cu.usbserial-110 (19200 baud)...
[2026-07-27T11:34:07.520Z] [WARN] ⚠️ [SerialPrinter] Failed to open /dev/cu.usbserial-110: | {"raw":"Error: No such file or directory, cannot open /dev/cu.usbserial-110","friendly":"Error: No such file or directory, cannot open /dev/cu.usbserial-110"}
[2026-07-27T11:34:11.527Z] [INFO] 🔄 [SerialPrinter] Retrying automatic reconnect to /dev/cu.usbserial-110...
[2026-07-27T11:34:11.527Z] [INFO] 🖨️ [SerialPrinter] Opening serial connection to /dev/cu.usbserial-110 (19200 baud)...
[2026-07-27T11:34:11.528Z] [WARN] ⚠️ [SerialPrinter] Failed to open /dev/cu.usbserial-110: | {"raw":"Error: No such file or directory, cannot open /dev/cu.usbserial-110","friendly":"Error: No such file or directory, cannot open /dev/cu.usbserial-110"}
[2026-07-27T11:34:15.534Z] [INFO] 🔄 [SerialPrinter] Retrying automatic reconnect to /dev/cu.usbserial-110...
[2026-07-27T11:34:15.534Z] [INFO] 🖨️ [SerialPrinter] Opening serial connection to /dev/cu.usbserial-110 (19200 baud)...
[2026-07-27T11:34:15.535Z] [WARN] ⚠️ [SerialPrinter] Failed to open /dev/cu.usbserial-110: | {"raw":"Error: No such file or directory, cannot open /dev/cu.usbserial-110","friendly":"Error: No such file or directory, cannot open /dev/cu.usbserial-110"}
[2026-07-27T11:34:19.540Z] [INFO] 🔄 [SerialPrinter] Retrying automatic reconnect to /dev/cu.usbserial-110...
[2026-07-27T11:34:19.541Z] [INFO] 🖨️ [SerialPrinter] Opening serial connection to /dev/cu.usbserial-110 (19200 baud)...
[2026-07-27T11:34:19.541Z] [WARN] ⚠️ [SerialPrinter] Failed to open /dev/cu.usbserial-110: | {"raw":"Error: No such file or directory, cannot open /dev/cu.usbserial-110","friendly":"Error: No such file or directory, cannot open /dev/cu.usbserial-110"}
[2026-07-27T11:34:23.547Z] [INFO] 🔄 [SerialPrinter] Retrying automatic reconnect to /dev/cu.usbserial-110...
[2026-07-27T11:34:23.548Z] [INFO] 🖨️ [SerialPrinter] Opening serial connection to /dev/cu.usbserial-110 (19200 baud)...
[2026-07-27T11:34:23.549Z] [WARN] ⚠️ [SerialPrinter] Failed to open /dev/cu.usbserial-110: | {"raw":"Error: No such file or directory, cannot open /dev/cu.usbserial-110","friendly":"Error: No such file or directory, cannot open /dev/cu.usbserial-110"}
[2026-07-27T11:34:27.556Z] [INFO] 🔄 [SerialPrinter] Retrying automatic reconnect to /dev/cu.usbserial-110...
[2026-07-27T11:34:27.556Z] [INFO] 🖨️ [SerialPrinter] Opening serial connection to /dev/cu.usbserial-110 (19200 baud)...
[2026-07-27T11:34:27.557Z] [WARN] ⚠️ [SerialPrinter] Failed to open /dev/cu.usbserial-110: | {"raw":"Error: No such file or directory, cannot open /dev/cu.usbserial-110","friendly":"Error: No such file or directory, cannot open /dev/cu.usbserial-110"}
[2026-07-27T11:34:31.565Z] [INFO] 🔄 [SerialPrinter] Retrying automatic reconnect to /dev/cu.usbserial-110...
[2026-07-27T11:34:31.566Z] [INFO] 🖨️ [SerialPrinter] Opening serial connection to /dev/cu.usbserial-110 (19200 baud)...
[2026-07-27T11:34:31.567Z] [WARN] ⚠️ [SerialPrinter] Failed to open /dev/cu.usbserial-110: | {"raw":"Error: No such file or directory, cannot open /dev/cu.usbserial-110","friendly":"Error: No such file or directory, cannot open /dev/cu.usbserial-110"}
[2026-07-27T11:34:35.574Z] [INFO] 🔄 [SerialPrinter] Retrying automatic reconnect to /dev/cu.usbserial-110...
[2026-07-27T11:34:35.575Z] [INFO] 🖨️ [SerialPrinter] Opening serial connection to /dev/cu.usbserial-110 (19200 baud)...
[2026-07-27T11:34:35.576Z] [WARN] ⚠️ [SerialPrinter] Failed to open /dev/cu.usbserial-110: | {"raw":"Error: No such file or directory, cannot open /dev/cu.usbserial-110","friendly":"Error: No such file or directory, cannot open /dev/cu.usbserial-110"}
[2026-07-27T11:34:39.584Z] [INFO] 🔄 [SerialPrinter] Retrying automatic reconnect to /dev/cu.usbserial-110...
[2026-07-27T11:34:39.584Z] [INFO] 🖨️ [SerialPrinter] Opening serial connection to /dev/cu.usbserial-110 (19200 baud)...
[2026-07-27T11:34:39.585Z] [WARN] ⚠️ [SerialPrinter] Failed to open /dev/cu.usbserial-110: | {"raw":"Error: No such file or directory, cannot open /dev/cu.usbserial-110","friendly":"Error: No such file or directory, cannot open /dev/cu.usbserial-110"}
[2026-07-27T11:34:43.594Z] [INFO] 🔄 [SerialPrinter] Retrying automatic reconnect to /dev/cu.usbserial-110...
[2026-07-27T11:34:43.595Z] [INFO] 🖨️ [SerialPrinter] Opening serial connection to /dev/cu.usbserial-110 (19200 baud)...
[2026-07-27T11:34:43.596Z] [WARN] ⚠️ [SerialPrinter] Failed to open /dev/cu.usbserial-110: | {"raw":"Error: No such file or directory, cannot open /dev/cu.usbserial-110","friendly":"Error: No such file or directory, cannot open /dev/cu.usbserial-110"}
[2026-07-27T11:34:47.605Z] [INFO] 🔄 [SerialPrinter] Retrying automatic reconnect to /dev/cu.usbserial-110...
[2026-07-27T11:34:47.606Z] [INFO] 🖨️ [SerialPrinter] Opening serial connection to /dev/cu.usbserial-110 (19200 baud)...
[2026-07-27T11:34:47.606Z] [WARN] ⚠️ [SerialPrinter] Failed to open /dev/cu.usbserial-110: | {"raw":"Error: No such file or directory, cannot open /dev/cu.usbserial-110","friendly":"Error: No such file or directory, cannot open /dev/cu.usbserial-110"}
[2026-07-27T11:34:51.614Z] [INFO] 🔄 [SerialPrinter] Retrying automatic reconnect to /dev/cu.usbserial-110...
[2026-07-27T11:34:51.615Z] [INFO] 🖨️ [SerialPrinter] Opening serial connection to /dev/cu.usbserial-110 (19200 baud)...
[2026-07-27T11:34:51.617Z] [WARN] ⚠️ [SerialPrinter] Failed to open /dev/cu.usbserial-110: | {"raw":"Error: No such file or directory, cannot open /dev/cu.usbserial-110","friendly":"Error: No such file or directory, cannot open /dev/cu.usbserial-110"}
[2026-07-27T11:34:55.624Z] [INFO] 🔄 [SerialPrinter] Retrying automatic reconnect to /dev/cu.usbserial-110...
[2026-07-27T11:34:55.624Z] [INFO] 🖨️ [SerialPrinter] Opening serial connection to /dev/cu.usbserial-110 (19200 baud)...
[2026-07-27T11:34:55.625Z] [WARN] ⚠️ [SerialPrinter] Failed to open /dev/cu.usbserial-110: | {"raw":"Error: No such file or directory, cannot open /dev/cu.usbserial-110","friendly":"Error: No such file or directory, cannot open /dev/cu.usbserial-110"}
[2026-07-27T11:34:59.630Z] [INFO] 🔄 [SerialPrinter] Retrying automatic reconnect to /dev/cu.usbserial-110...
[2026-07-27T11:34:59.631Z] [INFO] 🖨️ [SerialPrinter] Opening serial connection to /dev/cu.usbserial-110 (19200 baud)...
[2026-07-27T11:34:59.632Z] [WARN] ⚠️ [SerialPrinter] Failed to open /dev/cu.usbserial-110: | {"raw":"Error: No such file or directory, cannot open /dev/cu.usbserial-110","friendly":"Error: No such file or directory, cannot open /dev/cu.usbserial-110"}
[2026-07-27T11:35:03.638Z] [INFO] 🔄 [SerialPrinter] Retrying automatic reconnect to /dev/cu.usbserial-110...
[2026-07-27T11:35:03.639Z] [INFO] 🖨️ [SerialPrinter] Opening serial connection to /dev/cu.usbserial-110 (19200 baud)...
[2026-07-27T11:35:03.640Z] [WARN] ⚠️ [SerialPrinter] Failed to open /dev/cu.usbserial-110: | {"raw":"Error: No such file or directory, cannot open /dev/cu.usbserial-110","friendly":"Error: No such file or directory, cannot open /dev/cu.usbserial-110"}
[2026-07-27T11:35:07.648Z] [INFO] 🔄 [SerialPrinter] Retrying automatic reconnect to /dev/cu.usbserial-110...
[2026-07-27T11:35:07.650Z] [INFO] 🖨️ [SerialPrinter] Opening serial connection to /dev/cu.usbserial-110 (19200 baud)...
[2026-07-27T11:35:07.651Z] [WARN] ⚠️ [SerialPrinter] Failed to open /dev/cu.usbserial-110: | {"raw":"Error: No such file or directory, cannot open /dev/cu.usbserial-110","friendly":"Error: No such file or directory, cannot open /dev/cu.usbserial-110"}
[2026-07-27T11:35:11.663Z] [INFO] 🔄 [SerialPrinter] Retrying automatic reconnect to /dev/cu.usbserial-110...
[2026-07-27T11:35:11.663Z] [INFO] 🖨️ [SerialPrinter] Opening serial connection to /dev/cu.usbserial-110 (19200 baud)...
[2026-07-27T11:35:11.665Z] [WARN] ⚠️ [SerialPrinter] Failed to open /dev/cu.usbserial-110: | {"raw":"Error: No such file or directory, cannot open /dev/cu.usbserial-110","friendly":"Error: No such file or directory, cannot open /dev/cu.usbserial-110"}
[2026-07-27T11:35:15.675Z] [INFO] 🔄 [SerialPrinter] Retrying automatic reconnect to /dev/cu.usbserial-110...
[2026-07-27T11:35:15.676Z] [INFO] 🖨️ [SerialPrinter] Opening serial connection to /dev/cu.usbserial-110 (19200 baud)...
[2026-07-27T11:35:15.677Z] [WARN] ⚠️ [SerialPrinter] Failed to open /dev/cu.usbserial-110: | {"raw":"Error: No such file or directory, cannot open /dev/cu.usbserial-110","friendly":"Error: No such file or directory, cannot open /dev/cu.usbserial-110"}
[2026-07-27T11:35:19.684Z] [INFO] 🔄 [SerialPrinter] Retrying automatic reconnect to /dev/cu.usbserial-110...
[2026-07-27T11:35:19.685Z] [INFO] 🖨️ [SerialPrinter] Opening serial connection to /dev/cu.usbserial-110 (19200 baud)...
[2026-07-27T11:35:19.685Z] [WARN] ⚠️ [SerialPrinter] Failed to open /dev/cu.usbserial-110: | {"raw":"Error: No such file or directory, cannot open /dev/cu.usbserial-110","friendly":"Error: No such file or directory, cannot open /dev/cu.usbserial-110"}
[2026-07-27T11:35:23.739Z] [INFO] 🔄 [SerialPrinter] Retrying automatic reconnect to /dev/cu.usbserial-110...
[2026-07-27T11:35:23.750Z] [INFO] 🖨️ [SerialPrinter] Opening serial connection to /dev/cu.usbserial-110 (19200 baud)...
[2026-07-27T11:35:23.773Z] [WARN] ⚠️ [SerialPrinter] Failed to open /dev/cu.usbserial-110: | {"raw":"Error: No such file or directory, cannot open /dev/cu.usbserial-110","friendly":"Error: No such file or directory, cannot open /dev/cu.usbserial-110"}
[2026-07-27T11:35:27.803Z] [INFO] 🔄 [SerialPrinter] Retrying automatic reconnect to /dev/cu.usbserial-110...
[2026-07-27T11:35:27.804Z] [INFO] 🖨️ [SerialPrinter] Opening serial connection to /dev/cu.usbserial-110 (19200 baud)...
[2026-07-27T11:35:27.805Z] [WARN] ⚠️ [SerialPrinter] Failed to open /dev/cu.usbserial-110: | {"raw":"Error: No such file or directory, cannot open /dev/cu.usbserial-110","friendly":"Error: No such file or directory, cannot open /dev/cu.usbserial-110"}
[2026-07-27T11:35:31.815Z] [INFO] 🔄 [SerialPrinter] Retrying automatic reconnect to /dev/cu.usbserial-110...
[2026-07-27T11:35:31.816Z] [INFO] 🖨️ [SerialPrinter] Opening serial connection to /dev/cu.usbserial-110 (19200 baud)...
[2026-07-27T11:35:31.817Z] [WARN] ⚠️ [SerialPrinter] Failed to open /dev/cu.usbserial-110: | {"raw":"Error: No such file or directory, cannot open /dev/cu.usbserial-110","friendly":"Error: No such file or directory, cannot open /dev/cu.usbserial-110"}
[2026-07-27T11:35:35.823Z] [INFO] 🔄 [SerialPrinter] Retrying automatic reconnect to /dev/cu.usbserial-110...
[2026-07-27T11:35:35.824Z] [INFO] 🖨️ [SerialPrinter] Opening serial connection to /dev/cu.usbserial-110 (19200 baud)...
[2026-07-27T11:35:35.825Z] [WARN] ⚠️ [SerialPrinter] Failed to open /dev/cu.usbserial-110: | {"raw":"Error: No such file or directory, cannot open /dev/cu.usbserial-110","friendly":"Error: No such file or directory, cannot open /dev/cu.usbserial-110"}
[2026-07-27T11:35:39.829Z] [INFO] 🔄 [SerialPrinter] Retrying automatic reconnect to /dev/cu.usbserial-110...
[2026-07-27T11:35:39.830Z] [INFO] 🖨️ [SerialPrinter] Opening serial connection to /dev/cu.usbserial-110 (19200 baud)...
[2026-07-27T11:35:39.830Z] [WARN] ⚠️ [SerialPrinter] Failed to open /dev/cu.usbserial-110: | {"raw":"Error: No such file or directory, cannot open /dev/cu.usbserial-110","friendly":"Error: No such file or directory, cannot open /dev/cu.usbserial-110"}
[2026-07-27T11:35:43.835Z] [INFO] 🔄 [SerialPrinter] Retrying automatic reconnect to /dev/cu.usbserial-110...
[2026-07-27T11:35:43.835Z] [INFO] 🖨️ [SerialPrinter] Opening serial connection to /dev/cu.usbserial-110 (19200 baud)...
[2026-07-27T11:35:43.836Z] [WARN] ⚠️ [SerialPrinter] Failed to open /dev/cu.usbserial-110: | {"raw":"Error: No such file or directory, cannot open /dev/cu.usbserial-110","friendly":"Error: No such file or directory, cannot open /dev/cu.usbserial-110"}
[2026-07-27T11:35:47.840Z] [INFO] 🔄 [SerialPrinter] Retrying automatic reconnect to /dev/cu.usbserial-110...
[2026-07-27T11:35:47.841Z] [INFO] 🖨️ [SerialPrinter] Opening serial connection to /dev/cu.usbserial-110 (19200 baud)...
[2026-07-27T11:35:47.842Z] [WARN] ⚠️ [SerialPrinter] Failed to open /dev/cu.usbserial-110: | {"raw":"Error: No such file or directory, cannot open /dev/cu.usbserial-110","friendly":"Error: No such file or directory, cannot open /dev/cu.usbserial-110"}
[2026-07-27T11:35:51.847Z] [INFO] 🔄 [SerialPrinter] Retrying automatic reconnect to /dev/cu.usbserial-110...
[2026-07-27T11:35:51.848Z] [INFO] 🖨️ [SerialPrinter] Opening serial connection to /dev/cu.usbserial-110 (19200 baud)...
[2026-07-27T11:35:51.849Z] [WARN] ⚠️ [SerialPrinter] Failed to open /dev/cu.usbserial-110: | {"raw":"Error: No such file or directory, cannot open /dev/cu.usbserial-110","friendly":"Error: No such file or directory, cannot open /dev/cu.usbserial-110"}
[2026-07-27T11:35:55.857Z] [INFO] 🔄 [SerialPrinter] Retrying automatic reconnect to /dev/cu.usbserial-110...
[2026-07-27T11:35:55.858Z] [INFO] 🖨️ [SerialPrinter] Opening serial connection to /dev/cu.usbserial-110 (19200 baud)...
[2026-07-27T11:35:55.861Z] [WARN] ⚠️ [SerialPrinter] Failed to open /dev/cu.usbserial-110: | {"raw":"Error: No such file or directory, cannot open /dev/cu.usbserial-110","friendly":"Error: No such file or directory, cannot open /dev/cu.usbserial-110"}
[2026-07-27T11:35:59.868Z] [INFO] 🔄 [SerialPrinter] Retrying automatic reconnect to /dev/cu.usbserial-110...
[2026-07-27T11:35:59.869Z] [INFO] 🖨️ [SerialPrinter] Opening serial connection to /dev/cu.usbserial-110 (19200 baud)...
[2026-07-27T11:35:59.870Z] [WARN] ⚠️ [SerialPrinter] Failed to open /dev/cu.usbserial-110: | {"raw":"Error: No such file or directory, cannot open /dev/cu.usbserial-110","friendly":"Error: No such file or directory, cannot open /dev/cu.usbserial-110"}
[2026-07-27T11:36:03.884Z] [INFO] 🔄 [SerialPrinter] Retrying automatic reconnect to /dev/cu.usbserial-110...
[2026-07-27T11:36:03.887Z] [INFO] 🖨️ [SerialPrinter] Opening serial connection to /dev/cu.usbserial-110 (19200 baud)...
[2026-07-27T11:36:03.889Z] [WARN] ⚠️ [SerialPrinter] Failed to open /dev/cu.usbserial-110: | {"raw":"Error: No such file or directory, cannot open /dev/cu.usbserial-110","friendly":"Error: No such file or directory, cannot open /dev/cu.usbserial-110"}
[2026-07-27T11:36:07.895Z] [INFO] 🔄 [SerialPrinter] Retrying automatic reconnect to /dev/cu.usbserial-110...
[2026-07-27T11:36:07.896Z] [INFO] 🖨️ [SerialPrinter] Opening serial connection to /dev/cu.usbserial-110 (19200 baud)...
[2026-07-27T11:36:07.896Z] [WARN] ⚠️ [SerialPrinter] Failed to open /dev/cu.usbserial-110: | {"raw":"Error: No such file or directory, cannot open /dev/cu.usbserial-110","friendly":"Error: No such file or directory, cannot open /dev/cu.usbserial-110"}
[2026-07-27T11:36:11.901Z] [INFO] 🔄 [SerialPrinter] Retrying automatic reconnect to /dev/cu.usbserial-110...
[2026-07-27T11:36:11.904Z] [INFO] 🖨️ [SerialPrinter] Opening serial connection to /dev/cu.usbserial-110 (19200 baud)...
[2026-07-27T11:36:11.907Z] [WARN] ⚠️ [SerialPrinter] Failed to open /dev/cu.usbserial-110: | {"raw":"Error: No such file or directory, cannot open /dev/cu.usbserial-110","friendly":"Error: No such file or directory, cannot open /dev/cu.usbserial-110"}
[2026-07-27T11:36:15.913Z] [INFO] 🔄 [SerialPrinter] Retrying automatic reconnect to /dev/cu.usbserial-110...
[2026-07-27T11:36:15.913Z] [INFO] 🖨️ [SerialPrinter] Opening serial connection to /dev/cu.usbserial-110 (19200 baud)...
[2026-07-27T11:36:15.914Z] [WARN] ⚠️ [SerialPrinter] Failed to open /dev/cu.usbserial-110: | {"raw":"Error: No such file or directory, cannot open /dev/cu.usbserial-110","friendly":"Error: No such file or directory, cannot open /dev/cu.usbserial-110"}
[2026-07-27T11:36:19.923Z] [INFO] 🔄 [SerialPrinter] Retrying automatic reconnect to /dev/cu.usbserial-110...
[2026-07-27T11:36:19.925Z] [INFO] 🖨️ [SerialPrinter] Opening serial connection to /dev/cu.usbserial-110 (19200 baud)...
[2026-07-27T11:36:19.927Z] [WARN] ⚠️ [SerialPrinter] Failed to open /dev/cu.usbserial-110: | {"raw":"Error: No such file or directory, cannot open /dev/cu.usbserial-110","friendly":"Error: No such file or directory, cannot open /dev/cu.usbserial-110"}
[2026-07-27T11:36:23.933Z] [INFO] 🔄 [SerialPrinter] Retrying automatic reconnect to /dev/cu.usbserial-110...
[2026-07-27T11:36:23.934Z] [INFO] 🖨️ [SerialPrinter] Opening serial connection to /dev/cu.usbserial-110 (19200 baud)...
[2026-07-27T11:36:23.935Z] [WARN] ⚠️ [SerialPrinter] Failed to open /dev/cu.usbserial-110: | {"raw":"Error: No such file or directory, cannot open /dev/cu.usbserial-110","friendly":"Error: No such file or directory, cannot open /dev/cu.usbserial-110"}
[2026-07-27T11:36:27.941Z] [INFO] 🔄 [SerialPrinter] Retrying automatic reconnect to /dev/cu.usbserial-110...
[2026-07-27T11:36:27.942Z] [INFO] 🖨️ [SerialPrinter] Opening serial connection to /dev/cu.usbserial-110 (19200 baud)...
[2026-07-27T11:36:27.943Z] [WARN] ⚠️ [SerialPrinter] Failed to open /dev/cu.usbserial-110: | {"raw":"Error: No such file or directory, cannot open /dev/cu.usbserial-110","friendly":"Error: No such file or directory, cannot open /dev/cu.usbserial-110"}
[2026-07-27T11:36:31.948Z] [INFO] 🔄 [SerialPrinter] Retrying automatic reconnect to /dev/cu.usbserial-110...
[2026-07-27T11:36:31.949Z] [INFO] 🖨️ [SerialPrinter] Opening serial connection to /dev/cu.usbserial-110 (19200 baud)...
[2026-07-27T11:36:31.949Z] [WARN] ⚠️ [SerialPrinter] Failed to open /dev/cu.usbserial-110: | {"raw":"Error: No such file or directory, cannot open /dev/cu.usbserial-110","friendly":"Error: No such file or directory, cannot open /dev/cu.usbserial-110"}
[2026-07-27T11:36:34.414Z] [INFO] 🔍 [PrinterService] Discovered 13 hardware serial ports.
[2026-07-27T11:36:34.417Z] [INFO] 🔍 [PrinterService] Discovered 13 hardware serial ports.
[2026-07-27T11:36:35.955Z] [INFO] 🔄 [SerialPrinter] Retrying automatic reconnect to /dev/cu.usbserial-110...
[2026-07-27T11:36:35.955Z] [INFO] 🖨️ [SerialPrinter] Opening serial connection to /dev/cu.usbserial-110 (19200 baud)...
[2026-07-27T11:36:35.957Z] [WARN] ⚠️ [SerialPrinter] Failed to open /dev/cu.usbserial-110: | {"raw":"Error: No such file or directory, cannot open /dev/cu.usbserial-110","friendly":"Error: No such file or directory, cannot open /dev/cu.usbserial-110"}
[2026-07-27T11:36:40.007Z] [INFO] 🔄 [SerialPrinter] Retrying automatic reconnect to /dev/cu.usbserial-110...
[2026-07-27T11:36:40.008Z] [INFO] 🖨️ [SerialPrinter] Opening serial connection to /dev/cu.usbserial-110 (19200 baud)...
[2026-07-27T11:36:40.012Z] [WARN] ⚠️ [SerialPrinter] Failed to open /dev/cu.usbserial-110: | {"raw":"Error: No such file or directory, cannot open /dev/cu.usbserial-110","friendly":"Error: No such file or directory, cannot open /dev/cu.usbserial-110"}
[2026-07-27T11:36:44.017Z] [INFO] 🔄 [SerialPrinter] Retrying automatic reconnect to /dev/cu.usbserial-110...
[2026-07-27T11:36:44.018Z] [INFO] 🖨️ [SerialPrinter] Opening serial connection to /dev/cu.usbserial-110 (19200 baud)...
[2026-07-27T11:36:44.018Z] [WARN] ⚠️ [SerialPrinter] Failed to open /dev/cu.usbserial-110: | {"raw":"Error: No such file or directory, cannot open /dev/cu.usbserial-110","friendly":"Error: No such file or directory, cannot open /dev/cu.usbserial-110"}
[2026-07-27T11:36:48.024Z] [INFO] 🔄 [SerialPrinter] Retrying automatic reconnect to /dev/cu.usbserial-110...
[2026-07-27T11:36:48.024Z] [INFO] 🖨️ [SerialPrinter] Opening serial connection to /dev/cu.usbserial-110 (19200 baud)...
[2026-07-27T11:36:48.025Z] [WARN] ⚠️ [SerialPrinter] Failed to open /dev/cu.usbserial-110: | {"raw":"Error: No such file or directory, cannot open /dev/cu.usbserial-110","friendly":"Error: No such file or directory, cannot open /dev/cu.usbserial-110"}
[2026-07-27T11:36:52.030Z] [INFO] 🔄 [SerialPrinter] Retrying automatic reconnect to /dev/cu.usbserial-110...
[2026-07-27T11:36:52.030Z] [INFO] 🖨️ [SerialPrinter] Opening serial connection to /dev/cu.usbserial-110 (19200 baud)...
[2026-07-27T11:36:52.030Z] [WARN] ⚠️ [SerialPrinter] Failed to open /dev/cu.usbserial-110: | {"raw":"Error: No such file or directory, cannot open /dev/cu.usbserial-110","friendly":"Error: No such file or directory, cannot open /dev/cu.usbserial-110"}
[2026-07-27T11:36:56.033Z] [INFO] 🔄 [SerialPrinter] Retrying automatic reconnect to /dev/cu.usbserial-110...
[2026-07-27T11:36:56.034Z] [INFO] 🖨️ [SerialPrinter] Opening serial connection to /dev/cu.usbserial-110 (19200 baud)...
[2026-07-27T11:36:56.035Z] [WARN] ⚠️ [SerialPrinter] Failed to open /dev/cu.usbserial-110: | {"raw":"Error: No such file or directory, cannot open /dev/cu.usbserial-110","friendly":"Error: No such file or directory, cannot open /dev/cu.usbserial-110"}
[2026-07-27T11:37:00.039Z] [INFO] 🔄 [SerialPrinter] Retrying automatic reconnect to /dev/cu.usbserial-110...
[2026-07-27T11:37:00.039Z] [INFO] 🖨️ [SerialPrinter] Opening serial connection to /dev/cu.usbserial-110 (19200 baud)...
[2026-07-27T11:37:00.039Z] [WARN] ⚠️ [SerialPrinter] Failed to open /dev/cu.usbserial-110: | {"raw":"Error: No such file or directory, cannot open /dev/cu.usbserial-110","friendly":"Error: No such file or directory, cannot open /dev/cu.usbserial-110"}
[2026-07-27T11:37:04.054Z] [INFO] 🔄 [SerialPrinter] Retrying automatic reconnect to /dev/cu.usbserial-110...
[2026-07-27T11:37:04.056Z] [INFO] 🖨️ [SerialPrinter] Opening serial connection to /dev/cu.usbserial-110 (19200 baud)...
[2026-07-27T11:37:04.058Z] [WARN] ⚠️ [SerialPrinter] Failed to open /dev/cu.usbserial-110: | {"raw":"Error: No such file or directory, cannot open /dev/cu.usbserial-110","friendly":"Error: No such file or directory, cannot open /dev/cu.usbserial-110"}
[2026-07-27T11:37:08.064Z] [INFO] 🔄 [SerialPrinter] Retrying automatic reconnect to /dev/cu.usbserial-110...
[2026-07-27T11:37:08.064Z] [INFO] 🖨️ [SerialPrinter] Opening serial connection to /dev/cu.usbserial-110 (19200 baud)...
[2026-07-27T11:37:08.065Z] [WARN] ⚠️ [SerialPrinter] Failed to open /dev/cu.usbserial-110: | {"raw":"Error: No such file or directory, cannot open /dev/cu.usbserial-110","friendly":"Error: No such file or directory, cannot open /dev/cu.usbserial-110"}
[2026-07-27T11:37:12.068Z] [INFO] 🔄 [SerialPrinter] Retrying automatic reconnect to /dev/cu.usbserial-110...
[2026-07-27T11:37:12.069Z] [INFO] 🖨️ [SerialPrinter] Opening serial connection to /dev/cu.usbserial-110 (19200 baud)...
[2026-07-27T11:37:12.071Z] [WARN] ⚠️ [SerialPrinter] Failed to open /dev/cu.usbserial-110: | {"raw":"Error: No such file or directory, cannot open /dev/cu.usbserial-110","friendly":"Error: No such file or directory, cannot open /dev/cu.usbserial-110"}
[2026-07-27T11:37:16.077Z] [INFO] 🔄 [SerialPrinter] Retrying automatic reconnect to /dev/cu.usbserial-110...
[2026-07-27T11:37:16.077Z] [INFO] 🖨️ [SerialPrinter] Opening serial connection to /dev/cu.usbserial-110 (19200 baud)...
[2026-07-27T11:37:16.078Z] [WARN] ⚠️ [SerialPrinter] Failed to open /dev/cu.usbserial-110: | {"raw":"Error: No such file or directory, cannot open /dev/cu.usbserial-110","friendly":"Error: No such file or directory, cannot open /dev/cu.usbserial-110"}
[2026-07-27T11:37:20.081Z] [INFO] 🔄 [SerialPrinter] Retrying automatic reconnect to /dev/cu.usbserial-110...
[2026-07-27T11:37:20.081Z] [INFO] 🖨️ [SerialPrinter] Opening serial connection to /dev/cu.usbserial-110 (19200 baud)...
[2026-07-27T11:37:20.082Z] [WARN] ⚠️ [SerialPrinter] Failed to open /dev/cu.usbserial-110: | {"raw":"Error: No such file or directory, cannot open /dev/cu.usbserial-110","friendly":"Error: No such file or directory, cannot open /dev/cu.usbserial-110"}
[2026-07-27T11:37:24.086Z] [INFO] 🔄 [SerialPrinter] Retrying automatic reconnect to /dev/cu.usbserial-110...
[2026-07-27T11:37:24.086Z] [INFO] 🖨️ [SerialPrinter] Opening serial connection to /dev/cu.usbserial-110 (19200 baud)...
[2026-07-27T11:37:24.087Z] [WARN] ⚠️ [SerialPrinter] Failed to open /dev/cu.usbserial-110: | {"raw":"Error: No such file or directory, cannot open /dev/cu.usbserial-110","friendly":"Error: No such file or directory, cannot open /dev/cu.usbserial-110"}
[2026-07-27T11:37:28.093Z] [INFO] 🔄 [SerialPrinter] Retrying automatic reconnect to /dev/cu.usbserial-110...
[2026-07-27T11:37:28.094Z] [INFO] 🖨️ [SerialPrinter] Opening serial connection to /dev/cu.usbserial-110 (19200 baud)...
[2026-07-27T11:37:28.094Z] [WARN] ⚠️ [SerialPrinter] Failed to open /dev/cu.usbserial-110: | {"raw":"Error: No such file or directory, cannot open /dev/cu.usbserial-110","friendly":"Error: No such file or directory, cannot open /dev/cu.usbserial-110"}
[2026-07-27T11:37:32.103Z] [INFO] 🔄 [SerialPrinter] Retrying automatic reconnect to /dev/cu.usbserial-110...
[2026-07-27T11:37:32.104Z] [INFO] 🖨️ [SerialPrinter] Opening serial connection to /dev/cu.usbserial-110 (19200 baud)...
[2026-07-27T11:37:32.104Z] [WARN] ⚠️ [SerialPrinter] Failed to open /dev/cu.usbserial-110: | {"raw":"Error: No such file or directory, cannot open /dev/cu.usbserial-110","friendly":"Error: No such file or directory, cannot open /dev/cu.usbserial-110"}
[2026-07-27T11:37:48.304Z] [INFO] 🖨️ [SerialPrinter] Initializing hardware driver on /dev/cu.usbserial-110 (Baud: 19200)...
[2026-07-27T11:37:48.347Z] [INFO] 🖨️ [SerialPrinter] Opening serial connection to /dev/cu.usbserial-110 (19200 baud)...
[2026-07-27T11:37:48.347Z] [WARN] ⚠️ [SerialPrinter] Failed to open /dev/cu.usbserial-110: | {"raw":"Error: No such file or directory, cannot open /dev/cu.usbserial-110","friendly":"Error: No such file or directory, cannot open /dev/cu.usbserial-110"}
[2026-07-27T11:37:52.351Z] [INFO] 🔄 [SerialPrinter] Retrying automatic reconnect to /dev/cu.usbserial-110...
[2026-07-27T11:37:52.352Z] [INFO] 🖨️ [SerialPrinter] Opening serial connection to /dev/cu.usbserial-110 (19200 baud)...
[2026-07-27T11:37:52.353Z] [WARN] ⚠️ [SerialPrinter] Failed to open /dev/cu.usbserial-110: | {"raw":"Error: No such file or directory, cannot open /dev/cu.usbserial-110","friendly":"Error: No such file or directory, cannot open /dev/cu.usbserial-110"}
[2026-07-27T11:37:56.357Z] [INFO] 🔄 [SerialPrinter] Retrying automatic reconnect to /dev/cu.usbserial-110...
[2026-07-27T11:37:56.357Z] [INFO] 🖨️ [SerialPrinter] Opening serial connection to /dev/cu.usbserial-110 (19200 baud)...
[2026-07-27T11:37:56.358Z] [WARN] ⚠️ [SerialPrinter] Failed to open /dev/cu.usbserial-110: | {"raw":"Error: No such file or directory, cannot open /dev/cu.usbserial-110","friendly":"Error: No such file or directory, cannot open /dev/cu.usbserial-110"}
[2026-07-27T11:38:00.362Z] [INFO] 🔄 [SerialPrinter] Retrying automatic reconnect to /dev/cu.usbserial-110...
[2026-07-27T11:38:00.362Z] [INFO] 🖨️ [SerialPrinter] Opening serial connection to /dev/cu.usbserial-110 (19200 baud)...
[2026-07-27T11:38:00.363Z] [WARN] ⚠️ [SerialPrinter] Failed to open /dev/cu.usbserial-110: | {"raw":"Error: No such file or directory, cannot open /dev/cu.usbserial-110","friendly":"Error: No such file or directory, cannot open /dev/cu.usbserial-110"}
[2026-07-27T11:38:04.366Z] [INFO] 🔄 [SerialPrinter] Retrying automatic reconnect to /dev/cu.usbserial-110...
[2026-07-27T11:38:04.366Z] [INFO] 🖨️ [SerialPrinter] Opening serial connection to /dev/cu.usbserial-110 (19200 baud)...
[2026-07-27T11:38:04.367Z] [WARN] ⚠️ [SerialPrinter] Failed to open /dev/cu.usbserial-110: | {"raw":"Error: No such file or directory, cannot open /dev/cu.usbserial-110","friendly":"Error: No such file or directory, cannot open /dev/cu.usbserial-110"}
[2026-07-27T11:38:05.076Z] [INFO] Saved new printer & kitchen mode configuration to printer.json | {"port":"/dev/cu.usbserial-110","baudRate":19200,"kitchenMode":"LIVE","updatedAt":"2026-07-27T11:38:05.076Z"}
[2026-07-27T11:38:05.076Z] [INFO] 🔄 [SerialPrinter] Reconfiguring hardware to Port: /dev/cu.usbserial-110, Baud: 19200...
[2026-07-27T11:38:05.076Z] [INFO] Saved new printer & kitchen mode configuration to printer.json | {"port":"/dev/cu.usbserial-110","baudRate":19200,"kitchenMode":"LIVE","updatedAt":"2026-07-27T11:38:05.076Z"}
[2026-07-27T11:38:05.076Z] [INFO] 🖨️ [SerialPrinter] Opening serial connection to /dev/cu.usbserial-110 (19200 baud)...
[2026-07-27T11:38:05.078Z] [WARN] ⚠️ [SerialPrinter] Failed to open /dev/cu.usbserial-110: | {"raw":"Error: No such file or directory, cannot open /dev/cu.usbserial-110","friendly":"Error: No such file or directory, cannot open /dev/cu.usbserial-110"}
[2026-07-27T11:38:05.086Z] [INFO] 📋 [KOTRoutingService] Routing order #undefined (Mode: LIVE, Items: 2)
[2026-07-27T11:38:05.119Z] [INFO] 📥 [PrintQueue] Job JOB-1785152285119-212 (KOT (WAITER COPY)) enqueued. Waiting jobs: 1
[2026-07-27T11:38:05.119Z] [INFO] 🖨️ [PrintQueue] Processing job JOB-1785152285119-212 (KOT (WAITER COPY))...
[2026-07-27T11:38:05.120Z] [INFO] 🖨️ [SerialPrinter] Opening serial connection to /dev/cu.usbserial-110 (19200 baud)...
[2026-07-27T11:38:05.121Z] [ERROR] ❌ [PrintQueue] Job JOB-1785152285119-212 failed: | {"error":"Error: No such file or directory, cannot open /dev/cu.usbserial-110"}
[2026-07-27T11:38:05.121Z] [ERROR] printKOT failed: | {"error":"Error: No such file or directory, cannot open /dev/cu.usbserial-110"}
[2026-07-27T11:38:05.121Z] [ERROR] API Error in POST /kot: | {"message":"Error: No such file or directory, cannot open /dev/cu.usbserial-110","stack":"Error: Error: No such file or directory, cannot open /dev/cu.usbserial-110\n    at SerialPrinter.write (/Users/ExitZone/Desktop/hotel-management-system/server/src/services/printer/SerialPrinter.js:251:15)\n    at async PrintQueue.processQueue (/Users/ExitZone/Desktop/hotel-management-system/server/src/services/printer/PrintQueue.js:52:7)"}
[2026-07-27T11:38:05.121Z] [WARN] ⚠️ [SerialPrinter] Failed to open /dev/cu.usbserial-110: | {"raw":"Error: No such file or directory, cannot open /dev/cu.usbserial-110","friendly":"Error: No such file or directory, cannot open /dev/cu.usbserial-110"}
[2026-07-27T11:38:08.371Z] [INFO] 🔄 [SerialPrinter] Retrying automatic reconnect to /dev/cu.usbserial-110...
[2026-07-27T11:38:08.371Z] [INFO] 🖨️ [SerialPrinter] Opening serial connection to /dev/cu.usbserial-110 (19200 baud)...
[2026-07-27T11:38:08.372Z] [WARN] ⚠️ [SerialPrinter] Failed to open /dev/cu.usbserial-110: | {"raw":"Error: No such file or directory, cannot open /dev/cu.usbserial-110","friendly":"Error: No such file or directory, cannot open /dev/cu.usbserial-110"}
[2026-07-27T11:38:12.379Z] [INFO] 🔄 [SerialPrinter] Retrying automatic reconnect to /dev/cu.usbserial-110...
[2026-07-27T11:38:12.380Z] [INFO] 🖨️ [SerialPrinter] Opening serial connection to /dev/cu.usbserial-110 (19200 baud)...
[2026-07-27T11:38:12.382Z] [WARN] ⚠️ [SerialPrinter] Failed to open /dev/cu.usbserial-110: | {"raw":"Error: No such file or directory, cannot open /dev/cu.usbserial-110","friendly":"Error: No such file or directory, cannot open /dev/cu.usbserial-110"}
[2026-07-27T11:38:16.390Z] [INFO] 🔄 [SerialPrinter] Retrying automatic reconnect to /dev/cu.usbserial-110...
[2026-07-27T11:38:16.391Z] [INFO] 🖨️ [SerialPrinter] Opening serial connection to /dev/cu.usbserial-110 (19200 baud)...
[2026-07-27T11:38:16.392Z] [WARN] ⚠️ [SerialPrinter] Failed to open /dev/cu.usbserial-110: | {"raw":"Error: No such file or directory, cannot open /dev/cu.usbserial-110","friendly":"Error: No such file or directory, cannot open /dev/cu.usbserial-110"}
[2026-07-27T11:38:20.399Z] [INFO] 🔄 [SerialPrinter] Retrying automatic reconnect to /dev/cu.usbserial-110...
[2026-07-27T11:38:20.400Z] [INFO] 🖨️ [SerialPrinter] Opening serial connection to /dev/cu.usbserial-110 (19200 baud)...
[2026-07-27T11:38:20.401Z] [WARN] ⚠️ [SerialPrinter] Failed to open /dev/cu.usbserial-110: | {"raw":"Error: No such file or directory, cannot open /dev/cu.usbserial-110","friendly":"Error: No such file or directory, cannot open /dev/cu.usbserial-110"}
[2026-07-27T11:38:24.409Z] [INFO] 🔄 [SerialPrinter] Retrying automatic reconnect to /dev/cu.usbserial-110...
[2026-07-27T11:38:24.410Z] [INFO] 🖨️ [SerialPrinter] Opening serial connection to /dev/cu.usbserial-110 (19200 baud)...
[2026-07-27T11:38:24.412Z] [WARN] ⚠️ [SerialPrinter] Failed to open /dev/cu.usbserial-110: | {"raw":"Error: No such file or directory, cannot open /dev/cu.usbserial-110","friendly":"Error: No such file or directory, cannot open /dev/cu.usbserial-110"}
[2026-07-27T11:38:28.417Z] [INFO] 🔄 [SerialPrinter] Retrying automatic reconnect to /dev/cu.usbserial-110...
[2026-07-27T11:38:28.418Z] [INFO] 🖨️ [SerialPrinter] Opening serial connection to /dev/cu.usbserial-110 (19200 baud)...
[2026-07-27T11:38:28.418Z] [WARN] ⚠️ [SerialPrinter] Failed to open /dev/cu.usbserial-110: | {"raw":"Error: No such file or directory, cannot open /dev/cu.usbserial-110","friendly":"Error: No such file or directory, cannot open /dev/cu.usbserial-110"}
[2026-07-27T11:38:30.841Z] [INFO] Saved new printer & kitchen mode configuration to printer.json | {"port":"/dev/cu.usbserial-110","baudRate":19200,"kitchenMode":"NORMAL","updatedAt":"2026-07-27T11:38:30.841Z"}
[2026-07-27T11:38:30.841Z] [INFO] 🔄 [SerialPrinter] Reconfiguring hardware to Port: /dev/cu.usbserial-110, Baud: 19200...
[2026-07-27T11:38:30.841Z] [INFO] Saved new printer & kitchen mode configuration to printer.json | {"port":"/dev/cu.usbserial-110","baudRate":19200,"kitchenMode":"LIVE","updatedAt":"2026-07-27T11:38:30.841Z"}
[2026-07-27T11:38:30.841Z] [INFO] 🖨️ [SerialPrinter] Opening serial connection to /dev/cu.usbserial-110 (19200 baud)...
[2026-07-27T11:38:30.842Z] [WARN] ⚠️ [SerialPrinter] Failed to open /dev/cu.usbserial-110: | {"raw":"Error: No such file or directory, cannot open /dev/cu.usbserial-110","friendly":"Error: No such file or directory, cannot open /dev/cu.usbserial-110"}
[2026-07-27T11:38:32.422Z] [INFO] 🔄 [SerialPrinter] Retrying automatic reconnect to /dev/cu.usbserial-110...
[2026-07-27T11:38:32.422Z] [INFO] 🖨️ [SerialPrinter] Opening serial connection to /dev/cu.usbserial-110 (19200 baud)...
[2026-07-27T11:38:32.422Z] [WARN] ⚠️ [SerialPrinter] Failed to open /dev/cu.usbserial-110: | {"raw":"Error: No such file or directory, cannot open /dev/cu.usbserial-110","friendly":"Error: No such file or directory, cannot open /dev/cu.usbserial-110"}
[2026-07-27T11:38:36.426Z] [INFO] 🔄 [SerialPrinter] Retrying automatic reconnect to /dev/cu.usbserial-110...
[2026-07-27T11:38:36.426Z] [INFO] 🖨️ [SerialPrinter] Opening serial connection to /dev/cu.usbserial-110 (19200 baud)...
[2026-07-27T11:38:36.426Z] [WARN] ⚠️ [SerialPrinter] Failed to open /dev/cu.usbserial-110: | {"raw":"Error: No such file or directory, cannot open /dev/cu.usbserial-110","friendly":"Error: No such file or directory, cannot open /dev/cu.usbserial-110"}
[2026-07-27T11:38:40.430Z] [INFO] 🔄 [SerialPrinter] Retrying automatic reconnect to /dev/cu.usbserial-110...
[2026-07-27T11:38:40.430Z] [INFO] 🖨️ [SerialPrinter] Opening serial connection to /dev/cu.usbserial-110 (19200 baud)...
[2026-07-27T11:38:40.431Z] [WARN] ⚠️ [SerialPrinter] Failed to open /dev/cu.usbserial-110: | {"raw":"Error: No such file or directory, cannot open /dev/cu.usbserial-110","friendly":"Error: No such file or directory, cannot open /dev/cu.usbserial-110"}
[2026-07-27T11:38:44.434Z] [INFO] 🔄 [SerialPrinter] Retrying automatic reconnect to /dev/cu.usbserial-110...
[2026-07-27T11:38:44.434Z] [INFO] 🖨️ [SerialPrinter] Opening serial connection to /dev/cu.usbserial-110 (19200 baud)...
[2026-07-27T11:38:44.435Z] [WARN] ⚠️ [SerialPrinter] Failed to open /dev/cu.usbserial-110: | {"raw":"Error: No such file or directory, cannot open /dev/cu.usbserial-110","friendly":"Error: No such file or directory, cannot open /dev/cu.usbserial-110"}
[2026-07-27T11:38:48.442Z] [INFO] 🔄 [SerialPrinter] Retrying automatic reconnect to /dev/cu.usbserial-110...
[2026-07-27T11:38:48.443Z] [INFO] 🖨️ [SerialPrinter] Opening serial connection to /dev/cu.usbserial-110 (19200 baud)...
[2026-07-27T11:38:48.444Z] [WARN] ⚠️ [SerialPrinter] Failed to open /dev/cu.usbserial-110: | {"raw":"Error: No such file or directory, cannot open /dev/cu.usbserial-110","friendly":"Error: No such file or directory, cannot open /dev/cu.usbserial-110"}
[2026-07-27T11:38:52.451Z] [INFO] 🔄 [SerialPrinter] Retrying automatic reconnect to /dev/cu.usbserial-110...
[2026-07-27T11:38:52.451Z] [INFO] 🖨️ [SerialPrinter] Opening serial connection to /dev/cu.usbserial-110 (19200 baud)...
[2026-07-27T11:38:52.453Z] [WARN] ⚠️ [SerialPrinter] Failed to open /dev/cu.usbserial-110: | {"raw":"Error: No such file or directory, cannot open /dev/cu.usbserial-110","friendly":"Error: No such file or directory, cannot open /dev/cu.usbserial-110"}
[2026-07-27T11:38:56.463Z] [INFO] 🔄 [SerialPrinter] Retrying automatic reconnect to /dev/cu.usbserial-110...
[2026-07-27T11:38:56.464Z] [INFO] 🖨️ [SerialPrinter] Opening serial connection to /dev/cu.usbserial-110 (19200 baud)...
[2026-07-27T11:38:56.465Z] [WARN] ⚠️ [SerialPrinter] Failed to open /dev/cu.usbserial-110: | {"raw":"Error: No such file or directory, cannot open /dev/cu.usbserial-110","friendly":"Error: No such file or directory, cannot open /dev/cu.usbserial-110"}
[2026-07-27T11:39:00.472Z] [INFO] 🔄 [SerialPrinter] Retrying automatic reconnect to /dev/cu.usbserial-110...
[2026-07-27T11:39:00.473Z] [INFO] 🖨️ [SerialPrinter] Opening serial connection to /dev/cu.usbserial-110 (19200 baud)...
[2026-07-27T11:39:00.474Z] [WARN] ⚠️ [SerialPrinter] Failed to open /dev/cu.usbserial-110: | {"raw":"Error: No such file or directory, cannot open /dev/cu.usbserial-110","friendly":"Error: No such file or directory, cannot open /dev/cu.usbserial-110"}
[2026-07-27T11:39:04.480Z] [INFO] 🔄 [SerialPrinter] Retrying automatic reconnect to /dev/cu.usbserial-110...
[2026-07-27T11:39:04.480Z] [INFO] 🖨️ [SerialPrinter] Opening serial connection to /dev/cu.usbserial-110 (19200 baud)...
[2026-07-27T11:39:04.481Z] [WARN] ⚠️ [SerialPrinter] Failed to open /dev/cu.usbserial-110: | {"raw":"Error: No such file or directory, cannot open /dev/cu.usbserial-110","friendly":"Error: No such file or directory, cannot open /dev/cu.usbserial-110"}
[2026-07-27T11:39:08.488Z] [INFO] 🔄 [SerialPrinter] Retrying automatic reconnect to /dev/cu.usbserial-110...
[2026-07-27T11:39:08.489Z] [INFO] 🖨️ [SerialPrinter] Opening serial connection to /dev/cu.usbserial-110 (19200 baud)...
[2026-07-27T11:39:08.490Z] [WARN] ⚠️ [SerialPrinter] Failed to open /dev/cu.usbserial-110: | {"raw":"Error: No such file or directory, cannot open /dev/cu.usbserial-110","friendly":"Error: No such file or directory, cannot open /dev/cu.usbserial-110"}
[2026-07-27T11:39:12.498Z] [INFO] 🔄 [SerialPrinter] Retrying automatic reconnect to /dev/cu.usbserial-110...
[2026-07-27T11:39:12.499Z] [INFO] 🖨️ [SerialPrinter] Opening serial connection to /dev/cu.usbserial-110 (19200 baud)...
[2026-07-27T11:39:12.500Z] [WARN] ⚠️ [SerialPrinter] Failed to open /dev/cu.usbserial-110: | {"raw":"Error: No such file or directory, cannot open /dev/cu.usbserial-110","friendly":"Error: No such file or directory, cannot open /dev/cu.usbserial-110"}
[2026-07-27T11:39:16.508Z] [INFO] 🔄 [SerialPrinter] Retrying automatic reconnect to /dev/cu.usbserial-110...
[2026-07-27T11:39:16.509Z] [INFO] 🖨️ [SerialPrinter] Opening serial connection to /dev/cu.usbserial-110 (19200 baud)...
[2026-07-27T11:39:16.510Z] [WARN] ⚠️ [SerialPrinter] Failed to open /dev/cu.usbserial-110: | {"raw":"Error: No such file or directory, cannot open /dev/cu.usbserial-110","friendly":"Error: No such file or directory, cannot open /dev/cu.usbserial-110"}
[2026-07-27T11:39:20.514Z] [INFO] 🔄 [SerialPrinter] Retrying automatic reconnect to /dev/cu.usbserial-110...
[2026-07-27T11:39:20.515Z] [INFO] 🖨️ [SerialPrinter] Opening serial connection to /dev/cu.usbserial-110 (19200 baud)...
[2026-07-27T11:39:20.516Z] [WARN] ⚠️ [SerialPrinter] Failed to open /dev/cu.usbserial-110: | {"raw":"Error: No such file or directory, cannot open /dev/cu.usbserial-110","friendly":"Error: No such file or directory, cannot open /dev/cu.usbserial-110"}
[2026-07-27T11:39:24.525Z] [INFO] 🔄 [SerialPrinter] Retrying automatic reconnect to /dev/cu.usbserial-110...
[2026-07-27T11:39:24.526Z] [INFO] 🖨️ [SerialPrinter] Opening serial connection to /dev/cu.usbserial-110 (19200 baud)...
[2026-07-27T11:39:24.527Z] [WARN] ⚠️ [SerialPrinter] Failed to open /dev/cu.usbserial-110: | {"raw":"Error: No such file or directory, cannot open /dev/cu.usbserial-110","friendly":"Error: No such file or directory, cannot open /dev/cu.usbserial-110"}
[2026-07-27T11:39:28.532Z] [INFO] 🔄 [SerialPrinter] Retrying automatic reconnect to /dev/cu.usbserial-110...
[2026-07-27T11:39:28.533Z] [INFO] 🖨️ [SerialPrinter] Opening serial connection to /dev/cu.usbserial-110 (19200 baud)...
[2026-07-27T11:39:28.533Z] [WARN] ⚠️ [SerialPrinter] Failed to open /dev/cu.usbserial-110: | {"raw":"Error: No such file or directory, cannot open /dev/cu.usbserial-110","friendly":"Error: No such file or directory, cannot open /dev/cu.usbserial-110"}
[2026-07-27T11:39:28.604Z] [INFO] 🔍 [PrinterService] Discovered 13 hardware serial ports.
[2026-07-27T11:39:28.606Z] [INFO] 🔍 [PrinterService] Discovered 13 hardware serial ports.
[2026-07-27T11:39:32.538Z] [INFO] 🔄 [SerialPrinter] Retrying automatic reconnect to /dev/cu.usbserial-110...
[2026-07-27T11:39:32.539Z] [INFO] 🖨️ [SerialPrinter] Opening serial connection to /dev/cu.usbserial-110 (19200 baud)...
[2026-07-27T11:39:32.542Z] [WARN] ⚠️ [SerialPrinter] Failed to open /dev/cu.usbserial-110: | {"raw":"Error: No such file or directory, cannot open /dev/cu.usbserial-110","friendly":"Error: No such file or directory, cannot open /dev/cu.usbserial-110"}
[2026-07-27T11:39:36.549Z] [INFO] 🔄 [SerialPrinter] Retrying automatic reconnect to /dev/cu.usbserial-110...
[2026-07-27T11:39:36.550Z] [INFO] 🖨️ [SerialPrinter] Opening serial connection to /dev/cu.usbserial-110 (19200 baud)...
[2026-07-27T11:39:36.551Z] [WARN] ⚠️ [SerialPrinter] Failed to open /dev/cu.usbserial-110: | {"raw":"Error: No such file or directory, cannot open /dev/cu.usbserial-110","friendly":"Error: No such file or directory, cannot open /dev/cu.usbserial-110"}
[2026-07-27T11:39:40.559Z] [INFO] 🔄 [SerialPrinter] Retrying automatic reconnect to /dev/cu.usbserial-110...
[2026-07-27T11:39:40.560Z] [INFO] 🖨️ [SerialPrinter] Opening serial connection to /dev/cu.usbserial-110 (19200 baud)...
[2026-07-27T11:39:40.561Z] [WARN] ⚠️ [SerialPrinter] Failed to open /dev/cu.usbserial-110: | {"raw":"Error: No such file or directory, cannot open /dev/cu.usbserial-110","friendly":"Error: No such file or directory, cannot open /dev/cu.usbserial-110"}
[2026-07-27T11:39:44.569Z] [INFO] 🔄 [SerialPrinter] Retrying automatic reconnect to /dev/cu.usbserial-110...
[2026-07-27T11:39:44.570Z] [INFO] 🖨️ [SerialPrinter] Opening serial connection to /dev/cu.usbserial-110 (19200 baud)...
[2026-07-27T11:39:44.571Z] [WARN] ⚠️ [SerialPrinter] Failed to open /dev/cu.usbserial-110: | {"raw":"Error: No such file or directory, cannot open /dev/cu.usbserial-110","friendly":"Error: No such file or directory, cannot open /dev/cu.usbserial-110"}
[2026-07-27T11:39:48.578Z] [INFO] 🔄 [SerialPrinter] Retrying automatic reconnect to /dev/cu.usbserial-110...
[2026-07-27T11:39:48.578Z] [INFO] 🖨️ [SerialPrinter] Opening serial connection to /dev/cu.usbserial-110 (19200 baud)...
[2026-07-27T11:39:48.579Z] [WARN] ⚠️ [SerialPrinter] Failed to open /dev/cu.usbserial-110: | {"raw":"Error: No such file or directory, cannot open /dev/cu.usbserial-110","friendly":"Error: No such file or directory, cannot open /dev/cu.usbserial-110"}
[2026-07-27T11:39:52.586Z] [INFO] 🔄 [SerialPrinter] Retrying automatic reconnect to /dev/cu.usbserial-110...
[2026-07-27T11:39:52.587Z] [INFO] 🖨️ [SerialPrinter] Opening serial connection to /dev/cu.usbserial-110 (19200 baud)...
[2026-07-27T11:39:52.588Z] [WARN] ⚠️ [SerialPrinter] Failed to open /dev/cu.usbserial-110: | {"raw":"Error: No such file or directory, cannot open /dev/cu.usbserial-110","friendly":"Error: No such file or directory, cannot open /dev/cu.usbserial-110"}
[2026-07-27T11:39:56.594Z] [INFO] 🔄 [SerialPrinter] Retrying automatic reconnect to /dev/cu.usbserial-110...
[2026-07-27T11:39:56.595Z] [INFO] 🖨️ [SerialPrinter] Opening serial connection to /dev/cu.usbserial-110 (19200 baud)...
[2026-07-27T11:39:56.596Z] [WARN] ⚠️ [SerialPrinter] Failed to open /dev/cu.usbserial-110: | {"raw":"Error: No such file or directory, cannot open /dev/cu.usbserial-110","friendly":"Error: No such file or directory, cannot open /dev/cu.usbserial-110"}
[2026-07-27T11:40:00.605Z] [INFO] 🔄 [SerialPrinter] Retrying automatic reconnect to /dev/cu.usbserial-110...
[2026-07-27T11:40:00.606Z] [INFO] 🖨️ [SerialPrinter] Opening serial connection to /dev/cu.usbserial-110 (19200 baud)...
[2026-07-27T11:40:00.606Z] [WARN] ⚠️ [SerialPrinter] Failed to open /dev/cu.usbserial-110: | {"raw":"Error: No such file or directory, cannot open /dev/cu.usbserial-110","friendly":"Error: No such file or directory, cannot open /dev/cu.usbserial-110"}
[2026-07-27T11:40:04.614Z] [INFO] 🔄 [SerialPrinter] Retrying automatic reconnect to /dev/cu.usbserial-110...
[2026-07-27T11:40:04.615Z] [INFO] 🖨️ [SerialPrinter] Opening serial connection to /dev/cu.usbserial-110 (19200 baud)...
[2026-07-27T11:40:04.616Z] [WARN] ⚠️ [SerialPrinter] Failed to open /dev/cu.usbserial-110: | {"raw":"Error: No such file or directory, cannot open /dev/cu.usbserial-110","friendly":"Error: No such file or directory, cannot open /dev/cu.usbserial-110"}
[2026-07-27T11:40:08.621Z] [INFO] 🔄 [SerialPrinter] Retrying automatic reconnect to /dev/cu.usbserial-110...
[2026-07-27T11:40:08.622Z] [INFO] 🖨️ [SerialPrinter] Opening serial connection to /dev/cu.usbserial-110 (19200 baud)...
[2026-07-27T11:40:08.623Z] [WARN] ⚠️ [SerialPrinter] Failed to open /dev/cu.usbserial-110: | {"raw":"Error: No such file or directory, cannot open /dev/cu.usbserial-110","friendly":"Error: No such file or directory, cannot open /dev/cu.usbserial-110"}
[2026-07-27T11:40:12.628Z] [INFO] 🔄 [SerialPrinter] Retrying automatic reconnect to /dev/cu.usbserial-110...
[2026-07-27T11:40:12.629Z] [INFO] 🖨️ [SerialPrinter] Opening serial connection to /dev/cu.usbserial-110 (19200 baud)...
[2026-07-27T11:40:12.630Z] [WARN] ⚠️ [SerialPrinter] Failed to open /dev/cu.usbserial-110: | {"raw":"Error: No such file or directory, cannot open /dev/cu.usbserial-110","friendly":"Error: No such file or directory, cannot open /dev/cu.usbserial-110"}
[2026-07-27T11:40:16.636Z] [INFO] 🔄 [SerialPrinter] Retrying automatic reconnect to /dev/cu.usbserial-110...
[2026-07-27T11:40:16.637Z] [INFO] 🖨️ [SerialPrinter] Opening serial connection to /dev/cu.usbserial-110 (19200 baud)...
[2026-07-27T11:40:16.638Z] [WARN] ⚠️ [SerialPrinter] Failed to open /dev/cu.usbserial-110: | {"raw":"Error: No such file or directory, cannot open /dev/cu.usbserial-110","friendly":"Error: No such file or directory, cannot open /dev/cu.usbserial-110"}
[2026-07-27T11:40:20.645Z] [INFO] 🔄 [SerialPrinter] Retrying automatic reconnect to /dev/cu.usbserial-110...
[2026-07-27T11:40:20.646Z] [INFO] 🖨️ [SerialPrinter] Opening serial connection to /dev/cu.usbserial-110 (19200 baud)...
[2026-07-27T11:40:20.647Z] [WARN] ⚠️ [SerialPrinter] Failed to open /dev/cu.usbserial-110: | {"raw":"Error: No such file or directory, cannot open /dev/cu.usbserial-110","friendly":"Error: No such file or directory, cannot open /dev/cu.usbserial-110"}
[2026-07-27T11:40:24.653Z] [INFO] 🔄 [SerialPrinter] Retrying automatic reconnect to /dev/cu.usbserial-110...
[2026-07-27T11:40:24.654Z] [INFO] 🖨️ [SerialPrinter] Opening serial connection to /dev/cu.usbserial-110 (19200 baud)...
[2026-07-27T11:40:24.655Z] [WARN] ⚠️ [SerialPrinter] Failed to open /dev/cu.usbserial-110: | {"raw":"Error: No such file or directory, cannot open /dev/cu.usbserial-110","friendly":"Error: No such file or directory, cannot open /dev/cu.usbserial-110"}
[2026-07-27T11:40:28.662Z] [INFO] 🔄 [SerialPrinter] Retrying automatic reconnect to /dev/cu.usbserial-110...
[2026-07-27T11:40:28.663Z] [INFO] 🖨️ [SerialPrinter] Opening serial connection to /dev/cu.usbserial-110 (19200 baud)...
[2026-07-27T11:40:28.664Z] [WARN] ⚠️ [SerialPrinter] Failed to open /dev/cu.usbserial-110: | {"raw":"Error: No such file or directory, cannot open /dev/cu.usbserial-110","friendly":"Error: No such file or directory, cannot open /dev/cu.usbserial-110"}
[2026-07-27T11:40:32.670Z] [INFO] 🔄 [SerialPrinter] Retrying automatic reconnect to /dev/cu.usbserial-110...
[2026-07-27T11:40:32.671Z] [INFO] 🖨️ [SerialPrinter] Opening serial connection to /dev/cu.usbserial-110 (19200 baud)...
[2026-07-27T11:40:32.672Z] [WARN] ⚠️ [SerialPrinter] Failed to open /dev/cu.usbserial-110: | {"raw":"Error: No such file or directory, cannot open /dev/cu.usbserial-110","friendly":"Error: No such file or directory, cannot open /dev/cu.usbserial-110"}
[2026-07-27T11:40:36.680Z] [INFO] 🔄 [SerialPrinter] Retrying automatic reconnect to /dev/cu.usbserial-110...
[2026-07-27T11:40:36.681Z] [INFO] 🖨️ [SerialPrinter] Opening serial connection to /dev/cu.usbserial-110 (19200 baud)...
[2026-07-27T11:40:36.681Z] [WARN] ⚠️ [SerialPrinter] Failed to open /dev/cu.usbserial-110: | {"raw":"Error: No such file or directory, cannot open /dev/cu.usbserial-110","friendly":"Error: No such file or directory, cannot open /dev/cu.usbserial-110"}
[2026-07-27T11:40:40.690Z] [INFO] 🔄 [SerialPrinter] Retrying automatic reconnect to /dev/cu.usbserial-110...
[2026-07-27T11:40:40.690Z] [INFO] 🖨️ [SerialPrinter] Opening serial connection to /dev/cu.usbserial-110 (19200 baud)...
[2026-07-27T11:40:40.690Z] [WARN] ⚠️ [SerialPrinter] Failed to open /dev/cu.usbserial-110: | {"raw":"Error: No such file or directory, cannot open /dev/cu.usbserial-110","friendly":"Error: No such file or directory, cannot open /dev/cu.usbserial-110"}
[2026-07-27T11:40:44.694Z] [INFO] 🔄 [SerialPrinter] Retrying automatic reconnect to /dev/cu.usbserial-110...
[2026-07-27T11:40:44.694Z] [INFO] 🖨️ [SerialPrinter] Opening serial connection to /dev/cu.usbserial-110 (19200 baud)...
[2026-07-27T11:40:44.694Z] [WARN] ⚠️ [SerialPrinter] Failed to open /dev/cu.usbserial-110: | {"raw":"Error: No such file or directory, cannot open /dev/cu.usbserial-110","friendly":"Error: No such file or directory, cannot open /dev/cu.usbserial-110"}
[2026-07-27T11:40:48.699Z] [INFO] 🔄 [SerialPrinter] Retrying automatic reconnect to /dev/cu.usbserial-110...
[2026-07-27T11:40:48.700Z] [INFO] 🖨️ [SerialPrinter] Opening serial connection to /dev/cu.usbserial-110 (19200 baud)...
[2026-07-27T11:40:48.701Z] [WARN] ⚠️ [SerialPrinter] Failed to open /dev/cu.usbserial-110: | {"raw":"Error: No such file or directory, cannot open /dev/cu.usbserial-110","friendly":"Error: No such file or directory, cannot open /dev/cu.usbserial-110"}
[2026-07-27T11:40:52.708Z] [INFO] 🔄 [SerialPrinter] Retrying automatic reconnect to /dev/cu.usbserial-110...
[2026-07-27T11:40:52.709Z] [INFO] 🖨️ [SerialPrinter] Opening serial connection to /dev/cu.usbserial-110 (19200 baud)...
[2026-07-27T11:40:52.710Z] [WARN] ⚠️ [SerialPrinter] Failed to open /dev/cu.usbserial-110: | {"raw":"Error: No such file or directory, cannot open /dev/cu.usbserial-110","friendly":"Error: No such file or directory, cannot open /dev/cu.usbserial-110"}
[2026-07-27T11:40:56.721Z] [INFO] 🔄 [SerialPrinter] Retrying automatic reconnect to /dev/cu.usbserial-110...
[2026-07-27T11:40:56.721Z] [INFO] 🖨️ [SerialPrinter] Opening serial connection to /dev/cu.usbserial-110 (19200 baud)...
[2026-07-27T11:40:56.722Z] [WARN] ⚠️ [SerialPrinter] Failed to open /dev/cu.usbserial-110: | {"raw":"Error: No such file or directory, cannot open /dev/cu.usbserial-110","friendly":"Error: No such file or directory, cannot open /dev/cu.usbserial-110"}
[2026-07-27T11:41:00.729Z] [INFO] 🔄 [SerialPrinter] Retrying automatic reconnect to /dev/cu.usbserial-110...
[2026-07-27T11:41:00.730Z] [INFO] 🖨️ [SerialPrinter] Opening serial connection to /dev/cu.usbserial-110 (19200 baud)...
[2026-07-27T11:41:00.731Z] [WARN] ⚠️ [SerialPrinter] Failed to open /dev/cu.usbserial-110: | {"raw":"Error: No such file or directory, cannot open /dev/cu.usbserial-110","friendly":"Error: No such file or directory, cannot open /dev/cu.usbserial-110"}
[2026-07-27T11:41:04.739Z] [INFO] 🔄 [SerialPrinter] Retrying automatic reconnect to /dev/cu.usbserial-110...
[2026-07-27T11:41:04.740Z] [INFO] 🖨️ [SerialPrinter] Opening serial connection to /dev/cu.usbserial-110 (19200 baud)...
[2026-07-27T11:41:04.740Z] [WARN] ⚠️ [SerialPrinter] Failed to open /dev/cu.usbserial-110: | {"raw":"Error: No such file or directory, cannot open /dev/cu.usbserial-110","friendly":"Error: No such file or directory, cannot open /dev/cu.usbserial-110"}
[2026-07-27T11:41:08.748Z] [INFO] 🔄 [SerialPrinter] Retrying automatic reconnect to /dev/cu.usbserial-110...
[2026-07-27T11:41:08.749Z] [INFO] 🖨️ [SerialPrinter] Opening serial connection to /dev/cu.usbserial-110 (19200 baud)...
[2026-07-27T11:41:08.750Z] [WARN] ⚠️ [SerialPrinter] Failed to open /dev/cu.usbserial-110: | {"raw":"Error: No such file or directory, cannot open /dev/cu.usbserial-110","friendly":"Error: No such file or directory, cannot open /dev/cu.usbserial-110"}
[2026-07-27T11:41:12.757Z] [INFO] 🔄 [SerialPrinter] Retrying automatic reconnect to /dev/cu.usbserial-110...
[2026-07-27T11:41:12.758Z] [INFO] 🖨️ [SerialPrinter] Opening serial connection to /dev/cu.usbserial-110 (19200 baud)...
[2026-07-27T11:41:12.759Z] [WARN] ⚠️ [SerialPrinter] Failed to open /dev/cu.usbserial-110: | {"raw":"Error: No such file or directory, cannot open /dev/cu.usbserial-110","friendly":"Error: No such file or directory, cannot open /dev/cu.usbserial-110"}
[2026-07-27T11:41:16.767Z] [INFO] 🔄 [SerialPrinter] Retrying automatic reconnect to /dev/cu.usbserial-110...
[2026-07-27T11:41:16.768Z] [INFO] 🖨️ [SerialPrinter] Opening serial connection to /dev/cu.usbserial-110 (19200 baud)...
[2026-07-27T11:41:16.769Z] [WARN] ⚠️ [SerialPrinter] Failed to open /dev/cu.usbserial-110: | {"raw":"Error: No such file or directory, cannot open /dev/cu.usbserial-110","friendly":"Error: No such file or directory, cannot open /dev/cu.usbserial-110"}
[2026-07-27T11:41:20.776Z] [INFO] 🔄 [SerialPrinter] Retrying automatic reconnect to /dev/cu.usbserial-110...
[2026-07-27T11:41:20.777Z] [INFO] 🖨️ [SerialPrinter] Opening serial connection to /dev/cu.usbserial-110 (19200 baud)...
[2026-07-27T11:41:20.778Z] [WARN] ⚠️ [SerialPrinter] Failed to open /dev/cu.usbserial-110: | {"raw":"Error: No such file or directory, cannot open /dev/cu.usbserial-110","friendly":"Error: No such file or directory, cannot open /dev/cu.usbserial-110"}
[2026-07-27T11:41:24.786Z] [INFO] 🔄 [SerialPrinter] Retrying automatic reconnect to /dev/cu.usbserial-110...
[2026-07-27T11:41:24.787Z] [INFO] 🖨️ [SerialPrinter] Opening serial connection to /dev/cu.usbserial-110 (19200 baud)...
[2026-07-27T11:41:24.788Z] [WARN] ⚠️ [SerialPrinter] Failed to open /dev/cu.usbserial-110: | {"raw":"Error: No such file or directory, cannot open /dev/cu.usbserial-110","friendly":"Error: No such file or directory, cannot open /dev/cu.usbserial-110"}
[2026-07-27T11:41:28.795Z] [INFO] 🔄 [SerialPrinter] Retrying automatic reconnect to /dev/cu.usbserial-110...
[2026-07-27T11:41:28.796Z] [INFO] 🖨️ [SerialPrinter] Opening serial connection to /dev/cu.usbserial-110 (19200 baud)...
[2026-07-27T11:41:28.797Z] [WARN] ⚠️ [SerialPrinter] Failed to open /dev/cu.usbserial-110: | {"raw":"Error: No such file or directory, cannot open /dev/cu.usbserial-110","friendly":"Error: No such file or directory, cannot open /dev/cu.usbserial-110"}
[2026-07-27T11:41:32.803Z] [INFO] 🔄 [SerialPrinter] Retrying automatic reconnect to /dev/cu.usbserial-110...
[2026-07-27T11:41:32.804Z] [INFO] 🖨️ [SerialPrinter] Opening serial connection to /dev/cu.usbserial-110 (19200 baud)...
[2026-07-27T11:41:32.805Z] [WARN] ⚠️ [SerialPrinter] Failed to open /dev/cu.usbserial-110: | {"raw":"Error: No such file or directory, cannot open /dev/cu.usbserial-110","friendly":"Error: No such file or directory, cannot open /dev/cu.usbserial-110"}
[2026-07-27T11:41:36.815Z] [INFO] 🔄 [SerialPrinter] Retrying automatic reconnect to /dev/cu.usbserial-110...
[2026-07-27T11:41:36.816Z] [INFO] 🖨️ [SerialPrinter] Opening serial connection to /dev/cu.usbserial-110 (19200 baud)...
[2026-07-27T11:41:36.817Z] [WARN] ⚠️ [SerialPrinter] Failed to open /dev/cu.usbserial-110: | {"raw":"Error: No such file or directory, cannot open /dev/cu.usbserial-110","friendly":"Error: No such file or directory, cannot open /dev/cu.usbserial-110"}
[2026-07-27T11:41:40.825Z] [INFO] 🔄 [SerialPrinter] Retrying automatic reconnect to /dev/cu.usbserial-110...
[2026-07-27T11:41:40.826Z] [INFO] 🖨️ [SerialPrinter] Opening serial connection to /dev/cu.usbserial-110 (19200 baud)...
[2026-07-27T11:41:40.827Z] [WARN] ⚠️ [SerialPrinter] Failed to open /dev/cu.usbserial-110: | {"raw":"Error: No such file or directory, cannot open /dev/cu.usbserial-110","friendly":"Error: No such file or directory, cannot open /dev/cu.usbserial-110"}
[2026-07-27T11:41:44.830Z] [INFO] 🔄 [SerialPrinter] Retrying automatic reconnect to /dev/cu.usbserial-110...
[2026-07-27T11:41:44.831Z] [INFO] 🖨️ [SerialPrinter] Opening serial connection to /dev/cu.usbserial-110 (19200 baud)...
[2026-07-27T11:41:44.831Z] [WARN] ⚠️ [SerialPrinter] Failed to open /dev/cu.usbserial-110: | {"raw":"Error: No such file or directory, cannot open /dev/cu.usbserial-110","friendly":"Error: No such file or directory, cannot open /dev/cu.usbserial-110"}
[2026-07-27T11:41:48.835Z] [INFO] 🔄 [SerialPrinter] Retrying automatic reconnect to /dev/cu.usbserial-110...
[2026-07-27T11:41:48.837Z] [INFO] 🖨️ [SerialPrinter] Opening serial connection to /dev/cu.usbserial-110 (19200 baud)...
[2026-07-27T11:41:48.838Z] [WARN] ⚠️ [SerialPrinter] Failed to open /dev/cu.usbserial-110: | {"raw":"Error: No such file or directory, cannot open /dev/cu.usbserial-110","friendly":"Error: No such file or directory, cannot open /dev/cu.usbserial-110"}
[2026-07-27T11:41:52.843Z] [INFO] 🔄 [SerialPrinter] Retrying automatic reconnect to /dev/cu.usbserial-110...
[2026-07-27T11:41:52.844Z] [INFO] 🖨️ [SerialPrinter] Opening serial connection to /dev/cu.usbserial-110 (19200 baud)...
[2026-07-27T11:41:52.845Z] [WARN] ⚠️ [SerialPrinter] Failed to open /dev/cu.usbserial-110: | {"raw":"Error: No such file or directory, cannot open /dev/cu.usbserial-110","friendly":"Error: No such file or directory, cannot open /dev/cu.usbserial-110"}
[2026-07-27T11:41:56.852Z] [INFO] 🔄 [SerialPrinter] Retrying automatic reconnect to /dev/cu.usbserial-110...
[2026-07-27T11:41:56.852Z] [INFO] 🖨️ [SerialPrinter] Opening serial connection to /dev/cu.usbserial-110 (19200 baud)...
[2026-07-27T11:41:56.853Z] [WARN] ⚠️ [SerialPrinter] Failed to open /dev/cu.usbserial-110: | {"raw":"Error: No such file or directory, cannot open /dev/cu.usbserial-110","friendly":"Error: No such file or directory, cannot open /dev/cu.usbserial-110"}
[2026-07-27T11:42:00.859Z] [INFO] 🔄 [SerialPrinter] Retrying automatic reconnect to /dev/cu.usbserial-110...
[2026-07-27T11:42:00.860Z] [INFO] 🖨️ [SerialPrinter] Opening serial connection to /dev/cu.usbserial-110 (19200 baud)...
[2026-07-27T11:42:00.860Z] [WARN] ⚠️ [SerialPrinter] Failed to open /dev/cu.usbserial-110: | {"raw":"Error: No such file or directory, cannot open /dev/cu.usbserial-110","friendly":"Error: No such file or directory, cannot open /dev/cu.usbserial-110"}
[2026-07-27T11:42:04.869Z] [INFO] 🔄 [SerialPrinter] Retrying automatic reconnect to /dev/cu.usbserial-110...
[2026-07-27T11:42:04.870Z] [INFO] 🖨️ [SerialPrinter] Opening serial connection to /dev/cu.usbserial-110 (19200 baud)...
[2026-07-27T11:42:04.872Z] [WARN] ⚠️ [SerialPrinter] Failed to open /dev/cu.usbserial-110: | {"raw":"Error: No such file or directory, cannot open /dev/cu.usbserial-110","friendly":"Error: No such file or directory, cannot open /dev/cu.usbserial-110"}
[2026-07-27T11:42:08.881Z] [INFO] 🔄 [SerialPrinter] Retrying automatic reconnect to /dev/cu.usbserial-110...
[2026-07-27T11:42:08.881Z] [INFO] 🖨️ [SerialPrinter] Opening serial connection to /dev/cu.usbserial-110 (19200 baud)...
[2026-07-27T11:42:08.882Z] [WARN] ⚠️ [SerialPrinter] Failed to open /dev/cu.usbserial-110: | {"raw":"Error: No such file or directory, cannot open /dev/cu.usbserial-110","friendly":"Error: No such file or directory, cannot open /dev/cu.usbserial-110"}
[2026-07-27T11:42:12.889Z] [INFO] 🔄 [SerialPrinter] Retrying automatic reconnect to /dev/cu.usbserial-110...
[2026-07-27T11:42:12.890Z] [INFO] 🖨️ [SerialPrinter] Opening serial connection to /dev/cu.usbserial-110 (19200 baud)...
[2026-07-27T11:42:12.894Z] [WARN] ⚠️ [SerialPrinter] Failed to open /dev/cu.usbserial-110: | {"raw":"Error: No such file or directory, cannot open /dev/cu.usbserial-110","friendly":"Error: No such file or directory, cannot open /dev/cu.usbserial-110"}
[2026-07-27T11:42:16.906Z] [INFO] 🔄 [SerialPrinter] Retrying automatic reconnect to /dev/cu.usbserial-110...
[2026-07-27T11:42:16.907Z] [INFO] 🖨️ [SerialPrinter] Opening serial connection to /dev/cu.usbserial-110 (19200 baud)...
[2026-07-27T11:42:16.907Z] [WARN] ⚠️ [SerialPrinter] Failed to open /dev/cu.usbserial-110: | {"raw":"Error: No such file or directory, cannot open /dev/cu.usbserial-110","friendly":"Error: No such file or directory, cannot open /dev/cu.usbserial-110"}
[2026-07-27T11:42:20.917Z] [INFO] 🔄 [SerialPrinter] Retrying automatic reconnect to /dev/cu.usbserial-110...
[2026-07-27T11:42:20.918Z] [INFO] 🖨️ [SerialPrinter] Opening serial connection to /dev/cu.usbserial-110 (19200 baud)...
[2026-07-27T11:42:20.919Z] [WARN] ⚠️ [SerialPrinter] Failed to open /dev/cu.usbserial-110: | {"raw":"Error: No such file or directory, cannot open /dev/cu.usbserial-110","friendly":"Error: No such file or directory, cannot open /dev/cu.usbserial-110"}
[2026-07-27T11:42:24.929Z] [INFO] 🔄 [SerialPrinter] Retrying automatic reconnect to /dev/cu.usbserial-110...
[2026-07-27T11:42:24.930Z] [INFO] 🖨️ [SerialPrinter] Opening serial connection to /dev/cu.usbserial-110 (19200 baud)...
[2026-07-27T11:42:24.934Z] [WARN] ⚠️ [SerialPrinter] Failed to open /dev/cu.usbserial-110: | {"raw":"Error: No such file or directory, cannot open /dev/cu.usbserial-110","friendly":"Error: No such file or directory, cannot open /dev/cu.usbserial-110"}
[2026-07-27T11:42:28.953Z] [INFO] 🔄 [SerialPrinter] Retrying automatic reconnect to /dev/cu.usbserial-110...
[2026-07-27T11:42:28.955Z] [INFO] 🖨️ [SerialPrinter] Opening serial connection to /dev/cu.usbserial-110 (19200 baud)...
[2026-07-27T11:42:28.956Z] [WARN] ⚠️ [SerialPrinter] Failed to open /dev/cu.usbserial-110: | {"raw":"Error: No such file or directory, cannot open /dev/cu.usbserial-110","friendly":"Error: No such file or directory, cannot open /dev/cu.usbserial-110"}
[2026-07-27T11:42:32.963Z] [INFO] 🔄 [SerialPrinter] Retrying automatic reconnect to /dev/cu.usbserial-110...
[2026-07-27T11:42:32.965Z] [INFO] 🖨️ [SerialPrinter] Opening serial connection to /dev/cu.usbserial-110 (19200 baud)...
[2026-07-27T11:42:32.966Z] [WARN] ⚠️ [SerialPrinter] Failed to open /dev/cu.usbserial-110: | {"raw":"Error: No such file or directory, cannot open /dev/cu.usbserial-110","friendly":"Error: No such file or directory, cannot open /dev/cu.usbserial-110"}
[2026-07-27T11:42:36.971Z] [INFO] 🔄 [SerialPrinter] Retrying automatic reconnect to /dev/cu.usbserial-110...
[2026-07-27T11:42:36.971Z] [INFO] 🖨️ [SerialPrinter] Opening serial connection to /dev/cu.usbserial-110 (19200 baud)...
[2026-07-27T11:42:36.971Z] [WARN] ⚠️ [SerialPrinter] Failed to open /dev/cu.usbserial-110: | {"raw":"Error: No such file or directory, cannot open /dev/cu.usbserial-110","friendly":"Error: No such file or directory, cannot open /dev/cu.usbserial-110"}
[2026-07-27T11:42:40.977Z] [INFO] 🔄 [SerialPrinter] Retrying automatic reconnect to /dev/cu.usbserial-110...
[2026-07-27T11:42:40.978Z] [INFO] 🖨️ [SerialPrinter] Opening serial connection to /dev/cu.usbserial-110 (19200 baud)...
[2026-07-27T11:42:40.981Z] [WARN] ⚠️ [SerialPrinter] Failed to open /dev/cu.usbserial-110: | {"raw":"Error: No such file or directory, cannot open /dev/cu.usbserial-110","friendly":"Error: No such file or directory, cannot open /dev/cu.usbserial-110"}
[2026-07-27T11:42:44.990Z] [INFO] 🔄 [SerialPrinter] Retrying automatic reconnect to /dev/cu.usbserial-110...
[2026-07-27T11:42:44.991Z] [INFO] 🖨️ [SerialPrinter] Opening serial connection to /dev/cu.usbserial-110 (19200 baud)...
[2026-07-27T11:42:44.992Z] [WARN] ⚠️ [SerialPrinter] Failed to open /dev/cu.usbserial-110: | {"raw":"Error: No such file or directory, cannot open /dev/cu.usbserial-110","friendly":"Error: No such file or directory, cannot open /dev/cu.usbserial-110"}
[2026-07-27T11:42:49.000Z] [INFO] 🔄 [SerialPrinter] Retrying automatic reconnect to /dev/cu.usbserial-110...
[2026-07-27T11:42:49.001Z] [INFO] 🖨️ [SerialPrinter] Opening serial connection to /dev/cu.usbserial-110 (19200 baud)...
[2026-07-27T11:42:49.002Z] [WARN] ⚠️ [SerialPrinter] Failed to open /dev/cu.usbserial-110: | {"raw":"Error: No such file or directory, cannot open /dev/cu.usbserial-110","friendly":"Error: No such file or directory, cannot open /dev/cu.usbserial-110"}
[2026-07-27T11:42:53.011Z] [INFO] 🔄 [SerialPrinter] Retrying automatic reconnect to /dev/cu.usbserial-110...
[2026-07-27T11:42:53.012Z] [INFO] 🖨️ [SerialPrinter] Opening serial connection to /dev/cu.usbserial-110 (19200 baud)...
[2026-07-27T11:42:53.013Z] [WARN] ⚠️ [SerialPrinter] Failed to open /dev/cu.usbserial-110: | {"raw":"Error: No such file or directory, cannot open /dev/cu.usbserial-110","friendly":"Error: No such file or directory, cannot open /dev/cu.usbserial-110"}
[2026-07-27T11:42:57.021Z] [INFO] 🔄 [SerialPrinter] Retrying automatic reconnect to /dev/cu.usbserial-110...
[2026-07-27T11:42:57.022Z] [INFO] 🖨️ [SerialPrinter] Opening serial connection to /dev/cu.usbserial-110 (19200 baud)...
[2026-07-27T11:42:57.022Z] [WARN] ⚠️ [SerialPrinter] Failed to open /dev/cu.usbserial-110: | {"raw":"Error: No such file or directory, cannot open /dev/cu.usbserial-110","friendly":"Error: No such file or directory, cannot open /dev/cu.usbserial-110"}
[2026-07-27T11:43:01.031Z] [INFO] 🔄 [SerialPrinter] Retrying automatic reconnect to /dev/cu.usbserial-110...
[2026-07-27T11:43:01.032Z] [INFO] 🖨️ [SerialPrinter] Opening serial connection to /dev/cu.usbserial-110 (19200 baud)...
[2026-07-27T11:43:01.032Z] [WARN] ⚠️ [SerialPrinter] Failed to open /dev/cu.usbserial-110: | {"raw":"Error: No such file or directory, cannot open /dev/cu.usbserial-110","friendly":"Error: No such file or directory, cannot open /dev/cu.usbserial-110"}
[2026-07-27T11:43:05.043Z] [INFO] 🔄 [SerialPrinter] Retrying automatic reconnect to /dev/cu.usbserial-110...
[2026-07-27T11:43:05.044Z] [INFO] 🖨️ [SerialPrinter] Opening serial connection to /dev/cu.usbserial-110 (19200 baud)...
[2026-07-27T11:43:05.044Z] [WARN] ⚠️ [SerialPrinter] Failed to open /dev/cu.usbserial-110: | {"raw":"Error: No such file or directory, cannot open /dev/cu.usbserial-110","friendly":"Error: No such file or directory, cannot open /dev/cu.usbserial-110"}
[2026-07-27T11:43:09.051Z] [INFO] 🔄 [SerialPrinter] Retrying automatic reconnect to /dev/cu.usbserial-110...
[2026-07-27T11:43:09.053Z] [INFO] 🖨️ [SerialPrinter] Opening serial connection to /dev/cu.usbserial-110 (19200 baud)...
[2026-07-27T11:43:09.057Z] [WARN] ⚠️ [SerialPrinter] Failed to open /dev/cu.usbserial-110: | {"raw":"Error: No such file or directory, cannot open /dev/cu.usbserial-110","friendly":"Error: No such file or directory, cannot open /dev/cu.usbserial-110"}
[2026-07-27T11:43:13.064Z] [INFO] 🔄 [SerialPrinter] Retrying automatic reconnect to /dev/cu.usbserial-110...
[2026-07-27T11:43:13.065Z] [INFO] 🖨️ [SerialPrinter] Opening serial connection to /dev/cu.usbserial-110 (19200 baud)...
[2026-07-27T11:43:13.066Z] [WARN] ⚠️ [SerialPrinter] Failed to open /dev/cu.usbserial-110: | {"raw":"Error: No such file or directory, cannot open /dev/cu.usbserial-110","friendly":"Error: No such file or directory, cannot open /dev/cu.usbserial-110"}
[2026-07-27T11:43:17.078Z] [INFO] 🔄 [SerialPrinter] Retrying automatic reconnect to /dev/cu.usbserial-110...
[2026-07-27T11:43:17.079Z] [INFO] 🖨️ [SerialPrinter] Opening serial connection to /dev/cu.usbserial-110 (19200 baud)...
[2026-07-27T11:43:17.080Z] [WARN] ⚠️ [SerialPrinter] Failed to open /dev/cu.usbserial-110: | {"raw":"Error: No such file or directory, cannot open /dev/cu.usbserial-110","friendly":"Error: No such file or directory, cannot open /dev/cu.usbserial-110"}
[2026-07-27T11:43:21.097Z] [INFO] 🔄 [SerialPrinter] Retrying automatic reconnect to /dev/cu.usbserial-110...
[2026-07-27T11:43:21.101Z] [INFO] 🖨️ [SerialPrinter] Opening serial connection to /dev/cu.usbserial-110 (19200 baud)...
[2026-07-27T11:43:21.104Z] [WARN] ⚠️ [SerialPrinter] Failed to open /dev/cu.usbserial-110: | {"raw":"Error: No such file or directory, cannot open /dev/cu.usbserial-110","friendly":"Error: No such file or directory, cannot open /dev/cu.usbserial-110"}
[2026-07-27T11:43:25.111Z] [INFO] 🔄 [SerialPrinter] Retrying automatic reconnect to /dev/cu.usbserial-110...
[2026-07-27T11:43:25.113Z] [INFO] 🖨️ [SerialPrinter] Opening serial connection to /dev/cu.usbserial-110 (19200 baud)...
[2026-07-27T11:43:25.114Z] [WARN] ⚠️ [SerialPrinter] Failed to open /dev/cu.usbserial-110: | {"raw":"Error: No such file or directory, cannot open /dev/cu.usbserial-110","friendly":"Error: No such file or directory, cannot open /dev/cu.usbserial-110"}
[2026-07-27T11:43:29.119Z] [INFO] 🔄 [SerialPrinter] Retrying automatic reconnect to /dev/cu.usbserial-110...
[2026-07-27T11:43:29.119Z] [INFO] 🖨️ [SerialPrinter] Opening serial connection to /dev/cu.usbserial-110 (19200 baud)...
[2026-07-27T11:43:29.120Z] [WARN] ⚠️ [SerialPrinter] Failed to open /dev/cu.usbserial-110: | {"raw":"Error: No such file or directory, cannot open /dev/cu.usbserial-110","friendly":"Error: No such file or directory, cannot open /dev/cu.usbserial-110"}
[2026-07-27T11:43:33.126Z] [INFO] 🔄 [SerialPrinter] Retrying automatic reconnect to /dev/cu.usbserial-110...
[2026-07-27T11:43:33.126Z] [INFO] 🖨️ [SerialPrinter] Opening serial connection to /dev/cu.usbserial-110 (19200 baud)...
[2026-07-27T11:43:33.127Z] [WARN] ⚠️ [SerialPrinter] Failed to open /dev/cu.usbserial-110: | {"raw":"Error: No such file or directory, cannot open /dev/cu.usbserial-110","friendly":"Error: No such file or directory, cannot open /dev/cu.usbserial-110"}
[2026-07-27T11:43:37.133Z] [INFO] 🔄 [SerialPrinter] Retrying automatic reconnect to /dev/cu.usbserial-110...
[2026-07-27T11:43:37.134Z] [INFO] 🖨️ [SerialPrinter] Opening serial connection to /dev/cu.usbserial-110 (19200 baud)...
[2026-07-27T11:43:37.135Z] [WARN] ⚠️ [SerialPrinter] Failed to open /dev/cu.usbserial-110: | {"raw":"Error: No such file or directory, cannot open /dev/cu.usbserial-110","friendly":"Error: No such file or directory, cannot open /dev/cu.usbserial-110"}
[2026-07-27T11:43:41.142Z] [INFO] 🔄 [SerialPrinter] Retrying automatic reconnect to /dev/cu.usbserial-110...
[2026-07-27T11:43:41.143Z] [INFO] 🖨️ [SerialPrinter] Opening serial connection to /dev/cu.usbserial-110 (19200 baud)...
[2026-07-27T11:43:41.144Z] [WARN] ⚠️ [SerialPrinter] Failed to open /dev/cu.usbserial-110: | {"raw":"Error: No such file or directory, cannot open /dev/cu.usbserial-110","friendly":"Error: No such file or directory, cannot open /dev/cu.usbserial-110"}
[2026-07-27T11:43:45.151Z] [INFO] 🔄 [SerialPrinter] Retrying automatic reconnect to /dev/cu.usbserial-110...
[2026-07-27T11:43:45.152Z] [INFO] 🖨️ [SerialPrinter] Opening serial connection to /dev/cu.usbserial-110 (19200 baud)...
[2026-07-27T11:43:45.153Z] [WARN] ⚠️ [SerialPrinter] Failed to open /dev/cu.usbserial-110: | {"raw":"Error: No such file or directory, cannot open /dev/cu.usbserial-110","friendly":"Error: No such file or directory, cannot open /dev/cu.usbserial-110"}
[2026-07-27T11:43:49.161Z] [INFO] 🔄 [SerialPrinter] Retrying automatic reconnect to /dev/cu.usbserial-110...
[2026-07-27T11:43:49.162Z] [INFO] 🖨️ [SerialPrinter] Opening serial connection to /dev/cu.usbserial-110 (19200 baud)...
[2026-07-27T11:43:49.163Z] [WARN] ⚠️ [SerialPrinter] Failed to open /dev/cu.usbserial-110: | {"raw":"Error: No such file or directory, cannot open /dev/cu.usbserial-110","friendly":"Error: No such file or directory, cannot open /dev/cu.usbserial-110"}
[2026-07-27T11:43:53.171Z] [INFO] 🔄 [SerialPrinter] Retrying automatic reconnect to /dev/cu.usbserial-110...
[2026-07-27T11:43:53.172Z] [INFO] 🖨️ [SerialPrinter] Opening serial connection to /dev/cu.usbserial-110 (19200 baud)...
[2026-07-27T11:43:53.172Z] [WARN] ⚠️ [SerialPrinter] Failed to open /dev/cu.usbserial-110: | {"raw":"Error: No such file or directory, cannot open /dev/cu.usbserial-110","friendly":"Error: No such file or directory, cannot open /dev/cu.usbserial-110"}
[2026-07-27T11:43:57.178Z] [INFO] 🔄 [SerialPrinter] Retrying automatic reconnect to /dev/cu.usbserial-110...
[2026-07-27T11:43:57.178Z] [INFO] 🖨️ [SerialPrinter] Opening serial connection to /dev/cu.usbserial-110 (19200 baud)...
[2026-07-27T11:43:57.179Z] [WARN] ⚠️ [SerialPrinter] Failed to open /dev/cu.usbserial-110: | {"raw":"Error: No such file or directory, cannot open /dev/cu.usbserial-110","friendly":"Error: No such file or directory, cannot open /dev/cu.usbserial-110"}
[2026-07-27T11:44:01.184Z] [INFO] 🔄 [SerialPrinter] Retrying automatic reconnect to /dev/cu.usbserial-110...
[2026-07-27T11:44:01.186Z] [INFO] 🖨️ [SerialPrinter] Opening serial connection to /dev/cu.usbserial-110 (19200 baud)...
[2026-07-27T11:44:01.187Z] [WARN] ⚠️ [SerialPrinter] Failed to open /dev/cu.usbserial-110: | {"raw":"Error: No such file or directory, cannot open /dev/cu.usbserial-110","friendly":"Error: No such file or directory, cannot open /dev/cu.usbserial-110"}
[2026-07-27T11:44:05.195Z] [INFO] 🔄 [SerialPrinter] Retrying automatic reconnect to /dev/cu.usbserial-110...
[2026-07-27T11:44:05.196Z] [INFO] 🖨️ [SerialPrinter] Opening serial connection to /dev/cu.usbserial-110 (19200 baud)...
[2026-07-27T11:44:05.197Z] [WARN] ⚠️ [SerialPrinter] Failed to open /dev/cu.usbserial-110: | {"raw":"Error: No such file or directory, cannot open /dev/cu.usbserial-110","friendly":"Error: No such file or directory, cannot open /dev/cu.usbserial-110"}
[2026-07-27T11:44:09.204Z] [INFO] 🔄 [SerialPrinter] Retrying automatic reconnect to /dev/cu.usbserial-110...
[2026-07-27T11:44:09.205Z] [INFO] 🖨️ [SerialPrinter] Opening serial connection to /dev/cu.usbserial-110 (19200 baud)...
[2026-07-27T11:44:09.205Z] [WARN] ⚠️ [SerialPrinter] Failed to open /dev/cu.usbserial-110: | {"raw":"Error: No such file or directory, cannot open /dev/cu.usbserial-110","friendly":"Error: No such file or directory, cannot open /dev/cu.usbserial-110"}
[2026-07-27T11:44:13.210Z] [INFO] 🔄 [SerialPrinter] Retrying automatic reconnect to /dev/cu.usbserial-110...
[2026-07-27T11:44:13.211Z] [INFO] 🖨️ [SerialPrinter] Opening serial connection to /dev/cu.usbserial-110 (19200 baud)...
[2026-07-27T11:44:13.211Z] [WARN] ⚠️ [SerialPrinter] Failed to open /dev/cu.usbserial-110: | {"raw":"Error: No such file or directory, cannot open /dev/cu.usbserial-110","friendly":"Error: No such file or directory, cannot open /dev/cu.usbserial-110"}
[2026-07-27T11:44:17.215Z] [INFO] 🔄 [SerialPrinter] Retrying automatic reconnect to /dev/cu.usbserial-110...
[2026-07-27T11:44:17.430Z] [INFO] 🖨️ [SerialPrinter] Opening serial connection to /dev/cu.usbserial-110 (19200 baud)...
[2026-07-27T11:44:17.433Z] [WARN] ⚠️ [SerialPrinter] Failed to open /dev/cu.usbserial-110: | {"raw":"Error: No such file or directory, cannot open /dev/cu.usbserial-110","friendly":"Error: No such file or directory, cannot open /dev/cu.usbserial-110"}
[2026-07-27T11:45:10.994Z] [INFO] 🔄 [SerialPrinter] Retrying automatic reconnect to /dev/cu.usbserial-110...
[2026-07-27T11:45:10.995Z] [INFO] 🖨️ [SerialPrinter] Opening serial connection to /dev/cu.usbserial-110 (19200 baud)...
[2026-07-27T11:45:10.996Z] [WARN] ⚠️ [SerialPrinter] Failed to open /dev/cu.usbserial-110: | {"raw":"Error: No such file or directory, cannot open /dev/cu.usbserial-110","friendly":"Error: No such file or directory, cannot open /dev/cu.usbserial-110"}
[2026-07-27T11:45:15.002Z] [INFO] 🔄 [SerialPrinter] Retrying automatic reconnect to /dev/cu.usbserial-110...
[2026-07-27T11:45:15.002Z] [INFO] 🖨️ [SerialPrinter] Opening serial connection to /dev/cu.usbserial-110 (19200 baud)...
[2026-07-27T11:45:15.003Z] [WARN] ⚠️ [SerialPrinter] Failed to open /dev/cu.usbserial-110: | {"raw":"Error: No such file or directory, cannot open /dev/cu.usbserial-110","friendly":"Error: No such file or directory, cannot open /dev/cu.usbserial-110"}
[2026-07-27T11:45:19.008Z] [INFO] 🔄 [SerialPrinter] Retrying automatic reconnect to /dev/cu.usbserial-110...
[2026-07-27T11:45:19.008Z] [INFO] 🖨️ [SerialPrinter] Opening serial connection to /dev/cu.usbserial-110 (19200 baud)...
[2026-07-27T11:45:19.009Z] [WARN] ⚠️ [SerialPrinter] Failed to open /dev/cu.usbserial-110: | {"raw":"Error: No such file or directory, cannot open /dev/cu.usbserial-110","friendly":"Error: No such file or directory, cannot open /dev/cu.usbserial-110"}
[2026-07-27T11:45:23.015Z] [INFO] 🔄 [SerialPrinter] Retrying automatic reconnect to /dev/cu.usbserial-110...
[2026-07-27T11:45:23.016Z] [INFO] 🖨️ [SerialPrinter] Opening serial connection to /dev/cu.usbserial-110 (19200 baud)...
[2026-07-27T11:45:23.017Z] [WARN] ⚠️ [SerialPrinter] Failed to open /dev/cu.usbserial-110: | {"raw":"Error: No such file or directory, cannot open /dev/cu.usbserial-110","friendly":"Error: No such file or directory, cannot open /dev/cu.usbserial-110"}
[2026-07-27T11:45:27.023Z] [INFO] 🔄 [SerialPrinter] Retrying automatic reconnect to /dev/cu.usbserial-110...
[2026-07-27T11:45:27.024Z] [INFO] 🖨️ [SerialPrinter] Opening serial connection to /dev/cu.usbserial-110 (19200 baud)...
[2026-07-27T11:45:27.025Z] [WARN] ⚠️ [SerialPrinter] Failed to open /dev/cu.usbserial-110: | {"raw":"Error: No such file or directory, cannot open /dev/cu.usbserial-110","friendly":"Error: No such file or directory, cannot open /dev/cu.usbserial-110"}
[2026-07-27T11:45:31.032Z] [INFO] 🔄 [SerialPrinter] Retrying automatic reconnect to /dev/cu.usbserial-110...
[2026-07-27T11:45:31.035Z] [INFO] 🖨️ [SerialPrinter] Opening serial connection to /dev/cu.usbserial-110 (19200 baud)...
[2026-07-27T11:45:31.042Z] [WARN] ⚠️ [SerialPrinter] Failed to open /dev/cu.usbserial-110: | {"raw":"Error: No such file or directory, cannot open /dev/cu.usbserial-110","friendly":"Error: No such file or directory, cannot open /dev/cu.usbserial-110"}
[2026-07-27T11:45:35.051Z] [INFO] 🔄 [SerialPrinter] Retrying automatic reconnect to /dev/cu.usbserial-110...
[2026-07-27T11:45:35.052Z] [INFO] 🖨️ [SerialPrinter] Opening serial connection to /dev/cu.usbserial-110 (19200 baud)...
[2026-07-27T11:45:35.052Z] [WARN] ⚠️ [SerialPrinter] Failed to open /dev/cu.usbserial-110: | {"raw":"Error: No such file or directory, cannot open /dev/cu.usbserial-110","friendly":"Error: No such file or directory, cannot open /dev/cu.usbserial-110"}
[2026-07-27T11:45:39.058Z] [INFO] 🔄 [SerialPrinter] Retrying automatic reconnect to /dev/cu.usbserial-110...
[2026-07-27T11:45:39.059Z] [INFO] 🖨️ [SerialPrinter] Opening serial connection to /dev/cu.usbserial-110 (19200 baud)...
[2026-07-27T11:45:39.060Z] [WARN] ⚠️ [SerialPrinter] Failed to open /dev/cu.usbserial-110: | {"raw":"Error: No such file or directory, cannot open /dev/cu.usbserial-110","friendly":"Error: No such file or directory, cannot open /dev/cu.usbserial-110"}
[2026-07-27T11:45:43.064Z] [INFO] 🔄 [SerialPrinter] Retrying automatic reconnect to /dev/cu.usbserial-110...
[2026-07-27T11:45:43.065Z] [INFO] 🖨️ [SerialPrinter] Opening serial connection to /dev/cu.usbserial-110 (19200 baud)...
[2026-07-27T11:45:43.065Z] [WARN] ⚠️ [SerialPrinter] Failed to open /dev/cu.usbserial-110: | {"raw":"Error: No such file or directory, cannot open /dev/cu.usbserial-110","friendly":"Error: No such file or directory, cannot open /dev/cu.usbserial-110"}
[2026-07-27T11:45:47.072Z] [INFO] 🔄 [SerialPrinter] Retrying automatic reconnect to /dev/cu.usbserial-110...
[2026-07-27T11:45:47.073Z] [INFO] 🖨️ [SerialPrinter] Opening serial connection to /dev/cu.usbserial-110 (19200 baud)...
[2026-07-27T11:45:47.082Z] [WARN] ⚠️ [SerialPrinter] Failed to open /dev/cu.usbserial-110: | {"raw":"Error: No such file or directory, cannot open /dev/cu.usbserial-110","friendly":"Error: No such file or directory, cannot open /dev/cu.usbserial-110"}
[2026-07-27T11:45:51.089Z] [INFO] 🔄 [SerialPrinter] Retrying automatic reconnect to /dev/cu.usbserial-110...
[2026-07-27T11:45:51.090Z] [INFO] 🖨️ [SerialPrinter] Opening serial connection to /dev/cu.usbserial-110 (19200 baud)...
[2026-07-27T11:45:51.091Z] [WARN] ⚠️ [SerialPrinter] Failed to open /dev/cu.usbserial-110: | {"raw":"Error: No such file or directory, cannot open /dev/cu.usbserial-110","friendly":"Error: No such file or directory, cannot open /dev/cu.usbserial-110"}
[2026-07-27T11:45:55.097Z] [INFO] 🔄 [SerialPrinter] Retrying automatic reconnect to /dev/cu.usbserial-110...
[2026-07-27T11:45:55.098Z] [INFO] 🖨️ [SerialPrinter] Opening serial connection to /dev/cu.usbserial-110 (19200 baud)...
[2026-07-27T11:45:55.099Z] [WARN] ⚠️ [SerialPrinter] Failed to open /dev/cu.usbserial-110: | {"raw":"Error: No such file or directory, cannot open /dev/cu.usbserial-110","friendly":"Error: No such file or directory, cannot open /dev/cu.usbserial-110"}
[2026-07-27T11:45:59.104Z] [INFO] 🔄 [SerialPrinter] Retrying automatic reconnect to /dev/cu.usbserial-110...
[2026-07-27T11:45:59.105Z] [INFO] 🖨️ [SerialPrinter] Opening serial connection to /dev/cu.usbserial-110 (19200 baud)...
[2026-07-27T11:45:59.106Z] [WARN] ⚠️ [SerialPrinter] Failed to open /dev/cu.usbserial-110: | {"raw":"Error: No such file or directory, cannot open /dev/cu.usbserial-110","friendly":"Error: No such file or directory, cannot open /dev/cu.usbserial-110"}
[2026-07-27T11:46:03.111Z] [INFO] 🔄 [SerialPrinter] Retrying automatic reconnect to /dev/cu.usbserial-110...
[2026-07-27T11:46:03.112Z] [INFO] 🖨️ [SerialPrinter] Opening serial connection to /dev/cu.usbserial-110 (19200 baud)...
[2026-07-27T11:46:03.113Z] [WARN] ⚠️ [SerialPrinter] Failed to open /dev/cu.usbserial-110: | {"raw":"Error: No such file or directory, cannot open /dev/cu.usbserial-110","friendly":"Error: No such file or directory, cannot open /dev/cu.usbserial-110"}
[2026-07-27T11:46:07.121Z] [INFO] 🔄 [SerialPrinter] Retrying automatic reconnect to /dev/cu.usbserial-110...
[2026-07-27T11:46:07.122Z] [INFO] 🖨️ [SerialPrinter] Opening serial connection to /dev/cu.usbserial-110 (19200 baud)...
[2026-07-27T11:46:07.123Z] [WARN] ⚠️ [SerialPrinter] Failed to open /dev/cu.usbserial-110: | {"raw":"Error: No such file or directory, cannot open /dev/cu.usbserial-110","friendly":"Error: No such file or directory, cannot open /dev/cu.usbserial-110"}
[2026-07-27T11:46:11.141Z] [INFO] 🔄 [SerialPrinter] Retrying automatic reconnect to /dev/cu.usbserial-110...
[2026-07-27T11:46:11.169Z] [INFO] 🖨️ [SerialPrinter] Opening serial connection to /dev/cu.usbserial-110 (19200 baud)...
[2026-07-27T11:46:11.174Z] [WARN] ⚠️ [SerialPrinter] Failed to open /dev/cu.usbserial-110: | {"raw":"Error: No such file or directory, cannot open /dev/cu.usbserial-110","friendly":"Error: No such file or directory, cannot open /dev/cu.usbserial-110"}
[2026-07-27T11:46:15.184Z] [INFO] 🔄 [SerialPrinter] Retrying automatic reconnect to /dev/cu.usbserial-110...
[2026-07-27T11:46:15.186Z] [INFO] 🖨️ [SerialPrinter] Opening serial connection to /dev/cu.usbserial-110 (19200 baud)...
[2026-07-27T11:46:15.187Z] [WARN] ⚠️ [SerialPrinter] Failed to open /dev/cu.usbserial-110: | {"raw":"Error: No such file or directory, cannot open /dev/cu.usbserial-110","friendly":"Error: No such file or directory, cannot open /dev/cu.usbserial-110"}
[2026-07-27T11:46:19.192Z] [INFO] 🔄 [SerialPrinter] Retrying automatic reconnect to /dev/cu.usbserial-110...
[2026-07-27T11:46:19.193Z] [INFO] 🖨️ [SerialPrinter] Opening serial connection to /dev/cu.usbserial-110 (19200 baud)...
[2026-07-27T11:46:19.194Z] [WARN] ⚠️ [SerialPrinter] Failed to open /dev/cu.usbserial-110: | {"raw":"Error: No such file or directory, cannot open /dev/cu.usbserial-110","friendly":"Error: No such file or directory, cannot open /dev/cu.usbserial-110"}
[2026-07-27T11:46:23.200Z] [INFO] 🔄 [SerialPrinter] Retrying automatic reconnect to /dev/cu.usbserial-110...
[2026-07-27T11:46:23.201Z] [INFO] 🖨️ [SerialPrinter] Opening serial connection to /dev/cu.usbserial-110 (19200 baud)...
[2026-07-27T11:46:23.202Z] [WARN] ⚠️ [SerialPrinter] Failed to open /dev/cu.usbserial-110: | {"raw":"Error: No such file or directory, cannot open /dev/cu.usbserial-110","friendly":"Error: No such file or directory, cannot open /dev/cu.usbserial-110"}
[2026-07-27T11:46:27.208Z] [INFO] 🔄 [SerialPrinter] Retrying automatic reconnect to /dev/cu.usbserial-110...
[2026-07-27T11:46:27.209Z] [INFO] 🖨️ [SerialPrinter] Opening serial connection to /dev/cu.usbserial-110 (19200 baud)...
[2026-07-27T11:46:27.210Z] [WARN] ⚠️ [SerialPrinter] Failed to open /dev/cu.usbserial-110: | {"raw":"Error: No such file or directory, cannot open /dev/cu.usbserial-110","friendly":"Error: No such file or directory, cannot open /dev/cu.usbserial-110"}
[2026-07-27T11:46:31.216Z] [INFO] 🔄 [SerialPrinter] Retrying automatic reconnect to /dev/cu.usbserial-110...
[2026-07-27T11:46:31.216Z] [INFO] 🖨️ [SerialPrinter] Opening serial connection to /dev/cu.usbserial-110 (19200 baud)...
[2026-07-27T11:46:31.217Z] [WARN] ⚠️ [SerialPrinter] Failed to open /dev/cu.usbserial-110: | {"raw":"Error: No such file or directory, cannot open /dev/cu.usbserial-110","friendly":"Error: No such file or directory, cannot open /dev/cu.usbserial-110"}
[2026-07-27T11:46:35.224Z] [INFO] 🔄 [SerialPrinter] Retrying automatic reconnect to /dev/cu.usbserial-110...
[2026-07-27T11:46:35.225Z] [INFO] 🖨️ [SerialPrinter] Opening serial connection to /dev/cu.usbserial-110 (19200 baud)...
[2026-07-27T11:46:35.226Z] [WARN] ⚠️ [SerialPrinter] Failed to open /dev/cu.usbserial-110: | {"raw":"Error: No such file or directory, cannot open /dev/cu.usbserial-110","friendly":"Error: No such file or directory, cannot open /dev/cu.usbserial-110"}
[2026-07-27T11:46:39.234Z] [INFO] 🔄 [SerialPrinter] Retrying automatic reconnect to /dev/cu.usbserial-110...
[2026-07-27T11:46:39.235Z] [INFO] 🖨️ [SerialPrinter] Opening serial connection to /dev/cu.usbserial-110 (19200 baud)...
[2026-07-27T11:46:39.236Z] [WARN] ⚠️ [SerialPrinter] Failed to open /dev/cu.usbserial-110: | {"raw":"Error: No such file or directory, cannot open /dev/cu.usbserial-110","friendly":"Error: No such file or directory, cannot open /dev/cu.usbserial-110"}
[2026-07-27T11:46:43.244Z] [INFO] 🔄 [SerialPrinter] Retrying automatic reconnect to /dev/cu.usbserial-110...
[2026-07-27T11:46:43.245Z] [INFO] 🖨️ [SerialPrinter] Opening serial connection to /dev/cu.usbserial-110 (19200 baud)...
[2026-07-27T11:46:43.246Z] [WARN] ⚠️ [SerialPrinter] Failed to open /dev/cu.usbserial-110: | {"raw":"Error: No such file or directory, cannot open /dev/cu.usbserial-110","friendly":"Error: No such file or directory, cannot open /dev/cu.usbserial-110"}
[2026-07-27T11:46:47.251Z] [INFO] 🔄 [SerialPrinter] Retrying automatic reconnect to /dev/cu.usbserial-110...
[2026-07-27T11:46:47.252Z] [INFO] 🖨️ [SerialPrinter] Opening serial connection to /dev/cu.usbserial-110 (19200 baud)...
[2026-07-27T11:46:47.253Z] [WARN] ⚠️ [SerialPrinter] Failed to open /dev/cu.usbserial-110: | {"raw":"Error: No such file or directory, cannot open /dev/cu.usbserial-110","friendly":"Error: No such file or directory, cannot open /dev/cu.usbserial-110"}
[2026-07-27T11:46:51.258Z] [INFO] 🔄 [SerialPrinter] Retrying automatic reconnect to /dev/cu.usbserial-110...
[2026-07-27T11:46:51.259Z] [INFO] 🖨️ [SerialPrinter] Opening serial connection to /dev/cu.usbserial-110 (19200 baud)...
[2026-07-27T11:46:51.260Z] [WARN] ⚠️ [SerialPrinter] Failed to open /dev/cu.usbserial-110: | {"raw":"Error: No such file or directory, cannot open /dev/cu.usbserial-110","friendly":"Error: No such file or directory, cannot open /dev/cu.usbserial-110"}
[2026-07-27T11:46:55.267Z] [INFO] 🔄 [SerialPrinter] Retrying automatic reconnect to /dev/cu.usbserial-110...
[2026-07-27T11:46:55.268Z] [INFO] 🖨️ [SerialPrinter] Opening serial connection to /dev/cu.usbserial-110 (19200 baud)...
[2026-07-27T11:46:55.269Z] [WARN] ⚠️ [SerialPrinter] Failed to open /dev/cu.usbserial-110: | {"raw":"Error: No such file or directory, cannot open /dev/cu.usbserial-110","friendly":"Error: No such file or directory, cannot open /dev/cu.usbserial-110"}
[2026-07-27T11:46:59.276Z] [INFO] 🔄 [SerialPrinter] Retrying automatic reconnect to /dev/cu.usbserial-110...
[2026-07-27T11:46:59.277Z] [INFO] 🖨️ [SerialPrinter] Opening serial connection to /dev/cu.usbserial-110 (19200 baud)...
[2026-07-27T11:46:59.277Z] [WARN] ⚠️ [SerialPrinter] Failed to open /dev/cu.usbserial-110: | {"raw":"Error: No such file or directory, cannot open /dev/cu.usbserial-110","friendly":"Error: No such file or directory, cannot open /dev/cu.usbserial-110"}
[2026-07-27T11:47:03.283Z] [INFO] 🔄 [SerialPrinter] Retrying automatic reconnect to /dev/cu.usbserial-110...
[2026-07-27T11:47:03.284Z] [INFO] 🖨️ [SerialPrinter] Opening serial connection to /dev/cu.usbserial-110 (19200 baud)...
[2026-07-27T11:47:03.285Z] [WARN] ⚠️ [SerialPrinter] Failed to open /dev/cu.usbserial-110: | {"raw":"Error: No such file or directory, cannot open /dev/cu.usbserial-110","friendly":"Error: No such file or directory, cannot open /dev/cu.usbserial-110"}
[2026-07-27T11:47:07.293Z] [INFO] 🔄 [SerialPrinter] Retrying automatic reconnect to /dev/cu.usbserial-110...
[2026-07-27T11:47:07.293Z] [INFO] 🖨️ [SerialPrinter] Opening serial connection to /dev/cu.usbserial-110 (19200 baud)...
[2026-07-27T11:47:07.294Z] [WARN] ⚠️ [SerialPrinter] Failed to open /dev/cu.usbserial-110: | {"raw":"Error: No such file or directory, cannot open /dev/cu.usbserial-110","friendly":"Error: No such file or directory, cannot open /dev/cu.usbserial-110"}
[2026-07-27T11:47:11.301Z] [INFO] 🔄 [SerialPrinter] Retrying automatic reconnect to /dev/cu.usbserial-110...
[2026-07-27T11:47:11.302Z] [INFO] 🖨️ [SerialPrinter] Opening serial connection to /dev/cu.usbserial-110 (19200 baud)...
[2026-07-27T11:47:11.302Z] [WARN] ⚠️ [SerialPrinter] Failed to open /dev/cu.usbserial-110: | {"raw":"Error: No such file or directory, cannot open /dev/cu.usbserial-110","friendly":"Error: No such file or directory, cannot open /dev/cu.usbserial-110"}
[2026-07-27T11:47:15.312Z] [INFO] 🔄 [SerialPrinter] Retrying automatic reconnect to /dev/cu.usbserial-110...
[2026-07-27T11:47:15.312Z] [INFO] 🖨️ [SerialPrinter] Opening serial connection to /dev/cu.usbserial-110 (19200 baud)...
[2026-07-27T11:47:15.313Z] [WARN] ⚠️ [SerialPrinter] Failed to open /dev/cu.usbserial-110: | {"raw":"Error: No such file or directory, cannot open /dev/cu.usbserial-110","friendly":"Error: No such file or directory, cannot open /dev/cu.usbserial-110"}
[2026-07-27T11:47:19.316Z] [INFO] 🔄 [SerialPrinter] Retrying automatic reconnect to /dev/cu.usbserial-110...
[2026-07-27T11:47:19.317Z] [INFO] 🖨️ [SerialPrinter] Opening serial connection to /dev/cu.usbserial-110 (19200 baud)...
[2026-07-27T11:47:19.318Z] [WARN] ⚠️ [SerialPrinter] Failed to open /dev/cu.usbserial-110: | {"raw":"Error: No such file or directory, cannot open /dev/cu.usbserial-110","friendly":"Error: No such file or directory, cannot open /dev/cu.usbserial-110"}
[2026-07-27T11:47:23.326Z] [INFO] 🔄 [SerialPrinter] Retrying automatic reconnect to /dev/cu.usbserial-110...
[2026-07-27T11:47:23.330Z] [INFO] 🖨️ [SerialPrinter] Opening serial connection to /dev/cu.usbserial-110 (19200 baud)...
[2026-07-27T11:47:23.331Z] [WARN] ⚠️ [SerialPrinter] Failed to open /dev/cu.usbserial-110: | {"raw":"Error: No such file or directory, cannot open /dev/cu.usbserial-110","friendly":"Error: No such file or directory, cannot open /dev/cu.usbserial-110"}
[2026-07-27T11:47:27.361Z] [INFO] 🔄 [SerialPrinter] Retrying automatic reconnect to /dev/cu.usbserial-110...
[2026-07-27T11:47:27.362Z] [INFO] 🖨️ [SerialPrinter] Opening serial connection to /dev/cu.usbserial-110 (19200 baud)...
[2026-07-27T11:47:27.363Z] [WARN] ⚠️ [SerialPrinter] Failed to open /dev/cu.usbserial-110: | {"raw":"Error: No such file or directory, cannot open /dev/cu.usbserial-110","friendly":"Error: No such file or directory, cannot open /dev/cu.usbserial-110"}
[2026-07-27T11:47:31.370Z] [INFO] 🔄 [SerialPrinter] Retrying automatic reconnect to /dev/cu.usbserial-110...
[2026-07-27T11:47:31.372Z] [INFO] 🖨️ [SerialPrinter] Opening serial connection to /dev/cu.usbserial-110 (19200 baud)...
[2026-07-27T11:47:31.377Z] [WARN] ⚠️ [SerialPrinter] Failed to open /dev/cu.usbserial-110: | {"raw":"Error: No such file or directory, cannot open /dev/cu.usbserial-110","friendly":"Error: No such file or directory, cannot open /dev/cu.usbserial-110"}
[2026-07-27T11:47:35.384Z] [INFO] 🔄 [SerialPrinter] Retrying automatic reconnect to /dev/cu.usbserial-110...
[2026-07-27T11:47:35.385Z] [INFO] 🖨️ [SerialPrinter] Opening serial connection to /dev/cu.usbserial-110 (19200 baud)...
[2026-07-27T11:47:35.385Z] [WARN] ⚠️ [SerialPrinter] Failed to open /dev/cu.usbserial-110: | {"raw":"Error: No such file or directory, cannot open /dev/cu.usbserial-110","friendly":"Error: No such file or directory, cannot open /dev/cu.usbserial-110"}
[2026-07-27T11:47:39.390Z] [INFO] 🔄 [SerialPrinter] Retrying automatic reconnect to /dev/cu.usbserial-110...
[2026-07-27T11:47:39.391Z] [INFO] 🖨️ [SerialPrinter] Opening serial connection to /dev/cu.usbserial-110 (19200 baud)...
[2026-07-27T11:47:39.392Z] [WARN] ⚠️ [SerialPrinter] Failed to open /dev/cu.usbserial-110: | {"raw":"Error: No such file or directory, cannot open /dev/cu.usbserial-110","friendly":"Error: No such file or directory, cannot open /dev/cu.usbserial-110"}
[2026-07-27T11:47:43.402Z] [INFO] 🔄 [SerialPrinter] Retrying automatic reconnect to /dev/cu.usbserial-110...
[2026-07-27T11:47:43.403Z] [INFO] 🖨️ [SerialPrinter] Opening serial connection to /dev/cu.usbserial-110 (19200 baud)...
[2026-07-27T11:47:43.404Z] [WARN] ⚠️ [SerialPrinter] Failed to open /dev/cu.usbserial-110: | {"raw":"Error: No such file or directory, cannot open /dev/cu.usbserial-110","friendly":"Error: No such file or directory, cannot open /dev/cu.usbserial-110"}
[2026-07-27T11:47:47.408Z] [INFO] 🔄 [SerialPrinter] Retrying automatic reconnect to /dev/cu.usbserial-110...
[2026-07-27T11:47:47.410Z] [INFO] 🖨️ [SerialPrinter] Opening serial connection to /dev/cu.usbserial-110 (19200 baud)...
[2026-07-27T11:47:47.411Z] [WARN] ⚠️ [SerialPrinter] Failed to open /dev/cu.usbserial-110: | {"raw":"Error: No such file or directory, cannot open /dev/cu.usbserial-110","friendly":"Error: No such file or directory, cannot open /dev/cu.usbserial-110"}
[2026-07-27T11:47:51.417Z] [INFO] 🔄 [SerialPrinter] Retrying automatic reconnect to /dev/cu.usbserial-110...
[2026-07-27T11:47:51.418Z] [INFO] 🖨️ [SerialPrinter] Opening serial connection to /dev/cu.usbserial-110 (19200 baud)...
[2026-07-27T11:47:51.419Z] [WARN] ⚠️ [SerialPrinter] Failed to open /dev/cu.usbserial-110: | {"raw":"Error: No such file or directory, cannot open /dev/cu.usbserial-110","friendly":"Error: No such file or directory, cannot open /dev/cu.usbserial-110"}
[2026-07-27T11:47:55.427Z] [INFO] 🔄 [SerialPrinter] Retrying automatic reconnect to /dev/cu.usbserial-110...
[2026-07-27T11:47:55.429Z] [INFO] 🖨️ [SerialPrinter] Opening serial connection to /dev/cu.usbserial-110 (19200 baud)...
[2026-07-27T11:47:55.430Z] [WARN] ⚠️ [SerialPrinter] Failed to open /dev/cu.usbserial-110: | {"raw":"Error: No such file or directory, cannot open /dev/cu.usbserial-110","friendly":"Error: No such file or directory, cannot open /dev/cu.usbserial-110"}
[2026-07-27T11:47:59.448Z] [INFO] 🔄 [SerialPrinter] Retrying automatic reconnect to /dev/cu.usbserial-110...
[2026-07-27T11:47:59.450Z] [INFO] 🖨️ [SerialPrinter] Opening serial connection to /dev/cu.usbserial-110 (19200 baud)...
[2026-07-27T11:47:59.451Z] [WARN] ⚠️ [SerialPrinter] Failed to open /dev/cu.usbserial-110: | {"raw":"Error: No such file or directory, cannot open /dev/cu.usbserial-110","friendly":"Error: No such file or directory, cannot open /dev/cu.usbserial-110"}
[2026-07-27T11:48:03.457Z] [INFO] 🔄 [SerialPrinter] Retrying automatic reconnect to /dev/cu.usbserial-110...
[2026-07-27T11:48:03.458Z] [INFO] 🖨️ [SerialPrinter] Opening serial connection to /dev/cu.usbserial-110 (19200 baud)...
[2026-07-27T11:48:03.458Z] [WARN] ⚠️ [SerialPrinter] Failed to open /dev/cu.usbserial-110: | {"raw":"Error: No such file or directory, cannot open /dev/cu.usbserial-110","friendly":"Error: No such file or directory, cannot open /dev/cu.usbserial-110"}
[2026-07-27T11:48:07.466Z] [INFO] 🔄 [SerialPrinter] Retrying automatic reconnect to /dev/cu.usbserial-110...
[2026-07-27T11:48:07.468Z] [INFO] 🖨️ [SerialPrinter] Opening serial connection to /dev/cu.usbserial-110 (19200 baud)...
[2026-07-27T11:48:07.469Z] [WARN] ⚠️ [SerialPrinter] Failed to open /dev/cu.usbserial-110: | {"raw":"Error: No such file or directory, cannot open /dev/cu.usbserial-110","friendly":"Error: No such file or directory, cannot open /dev/cu.usbserial-110"}
[2026-07-27T11:48:11.477Z] [INFO] 🔄 [SerialPrinter] Retrying automatic reconnect to /dev/cu.usbserial-110...
[2026-07-27T11:48:11.478Z] [INFO] 🖨️ [SerialPrinter] Opening serial connection to /dev/cu.usbserial-110 (19200 baud)...
[2026-07-27T11:48:11.480Z] [WARN] ⚠️ [SerialPrinter] Failed to open /dev/cu.usbserial-110: | {"raw":"Error: No such file or directory, cannot open /dev/cu.usbserial-110","friendly":"Error: No such file or directory, cannot open /dev/cu.usbserial-110"}
[2026-07-27T11:48:15.506Z] [INFO] 🔄 [SerialPrinter] Retrying automatic reconnect to /dev/cu.usbserial-110...
[2026-07-27T11:48:15.507Z] [INFO] 🖨️ [SerialPrinter] Opening serial connection to /dev/cu.usbserial-110 (19200 baud)...
[2026-07-27T11:48:15.507Z] [WARN] ⚠️ [SerialPrinter] Failed to open /dev/cu.usbserial-110: | {"raw":"Error: No such file or directory, cannot open /dev/cu.usbserial-110","friendly":"Error: No such file or directory, cannot open /dev/cu.usbserial-110"}
[2026-07-27T11:48:19.510Z] [INFO] 🔄 [SerialPrinter] Retrying automatic reconnect to /dev/cu.usbserial-110...
[2026-07-27T11:48:19.510Z] [INFO] 🖨️ [SerialPrinter] Opening serial connection to /dev/cu.usbserial-110 (19200 baud)...
[2026-07-27T11:48:19.511Z] [WARN] ⚠️ [SerialPrinter] Failed to open /dev/cu.usbserial-110: | {"raw":"Error: No such file or directory, cannot open /dev/cu.usbserial-110","friendly":"Error: No such file or directory, cannot open /dev/cu.usbserial-110"}
[2026-07-27T11:48:23.514Z] [INFO] 🔄 [SerialPrinter] Retrying automatic reconnect to /dev/cu.usbserial-110...
[2026-07-27T11:48:23.515Z] [INFO] 🖨️ [SerialPrinter] Opening serial connection to /dev/cu.usbserial-110 (19200 baud)...
[2026-07-27T11:48:23.522Z] [WARN] ⚠️ [SerialPrinter] Failed to open /dev/cu.usbserial-110: | {"raw":"Error: No such file or directory, cannot open /dev/cu.usbserial-110","friendly":"Error: No such file or directory, cannot open /dev/cu.usbserial-110"}
[2026-07-27T11:49:01.876Z] [INFO] 🖨️ [SerialPrinter] Initializing hardware driver on /dev/cu.usbserial-110 (Baud: 19200)...
[2026-07-27T11:49:01.913Z] [INFO] 🖨️ [SerialPrinter] Opening serial connection to /dev/cu.usbserial-110 (19200 baud)...
[2026-07-27T11:49:01.956Z] [WARN] ⚠️ [SerialPrinter] Failed to open /dev/cu.usbserial-110: | {"raw":"Error: No such file or directory, cannot open /dev/cu.usbserial-110","friendly":"Error: No such file or directory, cannot open /dev/cu.usbserial-110"}
[2026-07-27T11:49:05.967Z] [INFO] 🔄 [SerialPrinter] Retrying automatic reconnect to /dev/cu.usbserial-110...
[2026-07-27T11:49:05.970Z] [INFO] 🖨️ [SerialPrinter] Opening serial connection to /dev/cu.usbserial-110 (19200 baud)...
[2026-07-27T11:49:05.972Z] [WARN] ⚠️ [SerialPrinter] Failed to open /dev/cu.usbserial-110: | {"raw":"Error: No such file or directory, cannot open /dev/cu.usbserial-110","friendly":"Error: No such file or directory, cannot open /dev/cu.usbserial-110"}
[2026-07-27T11:49:09.981Z] [INFO] 🔄 [SerialPrinter] Retrying automatic reconnect to /dev/cu.usbserial-110...
[2026-07-27T11:49:09.983Z] [INFO] 🖨️ [SerialPrinter] Opening serial connection to /dev/cu.usbserial-110 (19200 baud)...
[2026-07-27T11:49:09.986Z] [WARN] ⚠️ [SerialPrinter] Failed to open /dev/cu.usbserial-110: | {"raw":"Error: No such file or directory, cannot open /dev/cu.usbserial-110","friendly":"Error: No such file or directory, cannot open /dev/cu.usbserial-110"}
[2026-07-27T11:49:13.989Z] [INFO] 🔄 [SerialPrinter] Retrying automatic reconnect to /dev/cu.usbserial-110...
[2026-07-27T11:49:13.990Z] [INFO] 🖨️ [SerialPrinter] Opening serial connection to /dev/cu.usbserial-110 (19200 baud)...
[2026-07-27T11:49:13.991Z] [WARN] ⚠️ [SerialPrinter] Failed to open /dev/cu.usbserial-110: | {"raw":"Error: No such file or directory, cannot open /dev/cu.usbserial-110","friendly":"Error: No such file or directory, cannot open /dev/cu.usbserial-110"}
[2026-07-27T11:49:18.000Z] [INFO] 🔄 [SerialPrinter] Retrying automatic reconnect to /dev/cu.usbserial-110...
[2026-07-27T11:49:18.005Z] [INFO] 🖨️ [SerialPrinter] Opening serial connection to /dev/cu.usbserial-110 (19200 baud)...
[2026-07-27T11:49:18.007Z] [WARN] ⚠️ [SerialPrinter] Failed to open /dev/cu.usbserial-110: | {"raw":"Error: No such file or directory, cannot open /dev/cu.usbserial-110","friendly":"Error: No such file or directory, cannot open /dev/cu.usbserial-110"}
[2026-07-27T11:49:22.012Z] [INFO] 🔄 [SerialPrinter] Retrying automatic reconnect to /dev/cu.usbserial-110...
[2026-07-27T11:49:22.013Z] [INFO] 🖨️ [SerialPrinter] Opening serial connection to /dev/cu.usbserial-110 (19200 baud)...
[2026-07-27T11:49:22.014Z] [WARN] ⚠️ [SerialPrinter] Failed to open /dev/cu.usbserial-110: | {"raw":"Error: No such file or directory, cannot open /dev/cu.usbserial-110","friendly":"Error: No such file or directory, cannot open /dev/cu.usbserial-110"}
[2026-07-27T11:49:26.031Z] [INFO] 🔄 [SerialPrinter] Retrying automatic reconnect to /dev/cu.usbserial-110...
[2026-07-27T11:49:26.041Z] [INFO] 🖨️ [SerialPrinter] Opening serial connection to /dev/cu.usbserial-110 (19200 baud)...
[2026-07-27T11:49:26.045Z] [WARN] ⚠️ [SerialPrinter] Failed to open /dev/cu.usbserial-110: | {"raw":"Error: No such file or directory, cannot open /dev/cu.usbserial-110","friendly":"Error: No such file or directory, cannot open /dev/cu.usbserial-110"}
[2026-07-27T11:49:30.051Z] [INFO] 🔄 [SerialPrinter] Retrying automatic reconnect to /dev/cu.usbserial-110...
[2026-07-27T11:49:30.052Z] [INFO] 🖨️ [SerialPrinter] Opening serial connection to /dev/cu.usbserial-110 (19200 baud)...
[2026-07-27T11:49:30.054Z] [WARN] ⚠️ [SerialPrinter] Failed to open /dev/cu.usbserial-110: | {"raw":"Error: No such file or directory, cannot open /dev/cu.usbserial-110","friendly":"Error: No such file or directory, cannot open /dev/cu.usbserial-110"}
[2026-07-27T11:49:34.062Z] [INFO] 🔄 [SerialPrinter] Retrying automatic reconnect to /dev/cu.usbserial-110...
[2026-07-27T11:49:34.063Z] [INFO] 🖨️ [SerialPrinter] Opening serial connection to /dev/cu.usbserial-110 (19200 baud)...
[2026-07-27T11:49:34.063Z] [WARN] ⚠️ [SerialPrinter] Failed to open /dev/cu.usbserial-110: | {"raw":"Error: No such file or directory, cannot open /dev/cu.usbserial-110","friendly":"Error: No such file or directory, cannot open /dev/cu.usbserial-110"}
[2026-07-27T11:49:38.071Z] [INFO] 🔄 [SerialPrinter] Retrying automatic reconnect to /dev/cu.usbserial-110...
[2026-07-27T11:49:38.073Z] [INFO] 🖨️ [SerialPrinter] Opening serial connection to /dev/cu.usbserial-110 (19200 baud)...
[2026-07-27T11:49:38.074Z] [WARN] ⚠️ [SerialPrinter] Failed to open /dev/cu.usbserial-110: | {"raw":"Error: No such file or directory, cannot open /dev/cu.usbserial-110","friendly":"Error: No such file or directory, cannot open /dev/cu.usbserial-110"}
[2026-07-27T11:49:42.078Z] [INFO] 🔄 [SerialPrinter] Retrying automatic reconnect to /dev/cu.usbserial-110...
[2026-07-27T11:49:42.079Z] [INFO] 🖨️ [SerialPrinter] Opening serial connection to /dev/cu.usbserial-110 (19200 baud)...
[2026-07-27T11:49:42.079Z] [WARN] ⚠️ [SerialPrinter] Failed to open /dev/cu.usbserial-110: | {"raw":"Error: No such file or directory, cannot open /dev/cu.usbserial-110","friendly":"Error: No such file or directory, cannot open /dev/cu.usbserial-110"}
[2026-07-27T11:49:46.082Z] [INFO] 🔄 [SerialPrinter] Retrying automatic reconnect to /dev/cu.usbserial-110...
[2026-07-27T11:49:46.083Z] [INFO] 🖨️ [SerialPrinter] Opening serial connection to /dev/cu.usbserial-110 (19200 baud)...
[2026-07-27T11:49:46.083Z] [WARN] ⚠️ [SerialPrinter] Failed to open /dev/cu.usbserial-110: | {"raw":"Error: No such file or directory, cannot open /dev/cu.usbserial-110","friendly":"Error: No such file or directory, cannot open /dev/cu.usbserial-110"}
[2026-07-27T11:49:50.090Z] [INFO] 🔄 [SerialPrinter] Retrying automatic reconnect to /dev/cu.usbserial-110...
[2026-07-27T11:49:50.092Z] [INFO] 🖨️ [SerialPrinter] Opening serial connection to /dev/cu.usbserial-110 (19200 baud)...
[2026-07-27T11:49:50.093Z] [WARN] ⚠️ [SerialPrinter] Failed to open /dev/cu.usbserial-110: | {"raw":"Error: No such file or directory, cannot open /dev/cu.usbserial-110","friendly":"Error: No such file or directory, cannot open /dev/cu.usbserial-110"}
[2026-07-27T11:49:54.098Z] [INFO] 🔄 [SerialPrinter] Retrying automatic reconnect to /dev/cu.usbserial-110...
[2026-07-27T11:49:54.099Z] [INFO] 🖨️ [SerialPrinter] Opening serial connection to /dev/cu.usbserial-110 (19200 baud)...
[2026-07-27T11:49:54.100Z] [WARN] ⚠️ [SerialPrinter] Failed to open /dev/cu.usbserial-110: | {"raw":"Error: No such file or directory, cannot open /dev/cu.usbserial-110","friendly":"Error: No such file or directory, cannot open /dev/cu.usbserial-110"}
[2026-07-27T11:49:58.104Z] [INFO] 🔄 [SerialPrinter] Retrying automatic reconnect to /dev/cu.usbserial-110...
[2026-07-27T11:49:58.105Z] [INFO] 🖨️ [SerialPrinter] Opening serial connection to /dev/cu.usbserial-110 (19200 baud)...
[2026-07-27T11:49:58.105Z] [WARN] ⚠️ [SerialPrinter] Failed to open /dev/cu.usbserial-110: | {"raw":"Error: No such file or directory, cannot open /dev/cu.usbserial-110","friendly":"Error: No such file or directory, cannot open /dev/cu.usbserial-110"}
[2026-07-27T11:50:02.109Z] [INFO] 🔄 [SerialPrinter] Retrying automatic reconnect to /dev/cu.usbserial-110...
[2026-07-27T11:50:02.110Z] [INFO] 🖨️ [SerialPrinter] Opening serial connection to /dev/cu.usbserial-110 (19200 baud)...
[2026-07-27T11:50:02.110Z] [WARN] ⚠️ [SerialPrinter] Failed to open /dev/cu.usbserial-110: | {"raw":"Error: No such file or directory, cannot open /dev/cu.usbserial-110","friendly":"Error: No such file or directory, cannot open /dev/cu.usbserial-110"}
[2026-07-27T11:50:06.115Z] [INFO] 🔄 [SerialPrinter] Retrying automatic reconnect to /dev/cu.usbserial-110...
[2026-07-27T11:50:06.117Z] [INFO] 🖨️ [SerialPrinter] Opening serial connection to /dev/cu.usbserial-110 (19200 baud)...
[2026-07-27T11:50:06.118Z] [WARN] ⚠️ [SerialPrinter] Failed to open /dev/cu.usbserial-110: | {"raw":"Error: No such file or directory, cannot open /dev/cu.usbserial-110","friendly":"Error: No such file or directory, cannot open /dev/cu.usbserial-110"}
[2026-07-27T11:50:10.122Z] [INFO] 🔄 [SerialPrinter] Retrying automatic reconnect to /dev/cu.usbserial-110...
[2026-07-27T11:50:10.123Z] [INFO] 🖨️ [SerialPrinter] Opening serial connection to /dev/cu.usbserial-110 (19200 baud)...
[2026-07-27T11:50:10.123Z] [WARN] ⚠️ [SerialPrinter] Failed to open /dev/cu.usbserial-110: | {"raw":"Error: No such file or directory, cannot open /dev/cu.usbserial-110","friendly":"Error: No such file or directory, cannot open /dev/cu.usbserial-110"}
[2026-07-27T11:50:14.128Z] [INFO] 🔄 [SerialPrinter] Retrying automatic reconnect to /dev/cu.usbserial-110...
[2026-07-27T11:50:14.129Z] [INFO] 🖨️ [SerialPrinter] Opening serial connection to /dev/cu.usbserial-110 (19200 baud)...
[2026-07-27T11:50:14.130Z] [WARN] ⚠️ [SerialPrinter] Failed to open /dev/cu.usbserial-110: | {"raw":"Error: No such file or directory, cannot open /dev/cu.usbserial-110","friendly":"Error: No such file or directory, cannot open /dev/cu.usbserial-110"}
[2026-07-27T11:50:18.134Z] [INFO] 🔄 [SerialPrinter] Retrying automatic reconnect to /dev/cu.usbserial-110...
[2026-07-27T11:50:18.135Z] [INFO] 🖨️ [SerialPrinter] Opening serial connection to /dev/cu.usbserial-110 (19200 baud)...
[2026-07-27T11:50:18.136Z] [WARN] ⚠️ [SerialPrinter] Failed to open /dev/cu.usbserial-110: | {"raw":"Error: No such file or directory, cannot open /dev/cu.usbserial-110","friendly":"Error: No such file or directory, cannot open /dev/cu.usbserial-110"}
[2026-07-27T11:50:22.145Z] [INFO] 🔄 [SerialPrinter] Retrying automatic reconnect to /dev/cu.usbserial-110...
[2026-07-27T11:50:22.147Z] [INFO] 🖨️ [SerialPrinter] Opening serial connection to /dev/cu.usbserial-110 (19200 baud)...
[2026-07-27T11:50:22.148Z] [WARN] ⚠️ [SerialPrinter] Failed to open /dev/cu.usbserial-110: | {"raw":"Error: No such file or directory, cannot open /dev/cu.usbserial-110","friendly":"Error: No such file or directory, cannot open /dev/cu.usbserial-110"}
[2026-07-27T11:50:26.152Z] [INFO] 🔄 [SerialPrinter] Retrying automatic reconnect to /dev/cu.usbserial-110...
[2026-07-27T11:50:26.155Z] [INFO] 🖨️ [SerialPrinter] Opening serial connection to /dev/cu.usbserial-110 (19200 baud)...
[2026-07-27T11:50:26.156Z] [WARN] ⚠️ [SerialPrinter] Failed to open /dev/cu.usbserial-110: | {"raw":"Error: No such file or directory, cannot open /dev/cu.usbserial-110","friendly":"Error: No such file or directory, cannot open /dev/cu.usbserial-110"}
[2026-07-27T11:50:30.162Z] [INFO] 🔄 [SerialPrinter] Retrying automatic reconnect to /dev/cu.usbserial-110...
[2026-07-27T11:50:30.162Z] [INFO] 🖨️ [SerialPrinter] Opening serial connection to /dev/cu.usbserial-110 (19200 baud)...
[2026-07-27T11:50:30.163Z] [WARN] ⚠️ [SerialPrinter] Failed to open /dev/cu.usbserial-110: | {"raw":"Error: No such file or directory, cannot open /dev/cu.usbserial-110","friendly":"Error: No such file or directory, cannot open /dev/cu.usbserial-110"}
[2026-07-27T11:50:34.168Z] [INFO] 🔄 [SerialPrinter] Retrying automatic reconnect to /dev/cu.usbserial-110...
[2026-07-27T11:50:34.168Z] [INFO] 🖨️ [SerialPrinter] Opening serial connection to /dev/cu.usbserial-110 (19200 baud)...
[2026-07-27T11:50:34.168Z] [WARN] ⚠️ [SerialPrinter] Failed to open /dev/cu.usbserial-110: | {"raw":"Error: No such file or directory, cannot open /dev/cu.usbserial-110","friendly":"Error: No such file or directory, cannot open /dev/cu.usbserial-110"}
[2026-07-27T11:50:38.171Z] [INFO] 🔄 [SerialPrinter] Retrying automatic reconnect to /dev/cu.usbserial-110...
[2026-07-27T11:50:38.171Z] [INFO] 🖨️ [SerialPrinter] Opening serial connection to /dev/cu.usbserial-110 (19200 baud)...
[2026-07-27T11:50:38.171Z] [WARN] ⚠️ [SerialPrinter] Failed to open /dev/cu.usbserial-110: | {"raw":"Error: No such file or directory, cannot open /dev/cu.usbserial-110","friendly":"Error: No such file or directory, cannot open /dev/cu.usbserial-110"}
[2026-07-27T11:50:42.176Z] [INFO] 🔄 [SerialPrinter] Retrying automatic reconnect to /dev/cu.usbserial-110...
[2026-07-27T11:50:42.177Z] [INFO] 🖨️ [SerialPrinter] Opening serial connection to /dev/cu.usbserial-110 (19200 baud)...
[2026-07-27T11:50:42.177Z] [WARN] ⚠️ [SerialPrinter] Failed to open /dev/cu.usbserial-110: | {"raw":"Error: No such file or directory, cannot open /dev/cu.usbserial-110","friendly":"Error: No such file or directory, cannot open /dev/cu.usbserial-110"}
[2026-07-27T11:50:46.183Z] [INFO] 🔄 [SerialPrinter] Retrying automatic reconnect to /dev/cu.usbserial-110...
[2026-07-27T11:50:46.184Z] [INFO] 🖨️ [SerialPrinter] Opening serial connection to /dev/cu.usbserial-110 (19200 baud)...
[2026-07-27T11:50:46.185Z] [WARN] ⚠️ [SerialPrinter] Failed to open /dev/cu.usbserial-110: | {"raw":"Error: No such file or directory, cannot open /dev/cu.usbserial-110","friendly":"Error: No such file or directory, cannot open /dev/cu.usbserial-110"}
[2026-07-27T11:50:50.190Z] [INFO] 🔄 [SerialPrinter] Retrying automatic reconnect to /dev/cu.usbserial-110...
[2026-07-27T11:50:50.190Z] [INFO] 🖨️ [SerialPrinter] Opening serial connection to /dev/cu.usbserial-110 (19200 baud)...
[2026-07-27T11:50:50.191Z] [WARN] ⚠️ [SerialPrinter] Failed to open /dev/cu.usbserial-110: | {"raw":"Error: No such file or directory, cannot open /dev/cu.usbserial-110","friendly":"Error: No such file or directory, cannot open /dev/cu.usbserial-110"}
[2026-07-27T11:50:54.196Z] [INFO] 🔄 [SerialPrinter] Retrying automatic reconnect to /dev/cu.usbserial-110...
[2026-07-27T11:50:54.197Z] [INFO] 🖨️ [SerialPrinter] Opening serial connection to /dev/cu.usbserial-110 (19200 baud)...
[2026-07-27T11:50:54.198Z] [WARN] ⚠️ [SerialPrinter] Failed to open /dev/cu.usbserial-110: | {"raw":"Error: No such file or directory, cannot open /dev/cu.usbserial-110","friendly":"Error: No such file or directory, cannot open /dev/cu.usbserial-110"}
[2026-07-27T11:50:58.203Z] [INFO] 🔄 [SerialPrinter] Retrying automatic reconnect to /dev/cu.usbserial-110...
[2026-07-27T11:50:58.205Z] [INFO] 🖨️ [SerialPrinter] Opening serial connection to /dev/cu.usbserial-110 (19200 baud)...
[2026-07-27T11:50:58.205Z] [WARN] ⚠️ [SerialPrinter] Failed to open /dev/cu.usbserial-110: | {"raw":"Error: No such file or directory, cannot open /dev/cu.usbserial-110","friendly":"Error: No such file or directory, cannot open /dev/cu.usbserial-110"}
[2026-07-27T11:51:02.210Z] [INFO] 🔄 [SerialPrinter] Retrying automatic reconnect to /dev/cu.usbserial-110...
[2026-07-27T11:51:02.211Z] [INFO] 🖨️ [SerialPrinter] Opening serial connection to /dev/cu.usbserial-110 (19200 baud)...
[2026-07-27T11:51:02.211Z] [WARN] ⚠️ [SerialPrinter] Failed to open /dev/cu.usbserial-110: | {"raw":"Error: No such file or directory, cannot open /dev/cu.usbserial-110","friendly":"Error: No such file or directory, cannot open /dev/cu.usbserial-110"}
[2026-07-27T11:51:06.214Z] [INFO] 🔄 [SerialPrinter] Retrying automatic reconnect to /dev/cu.usbserial-110...
[2026-07-27T11:51:06.216Z] [INFO] 🖨️ [SerialPrinter] Opening serial connection to /dev/cu.usbserial-110 (19200 baud)...
[2026-07-27T11:51:06.220Z] [WARN] ⚠️ [SerialPrinter] Failed to open /dev/cu.usbserial-110: | {"raw":"Error: No such file or directory, cannot open /dev/cu.usbserial-110","friendly":"Error: No such file or directory, cannot open /dev/cu.usbserial-110"}
[2026-07-27T11:51:10.231Z] [INFO] 🔄 [SerialPrinter] Retrying automatic reconnect to /dev/cu.usbserial-110...
[2026-07-27T11:51:10.234Z] [INFO] 🖨️ [SerialPrinter] Opening serial connection to /dev/cu.usbserial-110 (19200 baud)...
[2026-07-27T11:51:10.241Z] [WARN] ⚠️ [SerialPrinter] Failed to open /dev/cu.usbserial-110: | {"raw":"Error: No such file or directory, cannot open /dev/cu.usbserial-110","friendly":"Error: No such file or directory, cannot open /dev/cu.usbserial-110"}
[2026-07-27T11:51:14.252Z] [INFO] 🔄 [SerialPrinter] Retrying automatic reconnect to /dev/cu.usbserial-110...
[2026-07-27T11:51:14.252Z] [INFO] 🖨️ [SerialPrinter] Opening serial connection to /dev/cu.usbserial-110 (19200 baud)...
[2026-07-27T11:51:14.253Z] [WARN] ⚠️ [SerialPrinter] Failed to open /dev/cu.usbserial-110: | {"raw":"Error: No such file or directory, cannot open /dev/cu.usbserial-110","friendly":"Error: No such file or directory, cannot open /dev/cu.usbserial-110"}
[2026-07-27T11:51:18.257Z] [INFO] 🔄 [SerialPrinter] Retrying automatic reconnect to /dev/cu.usbserial-110...
[2026-07-27T11:51:18.258Z] [INFO] 🖨️ [SerialPrinter] Opening serial connection to /dev/cu.usbserial-110 (19200 baud)...
[2026-07-27T11:51:18.259Z] [WARN] ⚠️ [SerialPrinter] Failed to open /dev/cu.usbserial-110: | {"raw":"Error: No such file or directory, cannot open /dev/cu.usbserial-110","friendly":"Error: No such file or directory, cannot open /dev/cu.usbserial-110"}
[2026-07-27T11:51:22.262Z] [INFO] 🔄 [SerialPrinter] Retrying automatic reconnect to /dev/cu.usbserial-110...
[2026-07-27T11:51:22.263Z] [INFO] 🖨️ [SerialPrinter] Opening serial connection to /dev/cu.usbserial-110 (19200 baud)...
[2026-07-27T11:51:22.265Z] [WARN] ⚠️ [SerialPrinter] Failed to open /dev/cu.usbserial-110: | {"raw":"Error: No such file or directory, cannot open /dev/cu.usbserial-110","friendly":"Error: No such file or directory, cannot open /dev/cu.usbserial-110"}
[2026-07-27T11:51:26.272Z] [INFO] 🔄 [SerialPrinter] Retrying automatic reconnect to /dev/cu.usbserial-110...
[2026-07-27T11:51:26.273Z] [INFO] 🖨️ [SerialPrinter] Opening serial connection to /dev/cu.usbserial-110 (19200 baud)...
[2026-07-27T11:51:26.273Z] [WARN] ⚠️ [SerialPrinter] Failed to open /dev/cu.usbserial-110: | {"raw":"Error: No such file or directory, cannot open /dev/cu.usbserial-110","friendly":"Error: No such file or directory, cannot open /dev/cu.usbserial-110"}
[2026-07-27T11:51:30.281Z] [INFO] 🔄 [SerialPrinter] Retrying automatic reconnect to /dev/cu.usbserial-110...
[2026-07-27T11:51:30.285Z] [INFO] 🖨️ [SerialPrinter] Opening serial connection to /dev/cu.usbserial-110 (19200 baud)...
[2026-07-27T11:51:30.288Z] [WARN] ⚠️ [SerialPrinter] Failed to open /dev/cu.usbserial-110: | {"raw":"Error: No such file or directory, cannot open /dev/cu.usbserial-110","friendly":"Error: No such file or directory, cannot open /dev/cu.usbserial-110"}
[2026-07-27T11:51:34.291Z] [INFO] 🔄 [SerialPrinter] Retrying automatic reconnect to /dev/cu.usbserial-110...
[2026-07-27T11:51:34.291Z] [INFO] 🖨️ [SerialPrinter] Opening serial connection to /dev/cu.usbserial-110 (19200 baud)...
[2026-07-27T11:51:34.292Z] [WARN] ⚠️ [SerialPrinter] Failed to open /dev/cu.usbserial-110: | {"raw":"Error: No such file or directory, cannot open /dev/cu.usbserial-110","friendly":"Error: No such file or directory, cannot open /dev/cu.usbserial-110"}
[2026-07-27T11:51:38.296Z] [INFO] 🔄 [SerialPrinter] Retrying automatic reconnect to /dev/cu.usbserial-110...
[2026-07-27T11:51:38.296Z] [INFO] 🖨️ [SerialPrinter] Opening serial connection to /dev/cu.usbserial-110 (19200 baud)...
[2026-07-27T11:51:38.297Z] [WARN] ⚠️ [SerialPrinter] Failed to open /dev/cu.usbserial-110: | {"raw":"Error: No such file or directory, cannot open /dev/cu.usbserial-110","friendly":"Error: No such file or directory, cannot open /dev/cu.usbserial-110"}
[2026-07-27T11:51:42.302Z] [INFO] 🔄 [SerialPrinter] Retrying automatic reconnect to /dev/cu.usbserial-110...
[2026-07-27T11:51:42.303Z] [INFO] 🖨️ [SerialPrinter] Opening serial connection to /dev/cu.usbserial-110 (19200 baud)...
[2026-07-27T11:51:42.303Z] [WARN] ⚠️ [SerialPrinter] Failed to open /dev/cu.usbserial-110: | {"raw":"Error: No such file or directory, cannot open /dev/cu.usbserial-110","friendly":"Error: No such file or directory, cannot open /dev/cu.usbserial-110"}
[2026-07-27T11:51:46.307Z] [INFO] 🔄 [SerialPrinter] Retrying automatic reconnect to /dev/cu.usbserial-110...
[2026-07-27T11:51:46.307Z] [INFO] 🖨️ [SerialPrinter] Opening serial connection to /dev/cu.usbserial-110 (19200 baud)...
[2026-07-27T11:51:46.308Z] [WARN] ⚠️ [SerialPrinter] Failed to open /dev/cu.usbserial-110: | {"raw":"Error: No such file or directory, cannot open /dev/cu.usbserial-110","friendly":"Error: No such file or directory, cannot open /dev/cu.usbserial-110"}
[2026-07-27T11:51:50.316Z] [INFO] 🔄 [SerialPrinter] Retrying automatic reconnect to /dev/cu.usbserial-110...
[2026-07-27T11:51:50.319Z] [INFO] 🖨️ [SerialPrinter] Opening serial connection to /dev/cu.usbserial-110 (19200 baud)...
[2026-07-27T11:51:50.320Z] [WARN] ⚠️ [SerialPrinter] Failed to open /dev/cu.usbserial-110: | {"raw":"Error: No such file or directory, cannot open /dev/cu.usbserial-110","friendly":"Error: No such file or directory, cannot open /dev/cu.usbserial-110"}
[2026-07-27T11:51:54.325Z] [INFO] 🔄 [SerialPrinter] Retrying automatic reconnect to /dev/cu.usbserial-110...
[2026-07-27T11:51:54.325Z] [INFO] 🖨️ [SerialPrinter] Opening serial connection to /dev/cu.usbserial-110 (19200 baud)...
[2026-07-27T11:51:54.326Z] [WARN] ⚠️ [SerialPrinter] Failed to open /dev/cu.usbserial-110: | {"raw":"Error: No such file or directory, cannot open /dev/cu.usbserial-110","friendly":"Error: No such file or directory, cannot open /dev/cu.usbserial-110"}
[2026-07-27T11:51:58.334Z] [INFO] 🔄 [SerialPrinter] Retrying automatic reconnect to /dev/cu.usbserial-110...
[2026-07-27T11:51:58.347Z] [INFO] 🖨️ [SerialPrinter] Opening serial connection to /dev/cu.usbserial-110 (19200 baud)...
[2026-07-27T11:51:58.348Z] [WARN] ⚠️ [SerialPrinter] Failed to open /dev/cu.usbserial-110: | {"raw":"Error: No such file or directory, cannot open /dev/cu.usbserial-110","friendly":"Error: No such file or directory, cannot open /dev/cu.usbserial-110"}
[2026-07-27T11:52:02.354Z] [INFO] 🔄 [SerialPrinter] Retrying automatic reconnect to /dev/cu.usbserial-110...
[2026-07-27T11:52:02.355Z] [INFO] 🖨️ [SerialPrinter] Opening serial connection to /dev/cu.usbserial-110 (19200 baud)...
[2026-07-27T11:52:02.355Z] [WARN] ⚠️ [SerialPrinter] Failed to open /dev/cu.usbserial-110: | {"raw":"Error: No such file or directory, cannot open /dev/cu.usbserial-110","friendly":"Error: No such file or directory, cannot open /dev/cu.usbserial-110"}
[2026-07-27T11:52:06.361Z] [INFO] 🔄 [SerialPrinter] Retrying automatic reconnect to /dev/cu.usbserial-110...
[2026-07-27T11:52:06.361Z] [INFO] 🖨️ [SerialPrinter] Opening serial connection to /dev/cu.usbserial-110 (19200 baud)...
[2026-07-27T11:52:06.362Z] [WARN] ⚠️ [SerialPrinter] Failed to open /dev/cu.usbserial-110: | {"raw":"Error: No such file or directory, cannot open /dev/cu.usbserial-110","friendly":"Error: No such file or directory, cannot open /dev/cu.usbserial-110"}
[2026-07-27T11:52:10.366Z] [INFO] 🔄 [SerialPrinter] Retrying automatic reconnect to /dev/cu.usbserial-110...
[2026-07-27T11:52:10.368Z] [INFO] 🖨️ [SerialPrinter] Opening serial connection to /dev/cu.usbserial-110 (19200 baud)...
[2026-07-27T11:52:10.369Z] [WARN] ⚠️ [SerialPrinter] Failed to open /dev/cu.usbserial-110: | {"raw":"Error: No such file or directory, cannot open /dev/cu.usbserial-110","friendly":"Error: No such file or directory, cannot open /dev/cu.usbserial-110"}
[2026-07-27T11:52:14.380Z] [INFO] 🔄 [SerialPrinter] Retrying automatic reconnect to /dev/cu.usbserial-110...
[2026-07-27T11:52:14.381Z] [INFO] 🖨️ [SerialPrinter] Opening serial connection to /dev/cu.usbserial-110 (19200 baud)...
[2026-07-27T11:52:14.382Z] [WARN] ⚠️ [SerialPrinter] Failed to open /dev/cu.usbserial-110: | {"raw":"Error: No such file or directory, cannot open /dev/cu.usbserial-110","friendly":"Error: No such file or directory, cannot open /dev/cu.usbserial-110"}
[2026-07-27T11:52:18.388Z] [INFO] 🔄 [SerialPrinter] Retrying automatic reconnect to /dev/cu.usbserial-110...
[2026-07-27T11:52:18.390Z] [INFO] 🖨️ [SerialPrinter] Opening serial connection to /dev/cu.usbserial-110 (19200 baud)...
[2026-07-27T11:52:18.391Z] [WARN] ⚠️ [SerialPrinter] Failed to open /dev/cu.usbserial-110: | {"raw":"Error: No such file or directory, cannot open /dev/cu.usbserial-110","friendly":"Error: No such file or directory, cannot open /dev/cu.usbserial-110"}
[2026-07-27T11:52:22.398Z] [INFO] 🔄 [SerialPrinter] Retrying automatic reconnect to /dev/cu.usbserial-110...
[2026-07-27T11:52:22.399Z] [INFO] 🖨️ [SerialPrinter] Opening serial connection to /dev/cu.usbserial-110 (19200 baud)...
[2026-07-27T11:52:22.400Z] [WARN] ⚠️ [SerialPrinter] Failed to open /dev/cu.usbserial-110: | {"raw":"Error: No such file or directory, cannot open /dev/cu.usbserial-110","friendly":"Error: No such file or directory, cannot open /dev/cu.usbserial-110"}
[2026-07-27T11:52:26.407Z] [INFO] 🔄 [SerialPrinter] Retrying automatic reconnect to /dev/cu.usbserial-110...
[2026-07-27T11:52:26.413Z] [INFO] 🖨️ [SerialPrinter] Opening serial connection to /dev/cu.usbserial-110 (19200 baud)...
[2026-07-27T11:52:26.415Z] [WARN] ⚠️ [SerialPrinter] Failed to open /dev/cu.usbserial-110: | {"raw":"Error: No such file or directory, cannot open /dev/cu.usbserial-110","friendly":"Error: No such file or directory, cannot open /dev/cu.usbserial-110"}
[2026-07-27T11:52:30.421Z] [INFO] 🔄 [SerialPrinter] Retrying automatic reconnect to /dev/cu.usbserial-110...
[2026-07-27T11:52:30.422Z] [INFO] 🖨️ [SerialPrinter] Opening serial connection to /dev/cu.usbserial-110 (19200 baud)...
[2026-07-27T11:52:30.422Z] [WARN] ⚠️ [SerialPrinter] Failed to open /dev/cu.usbserial-110: | {"raw":"Error: No such file or directory, cannot open /dev/cu.usbserial-110","friendly":"Error: No such file or directory, cannot open /dev/cu.usbserial-110"}
[2026-07-27T11:52:34.427Z] [INFO] 🔄 [SerialPrinter] Retrying automatic reconnect to /dev/cu.usbserial-110...
[2026-07-27T11:52:34.430Z] [INFO] 🖨️ [SerialPrinter] Opening serial connection to /dev/cu.usbserial-110 (19200 baud)...
[2026-07-27T11:52:34.432Z] [WARN] ⚠️ [SerialPrinter] Failed to open /dev/cu.usbserial-110: | {"raw":"Error: No such file or directory, cannot open /dev/cu.usbserial-110","friendly":"Error: No such file or directory, cannot open /dev/cu.usbserial-110"}
[2026-07-27T11:52:38.437Z] [INFO] 🔄 [SerialPrinter] Retrying automatic reconnect to /dev/cu.usbserial-110...
[2026-07-27T11:52:38.437Z] [INFO] 🖨️ [SerialPrinter] Opening serial connection to /dev/cu.usbserial-110 (19200 baud)...
[2026-07-27T11:52:38.438Z] [WARN] ⚠️ [SerialPrinter] Failed to open /dev/cu.usbserial-110: | {"raw":"Error: No such file or directory, cannot open /dev/cu.usbserial-110","friendly":"Error: No such file or directory, cannot open /dev/cu.usbserial-110"}
[2026-07-27T11:52:42.441Z] [INFO] 🔄 [SerialPrinter] Retrying automatic reconnect to /dev/cu.usbserial-110...
[2026-07-27T11:52:42.442Z] [INFO] 🖨️ [SerialPrinter] Opening serial connection to /dev/cu.usbserial-110 (19200 baud)...
[2026-07-27T11:52:42.442Z] [WARN] ⚠️ [SerialPrinter] Failed to open /dev/cu.usbserial-110: | {"raw":"Error: No such file or directory, cannot open /dev/cu.usbserial-110","friendly":"Error: No such file or directory, cannot open /dev/cu.usbserial-110"}
[2026-07-27T11:52:46.446Z] [INFO] 🔄 [SerialPrinter] Retrying automatic reconnect to /dev/cu.usbserial-110...
[2026-07-27T11:52:46.447Z] [INFO] 🖨️ [SerialPrinter] Opening serial connection to /dev/cu.usbserial-110 (19200 baud)...
[2026-07-27T11:52:46.447Z] [WARN] ⚠️ [SerialPrinter] Failed to open /dev/cu.usbserial-110: | {"raw":"Error: No such file or directory, cannot open /dev/cu.usbserial-110","friendly":"Error: No such file or directory, cannot open /dev/cu.usbserial-110"}
[2026-07-27T11:52:50.452Z] [INFO] 🔄 [SerialPrinter] Retrying automatic reconnect to /dev/cu.usbserial-110...
[2026-07-27T11:52:50.453Z] [INFO] 🖨️ [SerialPrinter] Opening serial connection to /dev/cu.usbserial-110 (19200 baud)...
[2026-07-27T11:52:50.453Z] [WARN] ⚠️ [SerialPrinter] Failed to open /dev/cu.usbserial-110: | {"raw":"Error: No such file or directory, cannot open /dev/cu.usbserial-110","friendly":"Error: No such file or directory, cannot open /dev/cu.usbserial-110"}
[2026-07-27T11:52:54.459Z] [INFO] 🔄 [SerialPrinter] Retrying automatic reconnect to /dev/cu.usbserial-110...
[2026-07-27T11:52:54.459Z] [INFO] 🖨️ [SerialPrinter] Opening serial connection to /dev/cu.usbserial-110 (19200 baud)...
[2026-07-27T11:52:54.460Z] [WARN] ⚠️ [SerialPrinter] Failed to open /dev/cu.usbserial-110: | {"raw":"Error: No such file or directory, cannot open /dev/cu.usbserial-110","friendly":"Error: No such file or directory, cannot open /dev/cu.usbserial-110"}
[2026-07-27T11:52:58.465Z] [INFO] 🔄 [SerialPrinter] Retrying automatic reconnect to /dev/cu.usbserial-110...
[2026-07-27T11:52:58.466Z] [INFO] 🖨️ [SerialPrinter] Opening serial connection to /dev/cu.usbserial-110 (19200 baud)...
[2026-07-27T11:52:58.468Z] [WARN] ⚠️ [SerialPrinter] Failed to open /dev/cu.usbserial-110: | {"raw":"Error: No such file or directory, cannot open /dev/cu.usbserial-110","friendly":"Error: No such file or directory, cannot open /dev/cu.usbserial-110"}
[2026-07-27T11:53:02.475Z] [INFO] 🔄 [SerialPrinter] Retrying automatic reconnect to /dev/cu.usbserial-110...
[2026-07-27T11:53:02.476Z] [INFO] 🖨️ [SerialPrinter] Opening serial connection to /dev/cu.usbserial-110 (19200 baud)...
[2026-07-27T11:53:02.477Z] [WARN] ⚠️ [SerialPrinter] Failed to open /dev/cu.usbserial-110: | {"raw":"Error: No such file or directory, cannot open /dev/cu.usbserial-110","friendly":"Error: No such file or directory, cannot open /dev/cu.usbserial-110"}
[2026-07-27T11:53:06.482Z] [INFO] 🔄 [SerialPrinter] Retrying automatic reconnect to /dev/cu.usbserial-110...
[2026-07-27T11:53:06.483Z] [INFO] 🖨️ [SerialPrinter] Opening serial connection to /dev/cu.usbserial-110 (19200 baud)...
[2026-07-27T11:53:06.484Z] [WARN] ⚠️ [SerialPrinter] Failed to open /dev/cu.usbserial-110: | {"raw":"Error: No such file or directory, cannot open /dev/cu.usbserial-110","friendly":"Error: No such file or directory, cannot open /dev/cu.usbserial-110"}
[2026-07-27T11:53:10.488Z] [INFO] 🔄 [SerialPrinter] Retrying automatic reconnect to /dev/cu.usbserial-110...
[2026-07-27T11:53:10.488Z] [INFO] 🖨️ [SerialPrinter] Opening serial connection to /dev/cu.usbserial-110 (19200 baud)...
[2026-07-27T11:53:10.489Z] [WARN] ⚠️ [SerialPrinter] Failed to open /dev/cu.usbserial-110: | {"raw":"Error: No such file or directory, cannot open /dev/cu.usbserial-110","friendly":"Error: No such file or directory, cannot open /dev/cu.usbserial-110"}
[2026-07-27T11:53:14.494Z] [INFO] 🔄 [SerialPrinter] Retrying automatic reconnect to /dev/cu.usbserial-110...
[2026-07-27T11:53:14.494Z] [INFO] 🖨️ [SerialPrinter] Opening serial connection to /dev/cu.usbserial-110 (19200 baud)...
[2026-07-27T11:53:14.495Z] [WARN] ⚠️ [SerialPrinter] Failed to open /dev/cu.usbserial-110: | {"raw":"Error: No such file or directory, cannot open /dev/cu.usbserial-110","friendly":"Error: No such file or directory, cannot open /dev/cu.usbserial-110"}
[2026-07-27T11:53:18.503Z] [INFO] 🔄 [SerialPrinter] Retrying automatic reconnect to /dev/cu.usbserial-110...
[2026-07-27T11:53:18.509Z] [INFO] 🖨️ [SerialPrinter] Opening serial connection to /dev/cu.usbserial-110 (19200 baud)...
[2026-07-27T11:53:18.510Z] [WARN] ⚠️ [SerialPrinter] Failed to open /dev/cu.usbserial-110: | {"raw":"Error: No such file or directory, cannot open /dev/cu.usbserial-110","friendly":"Error: No such file or directory, cannot open /dev/cu.usbserial-110"}
[2026-07-27T11:53:22.519Z] [INFO] 🔄 [SerialPrinter] Retrying automatic reconnect to /dev/cu.usbserial-110...
[2026-07-27T11:53:22.520Z] [INFO] 🖨️ [SerialPrinter] Opening serial connection to /dev/cu.usbserial-110 (19200 baud)...
[2026-07-27T11:53:22.520Z] [WARN] ⚠️ [SerialPrinter] Failed to open /dev/cu.usbserial-110: | {"raw":"Error: No such file or directory, cannot open /dev/cu.usbserial-110","friendly":"Error: No such file or directory, cannot open /dev/cu.usbserial-110"}
[2026-07-27T11:53:26.538Z] [INFO] 🔄 [SerialPrinter] Retrying automatic reconnect to /dev/cu.usbserial-110...
[2026-07-27T11:53:26.545Z] [INFO] 🖨️ [SerialPrinter] Opening serial connection to /dev/cu.usbserial-110 (19200 baud)...
[2026-07-27T11:53:26.548Z] [WARN] ⚠️ [SerialPrinter] Failed to open /dev/cu.usbserial-110: | {"raw":"Error: No such file or directory, cannot open /dev/cu.usbserial-110","friendly":"Error: No such file or directory, cannot open /dev/cu.usbserial-110"}
[2026-07-27T11:53:30.552Z] [INFO] 🔄 [SerialPrinter] Retrying automatic reconnect to /dev/cu.usbserial-110...
[2026-07-27T11:53:30.553Z] [INFO] 🖨️ [SerialPrinter] Opening serial connection to /dev/cu.usbserial-110 (19200 baud)...
[2026-07-27T11:53:30.554Z] [WARN] ⚠️ [SerialPrinter] Failed to open /dev/cu.usbserial-110: | {"raw":"Error: No such file or directory, cannot open /dev/cu.usbserial-110","friendly":"Error: No such file or directory, cannot open /dev/cu.usbserial-110"}
[2026-07-27T11:53:34.561Z] [INFO] 🔄 [SerialPrinter] Retrying automatic reconnect to /dev/cu.usbserial-110...
[2026-07-27T11:53:34.562Z] [INFO] 🖨️ [SerialPrinter] Opening serial connection to /dev/cu.usbserial-110 (19200 baud)...
[2026-07-27T11:53:34.563Z] [WARN] ⚠️ [SerialPrinter] Failed to open /dev/cu.usbserial-110: | {"raw":"Error: No such file or directory, cannot open /dev/cu.usbserial-110","friendly":"Error: No such file or directory, cannot open /dev/cu.usbserial-110"}
[2026-07-27T11:53:38.569Z] [INFO] 🔄 [SerialPrinter] Retrying automatic reconnect to /dev/cu.usbserial-110...
[2026-07-27T11:53:38.570Z] [INFO] 🖨️ [SerialPrinter] Opening serial connection to /dev/cu.usbserial-110 (19200 baud)...
[2026-07-27T11:53:38.571Z] [WARN] ⚠️ [SerialPrinter] Failed to open /dev/cu.usbserial-110: | {"raw":"Error: No such file or directory, cannot open /dev/cu.usbserial-110","friendly":"Error: No such file or directory, cannot open /dev/cu.usbserial-110"}
[2026-07-27T11:53:42.577Z] [INFO] 🔄 [SerialPrinter] Retrying automatic reconnect to /dev/cu.usbserial-110...
[2026-07-27T11:53:42.577Z] [INFO] 🖨️ [SerialPrinter] Opening serial connection to /dev/cu.usbserial-110 (19200 baud)...
[2026-07-27T11:53:42.577Z] [WARN] ⚠️ [SerialPrinter] Failed to open /dev/cu.usbserial-110: | {"raw":"Error: No such file or directory, cannot open /dev/cu.usbserial-110","friendly":"Error: No such file or directory, cannot open /dev/cu.usbserial-110"}
[2026-07-27T11:53:46.588Z] [INFO] 🔄 [SerialPrinter] Retrying automatic reconnect to /dev/cu.usbserial-110...
[2026-07-27T11:53:46.591Z] [INFO] 🖨️ [SerialPrinter] Opening serial connection to /dev/cu.usbserial-110 (19200 baud)...
[2026-07-27T11:53:46.594Z] [WARN] ⚠️ [SerialPrinter] Failed to open /dev/cu.usbserial-110: | {"raw":"Error: No such file or directory, cannot open /dev/cu.usbserial-110","friendly":"Error: No such file or directory, cannot open /dev/cu.usbserial-110"}
[2026-07-27T11:53:50.600Z] [INFO] 🔄 [SerialPrinter] Retrying automatic reconnect to /dev/cu.usbserial-110...
[2026-07-27T11:53:50.602Z] [INFO] 🖨️ [SerialPrinter] Opening serial connection to /dev/cu.usbserial-110 (19200 baud)...
[2026-07-27T11:53:50.603Z] [WARN] ⚠️ [SerialPrinter] Failed to open /dev/cu.usbserial-110: | {"raw":"Error: No such file or directory, cannot open /dev/cu.usbserial-110","friendly":"Error: No such file or directory, cannot open /dev/cu.usbserial-110"}
[2026-07-27T11:53:54.609Z] [INFO] 🔄 [SerialPrinter] Retrying automatic reconnect to /dev/cu.usbserial-110...
[2026-07-27T11:53:54.610Z] [INFO] 🖨️ [SerialPrinter] Opening serial connection to /dev/cu.usbserial-110 (19200 baud)...
[2026-07-27T11:53:54.617Z] [WARN] ⚠️ [SerialPrinter] Failed to open /dev/cu.usbserial-110: | {"raw":"Error: No such file or directory, cannot open /dev/cu.usbserial-110","friendly":"Error: No such file or directory, cannot open /dev/cu.usbserial-110"}
[2026-07-27T11:53:58.623Z] [INFO] 🔄 [SerialPrinter] Retrying automatic reconnect to /dev/cu.usbserial-110...
[2026-07-27T11:53:58.624Z] [INFO] 🖨️ [SerialPrinter] Opening serial connection to /dev/cu.usbserial-110 (19200 baud)...
[2026-07-27T11:53:58.625Z] [WARN] ⚠️ [SerialPrinter] Failed to open /dev/cu.usbserial-110: | {"raw":"Error: No such file or directory, cannot open /dev/cu.usbserial-110","friendly":"Error: No such file or directory, cannot open /dev/cu.usbserial-110"}
[2026-07-27T11:54:02.630Z] [INFO] 🔄 [SerialPrinter] Retrying automatic reconnect to /dev/cu.usbserial-110...
[2026-07-27T11:54:02.631Z] [INFO] 🖨️ [SerialPrinter] Opening serial connection to /dev/cu.usbserial-110 (19200 baud)...
[2026-07-27T11:54:02.631Z] [WARN] ⚠️ [SerialPrinter] Failed to open /dev/cu.usbserial-110: | {"raw":"Error: No such file or directory, cannot open /dev/cu.usbserial-110","friendly":"Error: No such file or directory, cannot open /dev/cu.usbserial-110"}
[2026-07-27T11:54:06.637Z] [INFO] 🔄 [SerialPrinter] Retrying automatic reconnect to /dev/cu.usbserial-110...
[2026-07-27T11:54:06.638Z] [INFO] 🖨️ [SerialPrinter] Opening serial connection to /dev/cu.usbserial-110 (19200 baud)...
[2026-07-27T11:54:06.639Z] [WARN] ⚠️ [SerialPrinter] Failed to open /dev/cu.usbserial-110: | {"raw":"Error: No such file or directory, cannot open /dev/cu.usbserial-110","friendly":"Error: No such file or directory, cannot open /dev/cu.usbserial-110"}
[2026-07-27T11:54:10.648Z] [INFO] 🔄 [SerialPrinter] Retrying automatic reconnect to /dev/cu.usbserial-110...
[2026-07-27T11:54:10.650Z] [INFO] 🖨️ [SerialPrinter] Opening serial connection to /dev/cu.usbserial-110 (19200 baud)...
[2026-07-27T11:54:10.656Z] [WARN] ⚠️ [SerialPrinter] Failed to open /dev/cu.usbserial-110: | {"raw":"Error: No such file or directory, cannot open /dev/cu.usbserial-110","friendly":"Error: No such file or directory, cannot open /dev/cu.usbserial-110"}
[2026-07-27T11:54:14.660Z] [INFO] 🔄 [SerialPrinter] Retrying automatic reconnect to /dev/cu.usbserial-110...
[2026-07-27T11:54:14.661Z] [INFO] 🖨️ [SerialPrinter] Opening serial connection to /dev/cu.usbserial-110 (19200 baud)...
[2026-07-27T11:54:14.661Z] [WARN] ⚠️ [SerialPrinter] Failed to open /dev/cu.usbserial-110: | {"raw":"Error: No such file or directory, cannot open /dev/cu.usbserial-110","friendly":"Error: No such file or directory, cannot open /dev/cu.usbserial-110"}
[2026-07-27T11:54:18.666Z] [INFO] 🔄 [SerialPrinter] Retrying automatic reconnect to /dev/cu.usbserial-110...
[2026-07-27T11:54:18.666Z] [INFO] 🖨️ [SerialPrinter] Opening serial connection to /dev/cu.usbserial-110 (19200 baud)...
[2026-07-27T11:54:18.666Z] [WARN] ⚠️ [SerialPrinter] Failed to open /dev/cu.usbserial-110: | {"raw":"Error: No such file or directory, cannot open /dev/cu.usbserial-110","friendly":"Error: No such file or directory, cannot open /dev/cu.usbserial-110"}
[2026-07-27T11:54:22.670Z] [INFO] 🔄 [SerialPrinter] Retrying automatic reconnect to /dev/cu.usbserial-110...
[2026-07-27T11:54:22.671Z] [INFO] 🖨️ [SerialPrinter] Opening serial connection to /dev/cu.usbserial-110 (19200 baud)...
[2026-07-27T11:54:22.671Z] [WARN] ⚠️ [SerialPrinter] Failed to open /dev/cu.usbserial-110: | {"raw":"Error: No such file or directory, cannot open /dev/cu.usbserial-110","friendly":"Error: No such file or directory, cannot open /dev/cu.usbserial-110"}
[2026-07-27T11:54:26.674Z] [INFO] 🔄 [SerialPrinter] Retrying automatic reconnect to /dev/cu.usbserial-110...
[2026-07-27T11:54:26.675Z] [INFO] 🖨️ [SerialPrinter] Opening serial connection to /dev/cu.usbserial-110 (19200 baud)...
[2026-07-27T11:54:26.675Z] [WARN] ⚠️ [SerialPrinter] Failed to open /dev/cu.usbserial-110: | {"raw":"Error: No such file or directory, cannot open /dev/cu.usbserial-110","friendly":"Error: No such file or directory, cannot open /dev/cu.usbserial-110"}
[2026-07-27T11:54:30.680Z] [INFO] 🔄 [SerialPrinter] Retrying automatic reconnect to /dev/cu.usbserial-110...
[2026-07-27T11:54:30.680Z] [INFO] 🖨️ [SerialPrinter] Opening serial connection to /dev/cu.usbserial-110 (19200 baud)...
[2026-07-27T11:54:30.680Z] [WARN] ⚠️ [SerialPrinter] Failed to open /dev/cu.usbserial-110: | {"raw":"Error: No such file or directory, cannot open /dev/cu.usbserial-110","friendly":"Error: No such file or directory, cannot open /dev/cu.usbserial-110"}
[2026-07-27T11:54:34.684Z] [INFO] 🔄 [SerialPrinter] Retrying automatic reconnect to /dev/cu.usbserial-110...
[2026-07-27T11:54:34.684Z] [INFO] 🖨️ [SerialPrinter] Opening serial connection to /dev/cu.usbserial-110 (19200 baud)...
[2026-07-27T11:54:34.685Z] [WARN] ⚠️ [SerialPrinter] Failed to open /dev/cu.usbserial-110: | {"raw":"Error: No such file or directory, cannot open /dev/cu.usbserial-110","friendly":"Error: No such file or directory, cannot open /dev/cu.usbserial-110"}
[2026-07-27T11:54:38.691Z] [INFO] 🔄 [SerialPrinter] Retrying automatic reconnect to /dev/cu.usbserial-110...
[2026-07-27T11:54:38.692Z] [INFO] 🖨️ [SerialPrinter] Opening serial connection to /dev/cu.usbserial-110 (19200 baud)...
[2026-07-27T11:54:38.692Z] [WARN] ⚠️ [SerialPrinter] Failed to open /dev/cu.usbserial-110: | {"raw":"Error: No such file or directory, cannot open /dev/cu.usbserial-110","friendly":"Error: No such file or directory, cannot open /dev/cu.usbserial-110"}
[2026-07-27T11:54:42.699Z] [INFO] 🔄 [SerialPrinter] Retrying automatic reconnect to /dev/cu.usbserial-110...
[2026-07-27T11:54:42.699Z] [INFO] 🖨️ [SerialPrinter] Opening serial connection to /dev/cu.usbserial-110 (19200 baud)...
[2026-07-27T11:54:42.700Z] [WARN] ⚠️ [SerialPrinter] Failed to open /dev/cu.usbserial-110: | {"raw":"Error: No such file or directory, cannot open /dev/cu.usbserial-110","friendly":"Error: No such file or directory, cannot open /dev/cu.usbserial-110"}
[2026-07-27T11:54:46.706Z] [INFO] 🔄 [SerialPrinter] Retrying automatic reconnect to /dev/cu.usbserial-110...
[2026-07-27T11:54:46.706Z] [INFO] 🖨️ [SerialPrinter] Opening serial connection to /dev/cu.usbserial-110 (19200 baud)...
[2026-07-27T11:54:46.707Z] [WARN] ⚠️ [SerialPrinter] Failed to open /dev/cu.usbserial-110: | {"raw":"Error: No such file or directory, cannot open /dev/cu.usbserial-110","friendly":"Error: No such file or directory, cannot open /dev/cu.usbserial-110"}
[2026-07-27T11:54:50.711Z] [INFO] 🔄 [SerialPrinter] Retrying automatic reconnect to /dev/cu.usbserial-110...
[2026-07-27T11:54:50.712Z] [INFO] 🖨️ [SerialPrinter] Opening serial connection to /dev/cu.usbserial-110 (19200 baud)...
[2026-07-27T11:54:50.712Z] [WARN] ⚠️ [SerialPrinter] Failed to open /dev/cu.usbserial-110: | {"raw":"Error: No such file or directory, cannot open /dev/cu.usbserial-110","friendly":"Error: No such file or directory, cannot open /dev/cu.usbserial-110"}
[2026-07-27T11:54:54.716Z] [INFO] 🔄 [SerialPrinter] Retrying automatic reconnect to /dev/cu.usbserial-110...
[2026-07-27T11:54:54.717Z] [INFO] 🖨️ [SerialPrinter] Opening serial connection to /dev/cu.usbserial-110 (19200 baud)...
[2026-07-27T11:54:54.718Z] [WARN] ⚠️ [SerialPrinter] Failed to open /dev/cu.usbserial-110: | {"raw":"Error: No such file or directory, cannot open /dev/cu.usbserial-110","friendly":"Error: No such file or directory, cannot open /dev/cu.usbserial-110"}
[2026-07-27T11:54:58.722Z] [INFO] 🔄 [SerialPrinter] Retrying automatic reconnect to /dev/cu.usbserial-110...
[2026-07-27T11:54:58.723Z] [INFO] 🖨️ [SerialPrinter] Opening serial connection to /dev/cu.usbserial-110 (19200 baud)...
[2026-07-27T11:54:58.724Z] [WARN] ⚠️ [SerialPrinter] Failed to open /dev/cu.usbserial-110: | {"raw":"Error: No such file or directory, cannot open /dev/cu.usbserial-110","friendly":"Error: No such file or directory, cannot open /dev/cu.usbserial-110"}
[2026-07-27T11:55:02.730Z] [INFO] 🔄 [SerialPrinter] Retrying automatic reconnect to /dev/cu.usbserial-110...
[2026-07-27T11:55:02.730Z] [INFO] 🖨️ [SerialPrinter] Opening serial connection to /dev/cu.usbserial-110 (19200 baud)...
[2026-07-27T11:55:02.731Z] [WARN] ⚠️ [SerialPrinter] Failed to open /dev/cu.usbserial-110: | {"raw":"Error: No such file or directory, cannot open /dev/cu.usbserial-110","friendly":"Error: No such file or directory, cannot open /dev/cu.usbserial-110"}
[2026-07-27T11:55:06.736Z] [INFO] 🔄 [SerialPrinter] Retrying automatic reconnect to /dev/cu.usbserial-110...
[2026-07-27T11:55:06.737Z] [INFO] 🖨️ [SerialPrinter] Opening serial connection to /dev/cu.usbserial-110 (19200 baud)...
[2026-07-27T11:55:06.737Z] [WARN] ⚠️ [SerialPrinter] Failed to open /dev/cu.usbserial-110: | {"raw":"Error: No such file or directory, cannot open /dev/cu.usbserial-110","friendly":"Error: No such file or directory, cannot open /dev/cu.usbserial-110"}
[2026-07-27T11:55:10.745Z] [INFO] 🔄 [SerialPrinter] Retrying automatic reconnect to /dev/cu.usbserial-110...
[2026-07-27T11:55:10.746Z] [INFO] 🖨️ [SerialPrinter] Opening serial connection to /dev/cu.usbserial-110 (19200 baud)...
[2026-07-27T11:55:10.746Z] [WARN] ⚠️ [SerialPrinter] Failed to open /dev/cu.usbserial-110: | {"raw":"Error: No such file or directory, cannot open /dev/cu.usbserial-110","friendly":"Error: No such file or directory, cannot open /dev/cu.usbserial-110"}
[2026-07-27T11:55:14.753Z] [INFO] 🔄 [SerialPrinter] Retrying automatic reconnect to /dev/cu.usbserial-110...
[2026-07-27T11:55:14.757Z] [INFO] 🖨️ [SerialPrinter] Opening serial connection to /dev/cu.usbserial-110 (19200 baud)...
[2026-07-27T11:55:14.758Z] [WARN] ⚠️ [SerialPrinter] Failed to open /dev/cu.usbserial-110: | {"raw":"Error: No such file or directory, cannot open /dev/cu.usbserial-110","friendly":"Error: No such file or directory, cannot open /dev/cu.usbserial-110"}
[2026-07-27T11:55:18.763Z] [INFO] 🔄 [SerialPrinter] Retrying automatic reconnect to /dev/cu.usbserial-110...
[2026-07-27T11:55:18.764Z] [INFO] 🖨️ [SerialPrinter] Opening serial connection to /dev/cu.usbserial-110 (19200 baud)...
[2026-07-27T11:55:18.765Z] [WARN] ⚠️ [SerialPrinter] Failed to open /dev/cu.usbserial-110: | {"raw":"Error: No such file or directory, cannot open /dev/cu.usbserial-110","friendly":"Error: No such file or directory, cannot open /dev/cu.usbserial-110"}
[2026-07-27T11:55:22.769Z] [INFO] 🔄 [SerialPrinter] Retrying automatic reconnect to /dev/cu.usbserial-110...
[2026-07-27T11:55:22.770Z] [INFO] 🖨️ [SerialPrinter] Opening serial connection to /dev/cu.usbserial-110 (19200 baud)...
[2026-07-27T11:55:22.770Z] [WARN] ⚠️ [SerialPrinter] Failed to open /dev/cu.usbserial-110: | {"raw":"Error: No such file or directory, cannot open /dev/cu.usbserial-110","friendly":"Error: No such file or directory, cannot open /dev/cu.usbserial-110"}
[2026-07-27T11:55:26.777Z] [INFO] 🔄 [SerialPrinter] Retrying automatic reconnect to /dev/cu.usbserial-110...
[2026-07-27T11:55:26.778Z] [INFO] 🖨️ [SerialPrinter] Opening serial connection to /dev/cu.usbserial-110 (19200 baud)...
[2026-07-27T11:55:26.779Z] [WARN] ⚠️ [SerialPrinter] Failed to open /dev/cu.usbserial-110: | {"raw":"Error: No such file or directory, cannot open /dev/cu.usbserial-110","friendly":"Error: No such file or directory, cannot open /dev/cu.usbserial-110"}
[2026-07-27T11:55:30.783Z] [INFO] 🔄 [SerialPrinter] Retrying automatic reconnect to /dev/cu.usbserial-110...
[2026-07-27T11:55:30.783Z] [INFO] 🖨️ [SerialPrinter] Opening serial connection to /dev/cu.usbserial-110 (19200 baud)...
[2026-07-27T11:55:30.783Z] [WARN] ⚠️ [SerialPrinter] Failed to open /dev/cu.usbserial-110: | {"raw":"Error: No such file or directory, cannot open /dev/cu.usbserial-110","friendly":"Error: No such file or directory, cannot open /dev/cu.usbserial-110"}
[2026-07-27T11:55:34.787Z] [INFO] 🔄 [SerialPrinter] Retrying automatic reconnect to /dev/cu.usbserial-110...
[2026-07-27T11:55:34.788Z] [INFO] 🖨️ [SerialPrinter] Opening serial connection to /dev/cu.usbserial-110 (19200 baud)...
[2026-07-27T11:55:34.789Z] [WARN] ⚠️ [SerialPrinter] Failed to open /dev/cu.usbserial-110: | {"raw":"Error: No such file or directory, cannot open /dev/cu.usbserial-110","friendly":"Error: No such file or directory, cannot open /dev/cu.usbserial-110"}
[2026-07-27T11:55:38.794Z] [INFO] 🔄 [SerialPrinter] Retrying automatic reconnect to /dev/cu.usbserial-110...
[2026-07-27T11:55:38.795Z] [INFO] 🖨️ [SerialPrinter] Opening serial connection to /dev/cu.usbserial-110 (19200 baud)...
[2026-07-27T11:55:38.796Z] [WARN] ⚠️ [SerialPrinter] Failed to open /dev/cu.usbserial-110: | {"raw":"Error: No such file or directory, cannot open /dev/cu.usbserial-110","friendly":"Error: No such file or directory, cannot open /dev/cu.usbserial-110"}
[2026-07-27T11:55:42.802Z] [INFO] 🔄 [SerialPrinter] Retrying automatic reconnect to /dev/cu.usbserial-110...
[2026-07-27T11:55:42.803Z] [INFO] 🖨️ [SerialPrinter] Opening serial connection to /dev/cu.usbserial-110 (19200 baud)...
[2026-07-27T11:55:42.803Z] [WARN] ⚠️ [SerialPrinter] Failed to open /dev/cu.usbserial-110: | {"raw":"Error: No such file or directory, cannot open /dev/cu.usbserial-110","friendly":"Error: No such file or directory, cannot open /dev/cu.usbserial-110"}
[2026-07-27T11:55:46.809Z] [INFO] 🔄 [SerialPrinter] Retrying automatic reconnect to /dev/cu.usbserial-110...
[2026-07-27T11:55:46.810Z] [INFO] 🖨️ [SerialPrinter] Opening serial connection to /dev/cu.usbserial-110 (19200 baud)...
[2026-07-27T11:55:46.810Z] [WARN] ⚠️ [SerialPrinter] Failed to open /dev/cu.usbserial-110: | {"raw":"Error: No such file or directory, cannot open /dev/cu.usbserial-110","friendly":"Error: No such file or directory, cannot open /dev/cu.usbserial-110"}
[2026-07-27T11:55:50.815Z] [INFO] 🔄 [SerialPrinter] Retrying automatic reconnect to /dev/cu.usbserial-110...
[2026-07-27T11:55:50.815Z] [INFO] 🖨️ [SerialPrinter] Opening serial connection to /dev/cu.usbserial-110 (19200 baud)...
[2026-07-27T11:55:50.816Z] [WARN] ⚠️ [SerialPrinter] Failed to open /dev/cu.usbserial-110: | {"raw":"Error: No such file or directory, cannot open /dev/cu.usbserial-110","friendly":"Error: No such file or directory, cannot open /dev/cu.usbserial-110"}
[2026-07-27T11:55:54.819Z] [INFO] 🔄 [SerialPrinter] Retrying automatic reconnect to /dev/cu.usbserial-110...
[2026-07-27T11:55:54.820Z] [INFO] 🖨️ [SerialPrinter] Opening serial connection to /dev/cu.usbserial-110 (19200 baud)...
[2026-07-27T11:55:54.820Z] [WARN] ⚠️ [SerialPrinter] Failed to open /dev/cu.usbserial-110: | {"raw":"Error: No such file or directory, cannot open /dev/cu.usbserial-110","friendly":"Error: No such file or directory, cannot open /dev/cu.usbserial-110"}
[2026-07-27T11:55:58.825Z] [INFO] 🔄 [SerialPrinter] Retrying automatic reconnect to /dev/cu.usbserial-110...
[2026-07-27T11:55:58.826Z] [INFO] 🖨️ [SerialPrinter] Opening serial connection to /dev/cu.usbserial-110 (19200 baud)...
[2026-07-27T11:55:58.826Z] [WARN] ⚠️ [SerialPrinter] Failed to open /dev/cu.usbserial-110: | {"raw":"Error: No such file or directory, cannot open /dev/cu.usbserial-110","friendly":"Error: No such file or directory, cannot open /dev/cu.usbserial-110"}
[2026-07-27T11:56:02.833Z] [INFO] 🔄 [SerialPrinter] Retrying automatic reconnect to /dev/cu.usbserial-110...
[2026-07-27T11:56:02.834Z] [INFO] 🖨️ [SerialPrinter] Opening serial connection to /dev/cu.usbserial-110 (19200 baud)...
[2026-07-27T11:56:02.834Z] [WARN] ⚠️ [SerialPrinter] Failed to open /dev/cu.usbserial-110: | {"raw":"Error: No such file or directory, cannot open /dev/cu.usbserial-110","friendly":"Error: No such file or directory, cannot open /dev/cu.usbserial-110"}
[2026-07-27T11:56:06.841Z] [INFO] 🔄 [SerialPrinter] Retrying automatic reconnect to /dev/cu.usbserial-110...
[2026-07-27T11:56:06.841Z] [INFO] 🖨️ [SerialPrinter] Opening serial connection to /dev/cu.usbserial-110 (19200 baud)...
[2026-07-27T11:56:06.841Z] [WARN] ⚠️ [SerialPrinter] Failed to open /dev/cu.usbserial-110: | {"raw":"Error: No such file or directory, cannot open /dev/cu.usbserial-110","friendly":"Error: No such file or directory, cannot open /dev/cu.usbserial-110"}
[2026-07-27T11:56:10.845Z] [INFO] 🔄 [SerialPrinter] Retrying automatic reconnect to /dev/cu.usbserial-110...
[2026-07-27T11:56:10.846Z] [INFO] 🖨️ [SerialPrinter] Opening serial connection to /dev/cu.usbserial-110 (19200 baud)...
[2026-07-27T11:56:10.847Z] [WARN] ⚠️ [SerialPrinter] Failed to open /dev/cu.usbserial-110: | {"raw":"Error: No such file or directory, cannot open /dev/cu.usbserial-110","friendly":"Error: No such file or directory, cannot open /dev/cu.usbserial-110"}
[2026-07-27T11:56:14.852Z] [INFO] 🔄 [SerialPrinter] Retrying automatic reconnect to /dev/cu.usbserial-110...
[2026-07-27T11:56:14.853Z] [INFO] 🖨️ [SerialPrinter] Opening serial connection to /dev/cu.usbserial-110 (19200 baud)...
[2026-07-27T11:56:14.854Z] [WARN] ⚠️ [SerialPrinter] Failed to open /dev/cu.usbserial-110: | {"raw":"Error: No such file or directory, cannot open /dev/cu.usbserial-110","friendly":"Error: No such file or directory, cannot open /dev/cu.usbserial-110"}
[2026-07-27T11:56:18.861Z] [INFO] 🔄 [SerialPrinter] Retrying automatic reconnect to /dev/cu.usbserial-110...
[2026-07-27T11:56:18.862Z] [INFO] 🖨️ [SerialPrinter] Opening serial connection to /dev/cu.usbserial-110 (19200 baud)...
[2026-07-27T11:56:18.863Z] [WARN] ⚠️ [SerialPrinter] Failed to open /dev/cu.usbserial-110: | {"raw":"Error: No such file or directory, cannot open /dev/cu.usbserial-110","friendly":"Error: No such file or directory, cannot open /dev/cu.usbserial-110"}
[2026-07-27T11:56:22.868Z] [INFO] 🔄 [SerialPrinter] Retrying automatic reconnect to /dev/cu.usbserial-110...
[2026-07-27T11:56:22.868Z] [INFO] 🖨️ [SerialPrinter] Opening serial connection to /dev/cu.usbserial-110 (19200 baud)...
[2026-07-27T11:56:22.869Z] [WARN] ⚠️ [SerialPrinter] Failed to open /dev/cu.usbserial-110: | {"raw":"Error: No such file or directory, cannot open /dev/cu.usbserial-110","friendly":"Error: No such file or directory, cannot open /dev/cu.usbserial-110"}
[2026-07-27T11:56:26.874Z] [INFO] 🔄 [SerialPrinter] Retrying automatic reconnect to /dev/cu.usbserial-110...
[2026-07-27T11:56:26.876Z] [INFO] 🖨️ [SerialPrinter] Opening serial connection to /dev/cu.usbserial-110 (19200 baud)...
[2026-07-27T11:56:26.877Z] [WARN] ⚠️ [SerialPrinter] Failed to open /dev/cu.usbserial-110: | {"raw":"Error: No such file or directory, cannot open /dev/cu.usbserial-110","friendly":"Error: No such file or directory, cannot open /dev/cu.usbserial-110"}
[2026-07-27T11:56:30.880Z] [INFO] 🔄 [SerialPrinter] Retrying automatic reconnect to /dev/cu.usbserial-110...
[2026-07-27T11:56:30.880Z] [INFO] 🖨️ [SerialPrinter] Opening serial connection to /dev/cu.usbserial-110 (19200 baud)...
[2026-07-27T11:56:30.881Z] [WARN] ⚠️ [SerialPrinter] Failed to open /dev/cu.usbserial-110: | {"raw":"Error: No such file or directory, cannot open /dev/cu.usbserial-110","friendly":"Error: No such file or directory, cannot open /dev/cu.usbserial-110"}
[2026-07-27T11:56:34.884Z] [INFO] 🔄 [SerialPrinter] Retrying automatic reconnect to /dev/cu.usbserial-110...
[2026-07-27T11:56:34.885Z] [INFO] 🖨️ [SerialPrinter] Opening serial connection to /dev/cu.usbserial-110 (19200 baud)...
[2026-07-27T11:56:34.885Z] [WARN] ⚠️ [SerialPrinter] Failed to open /dev/cu.usbserial-110: | {"raw":"Error: No such file or directory, cannot open /dev/cu.usbserial-110","friendly":"Error: No such file or directory, cannot open /dev/cu.usbserial-110"}
[2026-07-27T11:56:38.891Z] [INFO] 🔄 [SerialPrinter] Retrying automatic reconnect to /dev/cu.usbserial-110...
[2026-07-27T11:56:38.893Z] [INFO] 🖨️ [SerialPrinter] Opening serial connection to /dev/cu.usbserial-110 (19200 baud)...
[2026-07-27T11:56:38.894Z] [WARN] ⚠️ [SerialPrinter] Failed to open /dev/cu.usbserial-110: | {"raw":"Error: No such file or directory, cannot open /dev/cu.usbserial-110","friendly":"Error: No such file or directory, cannot open /dev/cu.usbserial-110"}
[2026-07-27T11:56:42.899Z] [INFO] 🔄 [SerialPrinter] Retrying automatic reconnect to /dev/cu.usbserial-110...
[2026-07-27T11:56:42.900Z] [INFO] 🖨️ [SerialPrinter] Opening serial connection to /dev/cu.usbserial-110 (19200 baud)...
[2026-07-27T11:56:42.901Z] [WARN] ⚠️ [SerialPrinter] Failed to open /dev/cu.usbserial-110: | {"raw":"Error: No such file or directory, cannot open /dev/cu.usbserial-110","friendly":"Error: No such file or directory, cannot open /dev/cu.usbserial-110"}
[2026-07-27T11:56:46.907Z] [INFO] 🔄 [SerialPrinter] Retrying automatic reconnect to /dev/cu.usbserial-110...
[2026-07-27T11:56:46.907Z] [INFO] 🖨️ [SerialPrinter] Opening serial connection to /dev/cu.usbserial-110 (19200 baud)...
[2026-07-27T11:56:46.908Z] [WARN] ⚠️ [SerialPrinter] Failed to open /dev/cu.usbserial-110: | {"raw":"Error: No such file or directory, cannot open /dev/cu.usbserial-110","friendly":"Error: No such file or directory, cannot open /dev/cu.usbserial-110"}
[2026-07-27T11:56:50.911Z] [INFO] 🔄 [SerialPrinter] Retrying automatic reconnect to /dev/cu.usbserial-110...
[2026-07-27T11:56:50.912Z] [INFO] 🖨️ [SerialPrinter] Opening serial connection to /dev/cu.usbserial-110 (19200 baud)...
[2026-07-27T11:56:50.912Z] [WARN] ⚠️ [SerialPrinter] Failed to open /dev/cu.usbserial-110: | {"raw":"Error: No such file or directory, cannot open /dev/cu.usbserial-110","friendly":"Error: No such file or directory, cannot open /dev/cu.usbserial-110"}
[2026-07-27T11:56:54.915Z] [INFO] 🔄 [SerialPrinter] Retrying automatic reconnect to /dev/cu.usbserial-110...
[2026-07-27T11:56:54.917Z] [INFO] 🖨️ [SerialPrinter] Opening serial connection to /dev/cu.usbserial-110 (19200 baud)...
[2026-07-27T11:56:54.918Z] [WARN] ⚠️ [SerialPrinter] Failed to open /dev/cu.usbserial-110: | {"raw":"Error: No such file or directory, cannot open /dev/cu.usbserial-110","friendly":"Error: No such file or directory, cannot open /dev/cu.usbserial-110"}
[2026-07-27T11:56:58.923Z] [INFO] 🔄 [SerialPrinter] Retrying automatic reconnect to /dev/cu.usbserial-110...
[2026-07-27T11:56:58.924Z] [INFO] 🖨️ [SerialPrinter] Opening serial connection to /dev/cu.usbserial-110 (19200 baud)...
[2026-07-27T11:56:58.924Z] [WARN] ⚠️ [SerialPrinter] Failed to open /dev/cu.usbserial-110: | {"raw":"Error: No such file or directory, cannot open /dev/cu.usbserial-110","friendly":"Error: No such file or directory, cannot open /dev/cu.usbserial-110"}
[2026-07-27T11:57:02.927Z] [INFO] 🔄 [SerialPrinter] Retrying automatic reconnect to /dev/cu.usbserial-110...
[2026-07-27T11:57:02.928Z] [INFO] 🖨️ [SerialPrinter] Opening serial connection to /dev/cu.usbserial-110 (19200 baud)...
[2026-07-27T11:57:02.928Z] [WARN] ⚠️ [SerialPrinter] Failed to open /dev/cu.usbserial-110: | {"raw":"Error: No such file or directory, cannot open /dev/cu.usbserial-110","friendly":"Error: No such file or directory, cannot open /dev/cu.usbserial-110"}
[2026-07-27T11:57:06.934Z] [INFO] 🔄 [SerialPrinter] Retrying automatic reconnect to /dev/cu.usbserial-110...
[2026-07-27T11:57:06.935Z] [INFO] 🖨️ [SerialPrinter] Opening serial connection to /dev/cu.usbserial-110 (19200 baud)...
[2026-07-27T11:57:06.936Z] [WARN] ⚠️ [SerialPrinter] Failed to open /dev/cu.usbserial-110: | {"raw":"Error: No such file or directory, cannot open /dev/cu.usbserial-110","friendly":"Error: No such file or directory, cannot open /dev/cu.usbserial-110"}
[2026-07-27T11:57:10.941Z] [INFO] 🔄 [SerialPrinter] Retrying automatic reconnect to /dev/cu.usbserial-110...
[2026-07-27T11:57:10.942Z] [INFO] 🖨️ [SerialPrinter] Opening serial connection to /dev/cu.usbserial-110 (19200 baud)...
[2026-07-27T11:57:10.942Z] [WARN] ⚠️ [SerialPrinter] Failed to open /dev/cu.usbserial-110: | {"raw":"Error: No such file or directory, cannot open /dev/cu.usbserial-110","friendly":"Error: No such file or directory, cannot open /dev/cu.usbserial-110"}
[2026-07-27T11:57:14.947Z] [INFO] 🔄 [SerialPrinter] Retrying automatic reconnect to /dev/cu.usbserial-110...
[2026-07-27T11:57:14.948Z] [INFO] 🖨️ [SerialPrinter] Opening serial connection to /dev/cu.usbserial-110 (19200 baud)...
[2026-07-27T11:57:14.949Z] [WARN] ⚠️ [SerialPrinter] Failed to open /dev/cu.usbserial-110: | {"raw":"Error: No such file or directory, cannot open /dev/cu.usbserial-110","friendly":"Error: No such file or directory, cannot open /dev/cu.usbserial-110"}
[2026-07-27T11:57:18.955Z] [INFO] 🔄 [SerialPrinter] Retrying automatic reconnect to /dev/cu.usbserial-110...
[2026-07-27T11:57:18.955Z] [INFO] 🖨️ [SerialPrinter] Opening serial connection to /dev/cu.usbserial-110 (19200 baud)...
[2026-07-27T11:57:18.956Z] [WARN] ⚠️ [SerialPrinter] Failed to open /dev/cu.usbserial-110: | {"raw":"Error: No such file or directory, cannot open /dev/cu.usbserial-110","friendly":"Error: No such file or directory, cannot open /dev/cu.usbserial-110"}
[2026-07-27T11:57:22.961Z] [INFO] 🔄 [SerialPrinter] Retrying automatic reconnect to /dev/cu.usbserial-110...
[2026-07-27T11:57:22.962Z] [INFO] 🖨️ [SerialPrinter] Opening serial connection to /dev/cu.usbserial-110 (19200 baud)...
[2026-07-27T11:57:22.963Z] [WARN] ⚠️ [SerialPrinter] Failed to open /dev/cu.usbserial-110: | {"raw":"Error: No such file or directory, cannot open /dev/cu.usbserial-110","friendly":"Error: No such file or directory, cannot open /dev/cu.usbserial-110"}
[2026-07-27T11:57:26.967Z] [INFO] 🔄 [SerialPrinter] Retrying automatic reconnect to /dev/cu.usbserial-110...
[2026-07-27T11:57:26.968Z] [INFO] 🖨️ [SerialPrinter] Opening serial connection to /dev/cu.usbserial-110 (19200 baud)...
[2026-07-27T11:57:26.968Z] [WARN] ⚠️ [SerialPrinter] Failed to open /dev/cu.usbserial-110: | {"raw":"Error: No such file or directory, cannot open /dev/cu.usbserial-110","friendly":"Error: No such file or directory, cannot open /dev/cu.usbserial-110"}
[2026-07-27T11:57:30.976Z] [INFO] 🔄 [SerialPrinter] Retrying automatic reconnect to /dev/cu.usbserial-110...
[2026-07-27T11:57:30.977Z] [INFO] 🖨️ [SerialPrinter] Opening serial connection to /dev/cu.usbserial-110 (19200 baud)...
[2026-07-27T11:57:30.978Z] [WARN] ⚠️ [SerialPrinter] Failed to open /dev/cu.usbserial-110: | {"raw":"Error: No such file or directory, cannot open /dev/cu.usbserial-110","friendly":"Error: No such file or directory, cannot open /dev/cu.usbserial-110"}
[2026-07-27T11:57:34.982Z] [INFO] 🔄 [SerialPrinter] Retrying automatic reconnect to /dev/cu.usbserial-110...
[2026-07-27T11:57:34.983Z] [INFO] 🖨️ [SerialPrinter] Opening serial connection to /dev/cu.usbserial-110 (19200 baud)...
[2026-07-27T11:57:34.983Z] [WARN] ⚠️ [SerialPrinter] Failed to open /dev/cu.usbserial-110: | {"raw":"Error: No such file or directory, cannot open /dev/cu.usbserial-110","friendly":"Error: No such file or directory, cannot open /dev/cu.usbserial-110"}
[2026-07-27T11:57:38.989Z] [INFO] 🔄 [SerialPrinter] Retrying automatic reconnect to /dev/cu.usbserial-110...
[2026-07-27T11:57:38.989Z] [INFO] 🖨️ [SerialPrinter] Opening serial connection to /dev/cu.usbserial-110 (19200 baud)...
[2026-07-27T11:57:38.990Z] [WARN] ⚠️ [SerialPrinter] Failed to open /dev/cu.usbserial-110: | {"raw":"Error: No such file or directory, cannot open /dev/cu.usbserial-110","friendly":"Error: No such file or directory, cannot open /dev/cu.usbserial-110"}
[2026-07-27T11:57:42.995Z] [INFO] 🔄 [SerialPrinter] Retrying automatic reconnect to /dev/cu.usbserial-110...
[2026-07-27T11:57:42.996Z] [INFO] 🖨️ [SerialPrinter] Opening serial connection to /dev/cu.usbserial-110 (19200 baud)...
[2026-07-27T11:57:42.997Z] [WARN] ⚠️ [SerialPrinter] Failed to open /dev/cu.usbserial-110: | {"raw":"Error: No such file or directory, cannot open /dev/cu.usbserial-110","friendly":"Error: No such file or directory, cannot open /dev/cu.usbserial-110"}
[2026-07-27T11:57:47.001Z] [INFO] 🔄 [SerialPrinter] Retrying automatic reconnect to /dev/cu.usbserial-110...
[2026-07-27T11:57:47.001Z] [INFO] 🖨️ [SerialPrinter] Opening serial connection to /dev/cu.usbserial-110 (19200 baud)...
[2026-07-27T11:57:47.001Z] [WARN] ⚠️ [SerialPrinter] Failed to open /dev/cu.usbserial-110: | {"raw":"Error: No such file or directory, cannot open /dev/cu.usbserial-110","friendly":"Error: No such file or directory, cannot open /dev/cu.usbserial-110"}
[2026-07-27T11:57:51.006Z] [INFO] 🔄 [SerialPrinter] Retrying automatic reconnect to /dev/cu.usbserial-110...
[2026-07-27T11:57:51.006Z] [INFO] 🖨️ [SerialPrinter] Opening serial connection to /dev/cu.usbserial-110 (19200 baud)...
[2026-07-27T11:57:51.007Z] [WARN] ⚠️ [SerialPrinter] Failed to open /dev/cu.usbserial-110: | {"raw":"Error: No such file or directory, cannot open /dev/cu.usbserial-110","friendly":"Error: No such file or directory, cannot open /dev/cu.usbserial-110"}
[2026-07-27T11:57:55.014Z] [INFO] 🔄 [SerialPrinter] Retrying automatic reconnect to /dev/cu.usbserial-110...
[2026-07-27T11:57:55.016Z] [INFO] 🖨️ [SerialPrinter] Opening serial connection to /dev/cu.usbserial-110 (19200 baud)...
[2026-07-27T11:57:55.017Z] [WARN] ⚠️ [SerialPrinter] Failed to open /dev/cu.usbserial-110: | {"raw":"Error: No such file or directory, cannot open /dev/cu.usbserial-110","friendly":"Error: No such file or directory, cannot open /dev/cu.usbserial-110"}
[2026-07-27T11:57:59.025Z] [INFO] 🔄 [SerialPrinter] Retrying automatic reconnect to /dev/cu.usbserial-110...
[2026-07-27T11:57:59.027Z] [INFO] 🖨️ [SerialPrinter] Opening serial connection to /dev/cu.usbserial-110 (19200 baud)...
[2026-07-27T11:57:59.027Z] [WARN] ⚠️ [SerialPrinter] Failed to open /dev/cu.usbserial-110: | {"raw":"Error: No such file or directory, cannot open /dev/cu.usbserial-110","friendly":"Error: No such file or directory, cannot open /dev/cu.usbserial-110"}
[2026-07-27T11:58:03.033Z] [INFO] 🔄 [SerialPrinter] Retrying automatic reconnect to /dev/cu.usbserial-110...
[2026-07-27T11:58:03.033Z] [INFO] 🖨️ [SerialPrinter] Opening serial connection to /dev/cu.usbserial-110 (19200 baud)...
[2026-07-27T11:58:03.034Z] [WARN] ⚠️ [SerialPrinter] Failed to open /dev/cu.usbserial-110: | {"raw":"Error: No such file or directory, cannot open /dev/cu.usbserial-110","friendly":"Error: No such file or directory, cannot open /dev/cu.usbserial-110"}
[2026-07-27T11:58:07.041Z] [INFO] 🔄 [SerialPrinter] Retrying automatic reconnect to /dev/cu.usbserial-110...
[2026-07-27T11:58:07.042Z] [INFO] 🖨️ [SerialPrinter] Opening serial connection to /dev/cu.usbserial-110 (19200 baud)...
[2026-07-27T11:58:07.042Z] [WARN] ⚠️ [SerialPrinter] Failed to open /dev/cu.usbserial-110: | {"raw":"Error: No such file or directory, cannot open /dev/cu.usbserial-110","friendly":"Error: No such file or directory, cannot open /dev/cu.usbserial-110"}
[2026-07-27T11:58:11.085Z] [INFO] 🔄 [SerialPrinter] Retrying automatic reconnect to /dev/cu.usbserial-110...
[2026-07-27T11:58:11.105Z] [INFO] 🖨️ [SerialPrinter] Opening serial connection to /dev/cu.usbserial-110 (19200 baud)...
[2026-07-27T11:58:11.118Z] [WARN] ⚠️ [SerialPrinter] Failed to open /dev/cu.usbserial-110: | {"raw":"Error: No such file or directory, cannot open /dev/cu.usbserial-110","friendly":"Error: No such file or directory, cannot open /dev/cu.usbserial-110"}
[2026-07-27T11:58:15.136Z] [INFO] 🔄 [SerialPrinter] Retrying automatic reconnect to /dev/cu.usbserial-110...
[2026-07-27T11:58:15.140Z] [INFO] 🖨️ [SerialPrinter] Opening serial connection to /dev/cu.usbserial-110 (19200 baud)...
[2026-07-27T11:58:15.141Z] [WARN] ⚠️ [SerialPrinter] Failed to open /dev/cu.usbserial-110: | {"raw":"Error: No such file or directory, cannot open /dev/cu.usbserial-110","friendly":"Error: No such file or directory, cannot open /dev/cu.usbserial-110"}
[2026-07-27T11:58:19.147Z] [INFO] 🔄 [SerialPrinter] Retrying automatic reconnect to /dev/cu.usbserial-110...
[2026-07-27T11:58:19.149Z] [INFO] 🖨️ [SerialPrinter] Opening serial connection to /dev/cu.usbserial-110 (19200 baud)...
[2026-07-27T11:58:19.149Z] [WARN] ⚠️ [SerialPrinter] Failed to open /dev/cu.usbserial-110: | {"raw":"Error: No such file or directory, cannot open /dev/cu.usbserial-110","friendly":"Error: No such file or directory, cannot open /dev/cu.usbserial-110"}
[2026-07-27T11:58:23.153Z] [INFO] 🔄 [SerialPrinter] Retrying automatic reconnect to /dev/cu.usbserial-110...
[2026-07-27T11:58:23.154Z] [INFO] 🖨️ [SerialPrinter] Opening serial connection to /dev/cu.usbserial-110 (19200 baud)...
[2026-07-27T11:58:23.154Z] [WARN] ⚠️ [SerialPrinter] Failed to open /dev/cu.usbserial-110: | {"raw":"Error: No such file or directory, cannot open /dev/cu.usbserial-110","friendly":"Error: No such file or directory, cannot open /dev/cu.usbserial-110"}
[2026-07-27T11:58:27.157Z] [INFO] 🔄 [SerialPrinter] Retrying automatic reconnect to /dev/cu.usbserial-110...
[2026-07-27T11:58:27.157Z] [INFO] 🖨️ [SerialPrinter] Opening serial connection to /dev/cu.usbserial-110 (19200 baud)...
[2026-07-27T11:58:27.157Z] [WARN] ⚠️ [SerialPrinter] Failed to open /dev/cu.usbserial-110: | {"raw":"Error: No such file or directory, cannot open /dev/cu.usbserial-110","friendly":"Error: No such file or directory, cannot open /dev/cu.usbserial-110"}
[2026-07-27T11:58:31.161Z] [INFO] 🔄 [SerialPrinter] Retrying automatic reconnect to /dev/cu.usbserial-110...
[2026-07-27T11:58:31.161Z] [INFO] 🖨️ [SerialPrinter] Opening serial connection to /dev/cu.usbserial-110 (19200 baud)...
[2026-07-27T11:58:31.162Z] [WARN] ⚠️ [SerialPrinter] Failed to open /dev/cu.usbserial-110: | {"raw":"Error: No such file or directory, cannot open /dev/cu.usbserial-110","friendly":"Error: No such file or directory, cannot open /dev/cu.usbserial-110"}
[2026-07-27T11:58:35.166Z] [INFO] 🔄 [SerialPrinter] Retrying automatic reconnect to /dev/cu.usbserial-110...
[2026-07-27T11:58:35.167Z] [INFO] 🖨️ [SerialPrinter] Opening serial connection to /dev/cu.usbserial-110 (19200 baud)...
[2026-07-27T11:58:35.168Z] [WARN] ⚠️ [SerialPrinter] Failed to open /dev/cu.usbserial-110: | {"raw":"Error: No such file or directory, cannot open /dev/cu.usbserial-110","friendly":"Error: No such file or directory, cannot open /dev/cu.usbserial-110"}
[2026-07-27T11:58:39.171Z] [INFO] 🔄 [SerialPrinter] Retrying automatic reconnect to /dev/cu.usbserial-110...
[2026-07-27T11:58:39.171Z] [INFO] 🖨️ [SerialPrinter] Opening serial connection to /dev/cu.usbserial-110 (19200 baud)...
[2026-07-27T11:58:39.172Z] [WARN] ⚠️ [SerialPrinter] Failed to open /dev/cu.usbserial-110: | {"raw":"Error: No such file or directory, cannot open /dev/cu.usbserial-110","friendly":"Error: No such file or directory, cannot open /dev/cu.usbserial-110"}
[2026-07-27T11:58:43.175Z] [INFO] 🔄 [SerialPrinter] Retrying automatic reconnect to /dev/cu.usbserial-110...
[2026-07-27T11:58:43.176Z] [INFO] 🖨️ [SerialPrinter] Opening serial connection to /dev/cu.usbserial-110 (19200 baud)...
[2026-07-27T11:58:43.177Z] [WARN] ⚠️ [SerialPrinter] Failed to open /dev/cu.usbserial-110: | {"raw":"Error: No such file or directory, cannot open /dev/cu.usbserial-110","friendly":"Error: No such file or directory, cannot open /dev/cu.usbserial-110"}
[2026-07-27T11:58:47.184Z] [INFO] 🔄 [SerialPrinter] Retrying automatic reconnect to /dev/cu.usbserial-110...
[2026-07-27T11:58:47.189Z] [INFO] 🖨️ [SerialPrinter] Opening serial connection to /dev/cu.usbserial-110 (19200 baud)...
[2026-07-27T11:58:47.191Z] [WARN] ⚠️ [SerialPrinter] Failed to open /dev/cu.usbserial-110: | {"raw":"Error: No such file or directory, cannot open /dev/cu.usbserial-110","friendly":"Error: No such file or directory, cannot open /dev/cu.usbserial-110"}
[2026-07-27T11:58:51.244Z] [INFO] 🔄 [SerialPrinter] Retrying automatic reconnect to /dev/cu.usbserial-110...
[2026-07-27T11:58:51.250Z] [INFO] 🖨️ [SerialPrinter] Opening serial connection to /dev/cu.usbserial-110 (19200 baud)...
[2026-07-27T11:58:51.267Z] [WARN] ⚠️ [SerialPrinter] Failed to open /dev/cu.usbserial-110: | {"raw":"Error: No such file or directory, cannot open /dev/cu.usbserial-110","friendly":"Error: No such file or directory, cannot open /dev/cu.usbserial-110"}
[2026-07-27T11:58:55.285Z] [INFO] 🔄 [SerialPrinter] Retrying automatic reconnect to /dev/cu.usbserial-110...
[2026-07-27T11:58:55.286Z] [INFO] 🖨️ [SerialPrinter] Opening serial connection to /dev/cu.usbserial-110 (19200 baud)...
[2026-07-27T11:58:55.287Z] [WARN] ⚠️ [SerialPrinter] Failed to open /dev/cu.usbserial-110: | {"raw":"Error: No such file or directory, cannot open /dev/cu.usbserial-110","friendly":"Error: No such file or directory, cannot open /dev/cu.usbserial-110"}
[2026-07-27T11:58:59.292Z] [INFO] 🔄 [SerialPrinter] Retrying automatic reconnect to /dev/cu.usbserial-110...
[2026-07-27T11:58:59.293Z] [INFO] 🖨️ [SerialPrinter] Opening serial connection to /dev/cu.usbserial-110 (19200 baud)...
[2026-07-27T11:58:59.293Z] [WARN] ⚠️ [SerialPrinter] Failed to open /dev/cu.usbserial-110: | {"raw":"Error: No such file or directory, cannot open /dev/cu.usbserial-110","friendly":"Error: No such file or directory, cannot open /dev/cu.usbserial-110"}
[2026-07-27T11:59:03.295Z] [INFO] 🔄 [SerialPrinter] Retrying automatic reconnect to /dev/cu.usbserial-110...
[2026-07-27T11:59:03.296Z] [INFO] 🖨️ [SerialPrinter] Opening serial connection to /dev/cu.usbserial-110 (19200 baud)...
[2026-07-27T11:59:03.296Z] [WARN] ⚠️ [SerialPrinter] Failed to open /dev/cu.usbserial-110: | {"raw":"Error: No such file or directory, cannot open /dev/cu.usbserial-110","friendly":"Error: No such file or directory, cannot open /dev/cu.usbserial-110"}
[2026-07-27T11:59:07.300Z] [INFO] 🔄 [SerialPrinter] Retrying automatic reconnect to /dev/cu.usbserial-110...
[2026-07-27T11:59:07.300Z] [INFO] 🖨️ [SerialPrinter] Opening serial connection to /dev/cu.usbserial-110 (19200 baud)...
[2026-07-27T11:59:07.300Z] [WARN] ⚠️ [SerialPrinter] Failed to open /dev/cu.usbserial-110: | {"raw":"Error: No such file or directory, cannot open /dev/cu.usbserial-110","friendly":"Error: No such file or directory, cannot open /dev/cu.usbserial-110"}
[2026-07-27T11:59:11.303Z] [INFO] 🔄 [SerialPrinter] Retrying automatic reconnect to /dev/cu.usbserial-110...
[2026-07-27T11:59:11.306Z] [INFO] 🖨️ [SerialPrinter] Opening serial connection to /dev/cu.usbserial-110 (19200 baud)...
[2026-07-27T11:59:11.306Z] [WARN] ⚠️ [SerialPrinter] Failed to open /dev/cu.usbserial-110: | {"raw":"Error: No such file or directory, cannot open /dev/cu.usbserial-110","friendly":"Error: No such file or directory, cannot open /dev/cu.usbserial-110"}
[2026-07-27T11:59:15.310Z] [INFO] 🔄 [SerialPrinter] Retrying automatic reconnect to /dev/cu.usbserial-110...
[2026-07-27T11:59:15.311Z] [INFO] 🖨️ [SerialPrinter] Opening serial connection to /dev/cu.usbserial-110 (19200 baud)...
[2026-07-27T11:59:15.312Z] [WARN] ⚠️ [SerialPrinter] Failed to open /dev/cu.usbserial-110: | {"raw":"Error: No such file or directory, cannot open /dev/cu.usbserial-110","friendly":"Error: No such file or directory, cannot open /dev/cu.usbserial-110"}
[2026-07-27T11:59:19.316Z] [INFO] 🔄 [SerialPrinter] Retrying automatic reconnect to /dev/cu.usbserial-110...
[2026-07-27T11:59:19.316Z] [INFO] 🖨️ [SerialPrinter] Opening serial connection to /dev/cu.usbserial-110 (19200 baud)...
[2026-07-27T11:59:19.317Z] [WARN] ⚠️ [SerialPrinter] Failed to open /dev/cu.usbserial-110: | {"raw":"Error: No such file or directory, cannot open /dev/cu.usbserial-110","friendly":"Error: No such file or directory, cannot open /dev/cu.usbserial-110"}
[2026-07-27T11:59:23.325Z] [INFO] 🔄 [SerialPrinter] Retrying automatic reconnect to /dev/cu.usbserial-110...
[2026-07-27T11:59:23.327Z] [INFO] 🖨️ [SerialPrinter] Opening serial connection to /dev/cu.usbserial-110 (19200 baud)...
[2026-07-27T11:59:23.327Z] [WARN] ⚠️ [SerialPrinter] Failed to open /dev/cu.usbserial-110: | {"raw":"Error: No such file or directory, cannot open /dev/cu.usbserial-110","friendly":"Error: No such file or directory, cannot open /dev/cu.usbserial-110"}
[2026-07-27T11:59:27.332Z] [INFO] 🔄 [SerialPrinter] Retrying automatic reconnect to /dev/cu.usbserial-110...
[2026-07-27T11:59:27.333Z] [INFO] 🖨️ [SerialPrinter] Opening serial connection to /dev/cu.usbserial-110 (19200 baud)...
[2026-07-27T11:59:27.334Z] [WARN] ⚠️ [SerialPrinter] Failed to open /dev/cu.usbserial-110: | {"raw":"Error: No such file or directory, cannot open /dev/cu.usbserial-110","friendly":"Error: No such file or directory, cannot open /dev/cu.usbserial-110"}
[2026-07-27T11:59:31.337Z] [INFO] 🔄 [SerialPrinter] Retrying automatic reconnect to /dev/cu.usbserial-110...
[2026-07-27T11:59:31.338Z] [INFO] 🖨️ [SerialPrinter] Opening serial connection to /dev/cu.usbserial-110 (19200 baud)...
[2026-07-27T11:59:31.338Z] [WARN] ⚠️ [SerialPrinter] Failed to open /dev/cu.usbserial-110: | {"raw":"Error: No such file or directory, cannot open /dev/cu.usbserial-110","friendly":"Error: No such file or directory, cannot open /dev/cu.usbserial-110"}
[2026-07-27T11:59:35.341Z] [INFO] 🔄 [SerialPrinter] Retrying automatic reconnect to /dev/cu.usbserial-110...
[2026-07-27T11:59:35.341Z] [INFO] 🖨️ [SerialPrinter] Opening serial connection to /dev/cu.usbserial-110 (19200 baud)...
[2026-07-27T11:59:35.341Z] [WARN] ⚠️ [SerialPrinter] Failed to open /dev/cu.usbserial-110: | {"raw":"Error: No such file or directory, cannot open /dev/cu.usbserial-110","friendly":"Error: No such file or directory, cannot open /dev/cu.usbserial-110"}
[2026-07-27T11:59:39.345Z] [INFO] 🔄 [SerialPrinter] Retrying automatic reconnect to /dev/cu.usbserial-110...
[2026-07-27T11:59:39.346Z] [INFO] 🖨️ [SerialPrinter] Opening serial connection to /dev/cu.usbserial-110 (19200 baud)...
[2026-07-27T11:59:39.347Z] [WARN] ⚠️ [SerialPrinter] Failed to open /dev/cu.usbserial-110: | {"raw":"Error: No such file or directory, cannot open /dev/cu.usbserial-110","friendly":"Error: No such file or directory, cannot open /dev/cu.usbserial-110"}
[2026-07-27T11:59:43.352Z] [INFO] 🔄 [SerialPrinter] Retrying automatic reconnect to /dev/cu.usbserial-110...
[2026-07-27T11:59:43.352Z] [INFO] 🖨️ [SerialPrinter] Opening serial connection to /dev/cu.usbserial-110 (19200 baud)...
[2026-07-27T11:59:43.353Z] [WARN] ⚠️ [SerialPrinter] Failed to open /dev/cu.usbserial-110: | {"raw":"Error: No such file or directory, cannot open /dev/cu.usbserial-110","friendly":"Error: No such file or directory, cannot open /dev/cu.usbserial-110"}
[2026-07-27T11:59:47.358Z] [INFO] 🔄 [SerialPrinter] Retrying automatic reconnect to /dev/cu.usbserial-110...
[2026-07-27T11:59:47.359Z] [INFO] 🖨️ [SerialPrinter] Opening serial connection to /dev/cu.usbserial-110 (19200 baud)...
[2026-07-27T11:59:47.360Z] [WARN] ⚠️ [SerialPrinter] Failed to open /dev/cu.usbserial-110: | {"raw":"Error: No such file or directory, cannot open /dev/cu.usbserial-110","friendly":"Error: No such file or directory, cannot open /dev/cu.usbserial-110"}
[2026-07-27T11:59:51.362Z] [INFO] 🔄 [SerialPrinter] Retrying automatic reconnect to /dev/cu.usbserial-110...
[2026-07-27T11:59:51.362Z] [INFO] 🖨️ [SerialPrinter] Opening serial connection to /dev/cu.usbserial-110 (19200 baud)...
[2026-07-27T11:59:51.362Z] [WARN] ⚠️ [SerialPrinter] Failed to open /dev/cu.usbserial-110: | {"raw":"Error: No such file or directory, cannot open /dev/cu.usbserial-110","friendly":"Error: No such file or directory, cannot open /dev/cu.usbserial-110"}
[2026-07-27T11:59:55.366Z] [INFO] 🔄 [SerialPrinter] Retrying automatic reconnect to /dev/cu.usbserial-110...
[2026-07-27T11:59:55.366Z] [INFO] 🖨️ [SerialPrinter] Opening serial connection to /dev/cu.usbserial-110 (19200 baud)...
[2026-07-27T11:59:55.366Z] [WARN] ⚠️ [SerialPrinter] Failed to open /dev/cu.usbserial-110: | {"raw":"Error: No such file or directory, cannot open /dev/cu.usbserial-110","friendly":"Error: No such file or directory, cannot open /dev/cu.usbserial-110"}
[2026-07-27T11:59:59.371Z] [INFO] 🔄 [SerialPrinter] Retrying automatic reconnect to /dev/cu.usbserial-110...
[2026-07-27T11:59:59.371Z] [INFO] 🖨️ [SerialPrinter] Opening serial connection to /dev/cu.usbserial-110 (19200 baud)...
[2026-07-27T11:59:59.371Z] [WARN] ⚠️ [SerialPrinter] Failed to open /dev/cu.usbserial-110: | {"raw":"Error: No such file or directory, cannot open /dev/cu.usbserial-110","friendly":"Error: No such file or directory, cannot open /dev/cu.usbserial-110"}
[2026-07-27T12:00:03.375Z] [INFO] 🔄 [SerialPrinter] Retrying automatic reconnect to /dev/cu.usbserial-110...
[2026-07-27T12:00:03.378Z] [INFO] 🖨️ [SerialPrinter] Opening serial connection to /dev/cu.usbserial-110 (19200 baud)...
[2026-07-27T12:00:03.378Z] [WARN] ⚠️ [SerialPrinter] Failed to open /dev/cu.usbserial-110: | {"raw":"Error: No such file or directory, cannot open /dev/cu.usbserial-110","friendly":"Error: No such file or directory, cannot open /dev/cu.usbserial-110"}
[2026-07-27T12:00:07.383Z] [INFO] 🔄 [SerialPrinter] Retrying automatic reconnect to /dev/cu.usbserial-110...
[2026-07-27T12:00:07.385Z] [INFO] 🖨️ [SerialPrinter] Opening serial connection to /dev/cu.usbserial-110 (19200 baud)...
[2026-07-27T12:00:07.392Z] [WARN] ⚠️ [SerialPrinter] Failed to open /dev/cu.usbserial-110: | {"raw":"Error: No such file or directory, cannot open /dev/cu.usbserial-110","friendly":"Error: No such file or directory, cannot open /dev/cu.usbserial-110"}
[2026-07-27T12:00:11.397Z] [INFO] 🔄 [SerialPrinter] Retrying automatic reconnect to /dev/cu.usbserial-110...
[2026-07-27T12:00:11.398Z] [INFO] 🖨️ [SerialPrinter] Opening serial connection to /dev/cu.usbserial-110 (19200 baud)...
[2026-07-27T12:00:11.399Z] [WARN] ⚠️ [SerialPrinter] Failed to open /dev/cu.usbserial-110: | {"raw":"Error: No such file or directory, cannot open /dev/cu.usbserial-110","friendly":"Error: No such file or directory, cannot open /dev/cu.usbserial-110"}
[2026-07-27T12:00:15.404Z] [INFO] 🔄 [SerialPrinter] Retrying automatic reconnect to /dev/cu.usbserial-110...
[2026-07-27T12:00:15.404Z] [INFO] 🖨️ [SerialPrinter] Opening serial connection to /dev/cu.usbserial-110 (19200 baud)...
[2026-07-27T12:00:15.405Z] [WARN] ⚠️ [SerialPrinter] Failed to open /dev/cu.usbserial-110: | {"raw":"Error: No such file or directory, cannot open /dev/cu.usbserial-110","friendly":"Error: No such file or directory, cannot open /dev/cu.usbserial-110"}
[2026-07-27T12:00:19.410Z] [INFO] 🔄 [SerialPrinter] Retrying automatic reconnect to /dev/cu.usbserial-110...
[2026-07-27T12:00:19.411Z] [INFO] 🖨️ [SerialPrinter] Opening serial connection to /dev/cu.usbserial-110 (19200 baud)...
[2026-07-27T12:00:19.413Z] [WARN] ⚠️ [SerialPrinter] Failed to open /dev/cu.usbserial-110: | {"raw":"Error: No such file or directory, cannot open /dev/cu.usbserial-110","friendly":"Error: No such file or directory, cannot open /dev/cu.usbserial-110"}
[2026-07-27T12:00:23.418Z] [INFO] 🔄 [SerialPrinter] Retrying automatic reconnect to /dev/cu.usbserial-110...
[2026-07-27T12:00:23.419Z] [INFO] 🖨️ [SerialPrinter] Opening serial connection to /dev/cu.usbserial-110 (19200 baud)...
[2026-07-27T12:00:23.419Z] [WARN] ⚠️ [SerialPrinter] Failed to open /dev/cu.usbserial-110: | {"raw":"Error: No such file or directory, cannot open /dev/cu.usbserial-110","friendly":"Error: No such file or directory, cannot open /dev/cu.usbserial-110"}
[2026-07-27T12:00:27.423Z] [INFO] 🔄 [SerialPrinter] Retrying automatic reconnect to /dev/cu.usbserial-110...
[2026-07-27T12:00:27.424Z] [INFO] 🖨️ [SerialPrinter] Opening serial connection to /dev/cu.usbserial-110 (19200 baud)...
[2026-07-27T12:00:27.425Z] [WARN] ⚠️ [SerialPrinter] Failed to open /dev/cu.usbserial-110: | {"raw":"Error: No such file or directory, cannot open /dev/cu.usbserial-110","friendly":"Error: No such file or directory, cannot open /dev/cu.usbserial-110"}
[2026-07-27T12:00:31.429Z] [INFO] 🔄 [SerialPrinter] Retrying automatic reconnect to /dev/cu.usbserial-110...
[2026-07-27T12:00:31.430Z] [INFO] 🖨️ [SerialPrinter] Opening serial connection to /dev/cu.usbserial-110 (19200 baud)...
[2026-07-27T12:00:31.432Z] [WARN] ⚠️ [SerialPrinter] Failed to open /dev/cu.usbserial-110: | {"raw":"Error: No such file or directory, cannot open /dev/cu.usbserial-110","friendly":"Error: No such file or directory, cannot open /dev/cu.usbserial-110"}
[2026-07-27T12:00:35.439Z] [INFO] 🔄 [SerialPrinter] Retrying automatic reconnect to /dev/cu.usbserial-110...
[2026-07-27T12:00:35.440Z] [INFO] 🖨️ [SerialPrinter] Opening serial connection to /dev/cu.usbserial-110 (19200 baud)...
[2026-07-27T12:00:35.441Z] [WARN] ⚠️ [SerialPrinter] Failed to open /dev/cu.usbserial-110: | {"raw":"Error: No such file or directory, cannot open /dev/cu.usbserial-110","friendly":"Error: No such file or directory, cannot open /dev/cu.usbserial-110"}
[2026-07-27T12:00:39.447Z] [INFO] 🔄 [SerialPrinter] Retrying automatic reconnect to /dev/cu.usbserial-110...
[2026-07-27T12:00:39.447Z] [INFO] 🖨️ [SerialPrinter] Opening serial connection to /dev/cu.usbserial-110 (19200 baud)...
[2026-07-27T12:00:39.447Z] [WARN] ⚠️ [SerialPrinter] Failed to open /dev/cu.usbserial-110: | {"raw":"Error: No such file or directory, cannot open /dev/cu.usbserial-110","friendly":"Error: No such file or directory, cannot open /dev/cu.usbserial-110"}
[2026-07-27T12:00:43.452Z] [INFO] 🔄 [SerialPrinter] Retrying automatic reconnect to /dev/cu.usbserial-110...
[2026-07-27T12:00:43.453Z] [INFO] 🖨️ [SerialPrinter] Opening serial connection to /dev/cu.usbserial-110 (19200 baud)...
[2026-07-27T12:00:43.454Z] [WARN] ⚠️ [SerialPrinter] Failed to open /dev/cu.usbserial-110: | {"raw":"Error: No such file or directory, cannot open /dev/cu.usbserial-110","friendly":"Error: No such file or directory, cannot open /dev/cu.usbserial-110"}
[2026-07-27T12:00:47.456Z] [INFO] 🔄 [SerialPrinter] Retrying automatic reconnect to /dev/cu.usbserial-110...
[2026-07-27T12:00:47.459Z] [INFO] 🖨️ [SerialPrinter] Opening serial connection to /dev/cu.usbserial-110 (19200 baud)...
[2026-07-27T12:00:47.459Z] [WARN] ⚠️ [SerialPrinter] Failed to open /dev/cu.usbserial-110: | {"raw":"Error: No such file or directory, cannot open /dev/cu.usbserial-110","friendly":"Error: No such file or directory, cannot open /dev/cu.usbserial-110"}
[2026-07-27T12:00:51.463Z] [INFO] 🔄 [SerialPrinter] Retrying automatic reconnect to /dev/cu.usbserial-110...
[2026-07-27T12:00:51.463Z] [INFO] 🖨️ [SerialPrinter] Opening serial connection to /dev/cu.usbserial-110 (19200 baud)...
[2026-07-27T12:00:51.463Z] [WARN] ⚠️ [SerialPrinter] Failed to open /dev/cu.usbserial-110: | {"raw":"Error: No such file or directory, cannot open /dev/cu.usbserial-110","friendly":"Error: No such file or directory, cannot open /dev/cu.usbserial-110"}
[2026-07-27T12:00:55.467Z] [INFO] 🔄 [SerialPrinter] Retrying automatic reconnect to /dev/cu.usbserial-110...
[2026-07-27T12:00:55.467Z] [INFO] 🖨️ [SerialPrinter] Opening serial connection to /dev/cu.usbserial-110 (19200 baud)...
[2026-07-27T12:00:55.468Z] [WARN] ⚠️ [SerialPrinter] Failed to open /dev/cu.usbserial-110: | {"raw":"Error: No such file or directory, cannot open /dev/cu.usbserial-110","friendly":"Error: No such file or directory, cannot open /dev/cu.usbserial-110"}
[2026-07-27T12:00:59.472Z] [INFO] 🔄 [SerialPrinter] Retrying automatic reconnect to /dev/cu.usbserial-110...
[2026-07-27T12:00:59.472Z] [INFO] 🖨️ [SerialPrinter] Opening serial connection to /dev/cu.usbserial-110 (19200 baud)...
[2026-07-27T12:00:59.472Z] [WARN] ⚠️ [SerialPrinter] Failed to open /dev/cu.usbserial-110: | {"raw":"Error: No such file or directory, cannot open /dev/cu.usbserial-110","friendly":"Error: No such file or directory, cannot open /dev/cu.usbserial-110"}
[2026-07-27T12:01:03.475Z] [INFO] 🔄 [SerialPrinter] Retrying automatic reconnect to /dev/cu.usbserial-110...
[2026-07-27T12:01:03.476Z] [INFO] 🖨️ [SerialPrinter] Opening serial connection to /dev/cu.usbserial-110 (19200 baud)...
[2026-07-27T12:01:03.476Z] [WARN] ⚠️ [SerialPrinter] Failed to open /dev/cu.usbserial-110: | {"raw":"Error: No such file or directory, cannot open /dev/cu.usbserial-110","friendly":"Error: No such file or directory, cannot open /dev/cu.usbserial-110"}
[2026-07-27T12:01:07.479Z] [INFO] 🔄 [SerialPrinter] Retrying automatic reconnect to /dev/cu.usbserial-110...
[2026-07-27T12:01:07.479Z] [INFO] 🖨️ [SerialPrinter] Opening serial connection to /dev/cu.usbserial-110 (19200 baud)...
[2026-07-27T12:01:07.480Z] [WARN] ⚠️ [SerialPrinter] Failed to open /dev/cu.usbserial-110: | {"raw":"Error: No such file or directory, cannot open /dev/cu.usbserial-110","friendly":"Error: No such file or directory, cannot open /dev/cu.usbserial-110"}
[2026-07-27T12:01:11.484Z] [INFO] 🔄 [SerialPrinter] Retrying automatic reconnect to /dev/cu.usbserial-110...
[2026-07-27T12:01:11.484Z] [INFO] 🖨️ [SerialPrinter] Opening serial connection to /dev/cu.usbserial-110 (19200 baud)...
[2026-07-27T12:01:11.485Z] [WARN] ⚠️ [SerialPrinter] Failed to open /dev/cu.usbserial-110: | {"raw":"Error: No such file or directory, cannot open /dev/cu.usbserial-110","friendly":"Error: No such file or directory, cannot open /dev/cu.usbserial-110"}
[2026-07-27T12:01:15.489Z] [INFO] 🔄 [SerialPrinter] Retrying automatic reconnect to /dev/cu.usbserial-110...
[2026-07-27T12:01:15.490Z] [INFO] 🖨️ [SerialPrinter] Opening serial connection to /dev/cu.usbserial-110 (19200 baud)...
[2026-07-27T12:01:15.490Z] [WARN] ⚠️ [SerialPrinter] Failed to open /dev/cu.usbserial-110: | {"raw":"Error: No such file or directory, cannot open /dev/cu.usbserial-110","friendly":"Error: No such file or directory, cannot open /dev/cu.usbserial-110"}
[2026-07-27T12:01:19.494Z] [INFO] 🔄 [SerialPrinter] Retrying automatic reconnect to /dev/cu.usbserial-110...
[2026-07-27T12:01:19.494Z] [INFO] 🖨️ [SerialPrinter] Opening serial connection to /dev/cu.usbserial-110 (19200 baud)...
[2026-07-27T12:01:19.495Z] [WARN] ⚠️ [SerialPrinter] Failed to open /dev/cu.usbserial-110: | {"raw":"Error: No such file or directory, cannot open /dev/cu.usbserial-110","friendly":"Error: No such file or directory, cannot open /dev/cu.usbserial-110"}
[2026-07-27T12:01:23.574Z] [INFO] 🔄 [SerialPrinter] Retrying automatic reconnect to /dev/cu.usbserial-110...
[2026-07-27T12:01:23.574Z] [INFO] 🖨️ [SerialPrinter] Opening serial connection to /dev/cu.usbserial-110 (19200 baud)...
[2026-07-27T12:01:23.575Z] [WARN] ⚠️ [SerialPrinter] Failed to open /dev/cu.usbserial-110: | {"raw":"Error: No such file or directory, cannot open /dev/cu.usbserial-110","friendly":"Error: No such file or directory, cannot open /dev/cu.usbserial-110"}
[2026-07-27T12:01:27.578Z] [INFO] 🔄 [SerialPrinter] Retrying automatic reconnect to /dev/cu.usbserial-110...
[2026-07-27T12:01:27.578Z] [INFO] 🖨️ [SerialPrinter] Opening serial connection to /dev/cu.usbserial-110 (19200 baud)...
[2026-07-27T12:01:27.579Z] [WARN] ⚠️ [SerialPrinter] Failed to open /dev/cu.usbserial-110: | {"raw":"Error: No such file or directory, cannot open /dev/cu.usbserial-110","friendly":"Error: No such file or directory, cannot open /dev/cu.usbserial-110"}
[2026-07-27T12:01:31.583Z] [INFO] 🔄 [SerialPrinter] Retrying automatic reconnect to /dev/cu.usbserial-110...
[2026-07-27T12:01:31.584Z] [INFO] 🖨️ [SerialPrinter] Opening serial connection to /dev/cu.usbserial-110 (19200 baud)...
[2026-07-27T12:01:31.584Z] [WARN] ⚠️ [SerialPrinter] Failed to open /dev/cu.usbserial-110: | {"raw":"Error: No such file or directory, cannot open /dev/cu.usbserial-110","friendly":"Error: No such file or directory, cannot open /dev/cu.usbserial-110"}
[2026-07-27T12:01:35.589Z] [INFO] 🔄 [SerialPrinter] Retrying automatic reconnect to /dev/cu.usbserial-110...
[2026-07-27T12:01:35.589Z] [INFO] 🖨️ [SerialPrinter] Opening serial connection to /dev/cu.usbserial-110 (19200 baud)...
[2026-07-27T12:01:35.590Z] [WARN] ⚠️ [SerialPrinter] Failed to open /dev/cu.usbserial-110: | {"raw":"Error: No such file or directory, cannot open /dev/cu.usbserial-110","friendly":"Error: No such file or directory, cannot open /dev/cu.usbserial-110"}
[2026-07-27T12:01:39.594Z] [INFO] 🔄 [SerialPrinter] Retrying automatic reconnect to /dev/cu.usbserial-110...
[2026-07-27T12:01:39.594Z] [INFO] 🖨️ [SerialPrinter] Opening serial connection to /dev/cu.usbserial-110 (19200 baud)...
[2026-07-27T12:01:39.595Z] [WARN] ⚠️ [SerialPrinter] Failed to open /dev/cu.usbserial-110: | {"raw":"Error: No such file or directory, cannot open /dev/cu.usbserial-110","friendly":"Error: No such file or directory, cannot open /dev/cu.usbserial-110"}
[2026-07-27T12:01:43.598Z] [INFO] 🔄 [SerialPrinter] Retrying automatic reconnect to /dev/cu.usbserial-110...
[2026-07-27T12:01:43.599Z] [INFO] 🖨️ [SerialPrinter] Opening serial connection to /dev/cu.usbserial-110 (19200 baud)...
[2026-07-27T12:01:43.599Z] [WARN] ⚠️ [SerialPrinter] Failed to open /dev/cu.usbserial-110: | {"raw":"Error: No such file or directory, cannot open /dev/cu.usbserial-110","friendly":"Error: No such file or directory, cannot open /dev/cu.usbserial-110"}
[2026-07-27T12:01:47.602Z] [INFO] 🔄 [SerialPrinter] Retrying automatic reconnect to /dev/cu.usbserial-110...
[2026-07-27T12:01:47.603Z] [INFO] 🖨️ [SerialPrinter] Opening serial connection to /dev/cu.usbserial-110 (19200 baud)...
[2026-07-27T12:01:47.604Z] [WARN] ⚠️ [SerialPrinter] Failed to open /dev/cu.usbserial-110: | {"raw":"Error: No such file or directory, cannot open /dev/cu.usbserial-110","friendly":"Error: No such file or directory, cannot open /dev/cu.usbserial-110"}
[2026-07-27T12:01:51.608Z] [INFO] 🔄 [SerialPrinter] Retrying automatic reconnect to /dev/cu.usbserial-110...
[2026-07-27T12:01:51.609Z] [INFO] 🖨️ [SerialPrinter] Opening serial connection to /dev/cu.usbserial-110 (19200 baud)...
[2026-07-27T12:01:51.610Z] [WARN] ⚠️ [SerialPrinter] Failed to open /dev/cu.usbserial-110: | {"raw":"Error: No such file or directory, cannot open /dev/cu.usbserial-110","friendly":"Error: No such file or directory, cannot open /dev/cu.usbserial-110"}
[2026-07-27T12:01:55.614Z] [INFO] 🔄 [SerialPrinter] Retrying automatic reconnect to /dev/cu.usbserial-110...
[2026-07-27T12:01:55.614Z] [INFO] 🖨️ [SerialPrinter] Opening serial connection to /dev/cu.usbserial-110 (19200 baud)...
[2026-07-27T12:01:55.615Z] [WARN] ⚠️ [SerialPrinter] Failed to open /dev/cu.usbserial-110: | {"raw":"Error: No such file or directory, cannot open /dev/cu.usbserial-110","friendly":"Error: No such file or directory, cannot open /dev/cu.usbserial-110"}
[2026-07-27T12:01:59.619Z] [INFO] 🔄 [SerialPrinter] Retrying automatic reconnect to /dev/cu.usbserial-110...
[2026-07-27T12:01:59.621Z] [INFO] 🖨️ [SerialPrinter] Opening serial connection to /dev/cu.usbserial-110 (19200 baud)...
[2026-07-27T12:01:59.622Z] [WARN] ⚠️ [SerialPrinter] Failed to open /dev/cu.usbserial-110: | {"raw":"Error: No such file or directory, cannot open /dev/cu.usbserial-110","friendly":"Error: No such file or directory, cannot open /dev/cu.usbserial-110"}
[2026-07-27T12:02:03.626Z] [INFO] 🔄 [SerialPrinter] Retrying automatic reconnect to /dev/cu.usbserial-110...
[2026-07-27T12:02:03.626Z] [INFO] 🖨️ [SerialPrinter] Opening serial connection to /dev/cu.usbserial-110 (19200 baud)...
[2026-07-27T12:02:03.626Z] [WARN] ⚠️ [SerialPrinter] Failed to open /dev/cu.usbserial-110: | {"raw":"Error: No such file or directory, cannot open /dev/cu.usbserial-110","friendly":"Error: No such file or directory, cannot open /dev/cu.usbserial-110"}
[2026-07-27T12:02:07.630Z] [INFO] 🔄 [SerialPrinter] Retrying automatic reconnect to /dev/cu.usbserial-110...
[2026-07-27T12:02:07.631Z] [INFO] 🖨️ [SerialPrinter] Opening serial connection to /dev/cu.usbserial-110 (19200 baud)...
[2026-07-27T12:02:07.633Z] [WARN] ⚠️ [SerialPrinter] Failed to open /dev/cu.usbserial-110: | {"raw":"Error: No such file or directory, cannot open /dev/cu.usbserial-110","friendly":"Error: No such file or directory, cannot open /dev/cu.usbserial-110"}
[2026-07-27T12:02:11.637Z] [INFO] 🔄 [SerialPrinter] Retrying automatic reconnect to /dev/cu.usbserial-110...
[2026-07-27T12:02:11.637Z] [INFO] 🖨️ [SerialPrinter] Opening serial connection to /dev/cu.usbserial-110 (19200 baud)...
[2026-07-27T12:02:11.638Z] [WARN] ⚠️ [SerialPrinter] Failed to open /dev/cu.usbserial-110: | {"raw":"Error: No such file or directory, cannot open /dev/cu.usbserial-110","friendly":"Error: No such file or directory, cannot open /dev/cu.usbserial-110"}
[2026-07-27T12:02:15.642Z] [INFO] 🔄 [SerialPrinter] Retrying automatic reconnect to /dev/cu.usbserial-110...
[2026-07-27T12:02:15.643Z] [INFO] 🖨️ [SerialPrinter] Opening serial connection to /dev/cu.usbserial-110 (19200 baud)...
[2026-07-27T12:02:15.643Z] [WARN] ⚠️ [SerialPrinter] Failed to open /dev/cu.usbserial-110: | {"raw":"Error: No such file or directory, cannot open /dev/cu.usbserial-110","friendly":"Error: No such file or directory, cannot open /dev/cu.usbserial-110"}
[2026-07-27T12:02:19.646Z] [INFO] 🔄 [SerialPrinter] Retrying automatic reconnect to /dev/cu.usbserial-110...
[2026-07-27T12:02:19.647Z] [INFO] 🖨️ [SerialPrinter] Opening serial connection to /dev/cu.usbserial-110 (19200 baud)...
[2026-07-27T12:02:19.647Z] [WARN] ⚠️ [SerialPrinter] Failed to open /dev/cu.usbserial-110: | {"raw":"Error: No such file or directory, cannot open /dev/cu.usbserial-110","friendly":"Error: No such file or directory, cannot open /dev/cu.usbserial-110"}
[2026-07-27T12:02:23.650Z] [INFO] 🔄 [SerialPrinter] Retrying automatic reconnect to /dev/cu.usbserial-110...
[2026-07-27T12:02:23.651Z] [INFO] 🖨️ [SerialPrinter] Opening serial connection to /dev/cu.usbserial-110 (19200 baud)...
[2026-07-27T12:02:23.652Z] [WARN] ⚠️ [SerialPrinter] Failed to open /dev/cu.usbserial-110: | {"raw":"Error: No such file or directory, cannot open /dev/cu.usbserial-110","friendly":"Error: No such file or directory, cannot open /dev/cu.usbserial-110"}
[2026-07-27T12:02:27.656Z] [INFO] 🔄 [SerialPrinter] Retrying automatic reconnect to /dev/cu.usbserial-110...
[2026-07-27T12:02:27.659Z] [INFO] 🖨️ [SerialPrinter] Opening serial connection to /dev/cu.usbserial-110 (19200 baud)...
[2026-07-27T12:02:27.659Z] [WARN] ⚠️ [SerialPrinter] Failed to open /dev/cu.usbserial-110: | {"raw":"Error: No such file or directory, cannot open /dev/cu.usbserial-110","friendly":"Error: No such file or directory, cannot open /dev/cu.usbserial-110"}
[2026-07-27T12:02:31.662Z] [INFO] 🔄 [SerialPrinter] Retrying automatic reconnect to /dev/cu.usbserial-110...
[2026-07-27T12:02:31.663Z] [INFO] 🖨️ [SerialPrinter] Opening serial connection to /dev/cu.usbserial-110 (19200 baud)...
[2026-07-27T12:02:31.663Z] [WARN] ⚠️ [SerialPrinter] Failed to open /dev/cu.usbserial-110: | {"raw":"Error: No such file or directory, cannot open /dev/cu.usbserial-110","friendly":"Error: No such file or directory, cannot open /dev/cu.usbserial-110"}
[2026-07-27T12:02:35.667Z] [INFO] 🔄 [SerialPrinter] Retrying automatic reconnect to /dev/cu.usbserial-110...
[2026-07-27T12:02:35.668Z] [INFO] 🖨️ [SerialPrinter] Opening serial connection to /dev/cu.usbserial-110 (19200 baud)...
[2026-07-27T12:02:35.668Z] [WARN] ⚠️ [SerialPrinter] Failed to open /dev/cu.usbserial-110: | {"raw":"Error: No such file or directory, cannot open /dev/cu.usbserial-110","friendly":"Error: No such file or directory, cannot open /dev/cu.usbserial-110"}
[2026-07-27T12:02:39.672Z] [INFO] 🔄 [SerialPrinter] Retrying automatic reconnect to /dev/cu.usbserial-110...
[2026-07-27T12:02:39.673Z] [INFO] 🖨️ [SerialPrinter] Opening serial connection to /dev/cu.usbserial-110 (19200 baud)...
[2026-07-27T12:02:39.673Z] [WARN] ⚠️ [SerialPrinter] Failed to open /dev/cu.usbserial-110: | {"raw":"Error: No such file or directory, cannot open /dev/cu.usbserial-110","friendly":"Error: No such file or directory, cannot open /dev/cu.usbserial-110"}
[2026-07-27T12:02:43.678Z] [INFO] 🔄 [SerialPrinter] Retrying automatic reconnect to /dev/cu.usbserial-110...
[2026-07-27T12:02:43.679Z] [INFO] 🖨️ [SerialPrinter] Opening serial connection to /dev/cu.usbserial-110 (19200 baud)...
[2026-07-27T12:02:43.679Z] [WARN] ⚠️ [SerialPrinter] Failed to open /dev/cu.usbserial-110: | {"raw":"Error: No such file or directory, cannot open /dev/cu.usbserial-110","friendly":"Error: No such file or directory, cannot open /dev/cu.usbserial-110"}
[2026-07-27T12:02:47.683Z] [INFO] 🔄 [SerialPrinter] Retrying automatic reconnect to /dev/cu.usbserial-110...
[2026-07-27T12:02:47.684Z] [INFO] 🖨️ [SerialPrinter] Opening serial connection to /dev/cu.usbserial-110 (19200 baud)...
[2026-07-27T12:02:47.685Z] [WARN] ⚠️ [SerialPrinter] Failed to open /dev/cu.usbserial-110: | {"raw":"Error: No such file or directory, cannot open /dev/cu.usbserial-110","friendly":"Error: No such file or directory, cannot open /dev/cu.usbserial-110"}
[2026-07-27T12:02:51.688Z] [INFO] 🔄 [SerialPrinter] Retrying automatic reconnect to /dev/cu.usbserial-110...
[2026-07-27T12:02:51.688Z] [INFO] 🖨️ [SerialPrinter] Opening serial connection to /dev/cu.usbserial-110 (19200 baud)...
[2026-07-27T12:02:51.689Z] [WARN] ⚠️ [SerialPrinter] Failed to open /dev/cu.usbserial-110: | {"raw":"Error: No such file or directory, cannot open /dev/cu.usbserial-110","friendly":"Error: No such file or directory, cannot open /dev/cu.usbserial-110"}
[2026-07-27T12:02:55.692Z] [INFO] 🔄 [SerialPrinter] Retrying automatic reconnect to /dev/cu.usbserial-110...
[2026-07-27T12:02:55.693Z] [INFO] 🖨️ [SerialPrinter] Opening serial connection to /dev/cu.usbserial-110 (19200 baud)...
[2026-07-27T12:02:55.693Z] [WARN] ⚠️ [SerialPrinter] Failed to open /dev/cu.usbserial-110: | {"raw":"Error: No such file or directory, cannot open /dev/cu.usbserial-110","friendly":"Error: No such file or directory, cannot open /dev/cu.usbserial-110"}
[2026-07-27T12:02:59.696Z] [INFO] 🔄 [SerialPrinter] Retrying automatic reconnect to /dev/cu.usbserial-110...
[2026-07-27T12:02:59.697Z] [INFO] 🖨️ [SerialPrinter] Opening serial connection to /dev/cu.usbserial-110 (19200 baud)...
[2026-07-27T12:02:59.697Z] [WARN] ⚠️ [SerialPrinter] Failed to open /dev/cu.usbserial-110: | {"raw":"Error: No such file or directory, cannot open /dev/cu.usbserial-110","friendly":"Error: No such file or directory, cannot open /dev/cu.usbserial-110"}
[2026-07-27T12:03:03.700Z] [INFO] 🔄 [SerialPrinter] Retrying automatic reconnect to /dev/cu.usbserial-110...
[2026-07-27T12:03:03.701Z] [INFO] 🖨️ [SerialPrinter] Opening serial connection to /dev/cu.usbserial-110 (19200 baud)...
[2026-07-27T12:03:03.701Z] [WARN] ⚠️ [SerialPrinter] Failed to open /dev/cu.usbserial-110: | {"raw":"Error: No such file or directory, cannot open /dev/cu.usbserial-110","friendly":"Error: No such file or directory, cannot open /dev/cu.usbserial-110"}
[2026-07-27T12:03:07.705Z] [INFO] 🔄 [SerialPrinter] Retrying automatic reconnect to /dev/cu.usbserial-110...
[2026-07-27T12:03:07.706Z] [INFO] 🖨️ [SerialPrinter] Opening serial connection to /dev/cu.usbserial-110 (19200 baud)...
[2026-07-27T12:03:07.709Z] [WARN] ⚠️ [SerialPrinter] Failed to open /dev/cu.usbserial-110: | {"raw":"Error: No such file or directory, cannot open /dev/cu.usbserial-110","friendly":"Error: No such file or directory, cannot open /dev/cu.usbserial-110"}
[2026-07-27T12:03:11.716Z] [INFO] 🔄 [SerialPrinter] Retrying automatic reconnect to /dev/cu.usbserial-110...
[2026-07-27T12:03:11.718Z] [INFO] 🖨️ [SerialPrinter] Opening serial connection to /dev/cu.usbserial-110 (19200 baud)...
[2026-07-27T12:03:11.720Z] [WARN] ⚠️ [SerialPrinter] Failed to open /dev/cu.usbserial-110: | {"raw":"Error: No such file or directory, cannot open /dev/cu.usbserial-110","friendly":"Error: No such file or directory, cannot open /dev/cu.usbserial-110"}
[2026-07-27T12:03:15.726Z] [INFO] 🔄 [SerialPrinter] Retrying automatic reconnect to /dev/cu.usbserial-110...
[2026-07-27T12:03:15.727Z] [INFO] 🖨️ [SerialPrinter] Opening serial connection to /dev/cu.usbserial-110 (19200 baud)...
[2026-07-27T12:03:15.728Z] [WARN] ⚠️ [SerialPrinter] Failed to open /dev/cu.usbserial-110: | {"raw":"Error: No such file or directory, cannot open /dev/cu.usbserial-110","friendly":"Error: No such file or directory, cannot open /dev/cu.usbserial-110"}
[2026-07-27T12:03:19.731Z] [INFO] 🔄 [SerialPrinter] Retrying automatic reconnect to /dev/cu.usbserial-110...
[2026-07-27T12:03:19.731Z] [INFO] 🖨️ [SerialPrinter] Opening serial connection to /dev/cu.usbserial-110 (19200 baud)...
[2026-07-27T12:03:19.731Z] [WARN] ⚠️ [SerialPrinter] Failed to open /dev/cu.usbserial-110: | {"raw":"Error: No such file or directory, cannot open /dev/cu.usbserial-110","friendly":"Error: No such file or directory, cannot open /dev/cu.usbserial-110"}
[2026-07-27T12:03:23.735Z] [INFO] 🔄 [SerialPrinter] Retrying automatic reconnect to /dev/cu.usbserial-110...
[2026-07-27T12:03:23.736Z] [INFO] 🖨️ [SerialPrinter] Opening serial connection to /dev/cu.usbserial-110 (19200 baud)...
[2026-07-27T12:03:23.736Z] [WARN] ⚠️ [SerialPrinter] Failed to open /dev/cu.usbserial-110: | {"raw":"Error: No such file or directory, cannot open /dev/cu.usbserial-110","friendly":"Error: No such file or directory, cannot open /dev/cu.usbserial-110"}
[2026-07-27T12:03:27.740Z] [INFO] 🔄 [SerialPrinter] Retrying automatic reconnect to /dev/cu.usbserial-110...
[2026-07-27T12:03:27.740Z] [INFO] 🖨️ [SerialPrinter] Opening serial connection to /dev/cu.usbserial-110 (19200 baud)...
[2026-07-27T12:03:27.740Z] [WARN] ⚠️ [SerialPrinter] Failed to open /dev/cu.usbserial-110: | {"raw":"Error: No such file or directory, cannot open /dev/cu.usbserial-110","friendly":"Error: No such file or directory, cannot open /dev/cu.usbserial-110"}
[2026-07-27T12:03:31.745Z] [INFO] 🔄 [SerialPrinter] Retrying automatic reconnect to /dev/cu.usbserial-110...
[2026-07-27T12:03:31.746Z] [INFO] 🖨️ [SerialPrinter] Opening serial connection to /dev/cu.usbserial-110 (19200 baud)...
[2026-07-27T12:03:31.747Z] [WARN] ⚠️ [SerialPrinter] Failed to open /dev/cu.usbserial-110: | {"raw":"Error: No such file or directory, cannot open /dev/cu.usbserial-110","friendly":"Error: No such file or directory, cannot open /dev/cu.usbserial-110"}
[2026-07-27T12:03:35.752Z] [INFO] 🔄 [SerialPrinter] Retrying automatic reconnect to /dev/cu.usbserial-110...
[2026-07-27T12:03:35.753Z] [INFO] 🖨️ [SerialPrinter] Opening serial connection to /dev/cu.usbserial-110 (19200 baud)...
[2026-07-27T12:03:35.754Z] [WARN] ⚠️ [SerialPrinter] Failed to open /dev/cu.usbserial-110: | {"raw":"Error: No such file or directory, cannot open /dev/cu.usbserial-110","friendly":"Error: No such file or directory, cannot open /dev/cu.usbserial-110"}
[2026-07-27T12:03:39.758Z] [INFO] 🔄 [SerialPrinter] Retrying automatic reconnect to /dev/cu.usbserial-110...
[2026-07-27T12:03:39.758Z] [INFO] 🖨️ [SerialPrinter] Opening serial connection to /dev/cu.usbserial-110 (19200 baud)...
[2026-07-27T12:03:39.759Z] [WARN] ⚠️ [SerialPrinter] Failed to open /dev/cu.usbserial-110: | {"raw":"Error: No such file or directory, cannot open /dev/cu.usbserial-110","friendly":"Error: No such file or directory, cannot open /dev/cu.usbserial-110"}
[2026-07-27T12:03:43.763Z] [INFO] 🔄 [SerialPrinter] Retrying automatic reconnect to /dev/cu.usbserial-110...
[2026-07-27T12:03:43.764Z] [INFO] 🖨️ [SerialPrinter] Opening serial connection to /dev/cu.usbserial-110 (19200 baud)...
[2026-07-27T12:03:43.765Z] [WARN] ⚠️ [SerialPrinter] Failed to open /dev/cu.usbserial-110: | {"raw":"Error: No such file or directory, cannot open /dev/cu.usbserial-110","friendly":"Error: No such file or directory, cannot open /dev/cu.usbserial-110"}
[2026-07-27T12:03:47.771Z] [INFO] 🔄 [SerialPrinter] Retrying automatic reconnect to /dev/cu.usbserial-110...
[2026-07-27T12:03:47.772Z] [INFO] 🖨️ [SerialPrinter] Opening serial connection to /dev/cu.usbserial-110 (19200 baud)...
[2026-07-27T12:03:47.772Z] [WARN] ⚠️ [SerialPrinter] Failed to open /dev/cu.usbserial-110: | {"raw":"Error: No such file or directory, cannot open /dev/cu.usbserial-110","friendly":"Error: No such file or directory, cannot open /dev/cu.usbserial-110"}
[2026-07-27T12:03:51.778Z] [INFO] 🔄 [SerialPrinter] Retrying automatic reconnect to /dev/cu.usbserial-110...
[2026-07-27T12:03:51.778Z] [INFO] 🖨️ [SerialPrinter] Opening serial connection to /dev/cu.usbserial-110 (19200 baud)...
[2026-07-27T12:03:51.778Z] [WARN] ⚠️ [SerialPrinter] Failed to open /dev/cu.usbserial-110: | {"raw":"Error: No such file or directory, cannot open /dev/cu.usbserial-110","friendly":"Error: No such file or directory, cannot open /dev/cu.usbserial-110"}
[2026-07-27T12:03:55.785Z] [INFO] 🔄 [SerialPrinter] Retrying automatic reconnect to /dev/cu.usbserial-110...
[2026-07-27T12:03:55.786Z] [INFO] 🖨️ [SerialPrinter] Opening serial connection to /dev/cu.usbserial-110 (19200 baud)...
[2026-07-27T12:03:55.787Z] [WARN] ⚠️ [SerialPrinter] Failed to open /dev/cu.usbserial-110: | {"raw":"Error: No such file or directory, cannot open /dev/cu.usbserial-110","friendly":"Error: No such file or directory, cannot open /dev/cu.usbserial-110"}
[2026-07-27T12:03:59.792Z] [INFO] 🔄 [SerialPrinter] Retrying automatic reconnect to /dev/cu.usbserial-110...
[2026-07-27T12:03:59.792Z] [INFO] 🖨️ [SerialPrinter] Opening serial connection to /dev/cu.usbserial-110 (19200 baud)...
[2026-07-27T12:03:59.792Z] [WARN] ⚠️ [SerialPrinter] Failed to open /dev/cu.usbserial-110: | {"raw":"Error: No such file or directory, cannot open /dev/cu.usbserial-110","friendly":"Error: No such file or directory, cannot open /dev/cu.usbserial-110"}
[2026-07-27T12:04:03.798Z] [INFO] 🔄 [SerialPrinter] Retrying automatic reconnect to /dev/cu.usbserial-110...
[2026-07-27T12:04:03.799Z] [INFO] 🖨️ [SerialPrinter] Opening serial connection to /dev/cu.usbserial-110 (19200 baud)...
[2026-07-27T12:04:03.799Z] [WARN] ⚠️ [SerialPrinter] Failed to open /dev/cu.usbserial-110: | {"raw":"Error: No such file or directory, cannot open /dev/cu.usbserial-110","friendly":"Error: No such file or directory, cannot open /dev/cu.usbserial-110"}
[2026-07-27T12:04:07.804Z] [INFO] 🔄 [SerialPrinter] Retrying automatic reconnect to /dev/cu.usbserial-110...
[2026-07-27T12:04:07.805Z] [INFO] 🖨️ [SerialPrinter] Opening serial connection to /dev/cu.usbserial-110 (19200 baud)...
[2026-07-27T12:04:07.805Z] [WARN] ⚠️ [SerialPrinter] Failed to open /dev/cu.usbserial-110: | {"raw":"Error: No such file or directory, cannot open /dev/cu.usbserial-110","friendly":"Error: No such file or directory, cannot open /dev/cu.usbserial-110"}
[2026-07-27T12:04:11.811Z] [INFO] 🔄 [SerialPrinter] Retrying automatic reconnect to /dev/cu.usbserial-110...
[2026-07-27T12:04:11.811Z] [INFO] 🖨️ [SerialPrinter] Opening serial connection to /dev/cu.usbserial-110 (19200 baud)...
[2026-07-27T12:04:11.812Z] [WARN] ⚠️ [SerialPrinter] Failed to open /dev/cu.usbserial-110: | {"raw":"Error: No such file or directory, cannot open /dev/cu.usbserial-110","friendly":"Error: No such file or directory, cannot open /dev/cu.usbserial-110"}
[2026-07-27T12:04:15.817Z] [INFO] 🔄 [SerialPrinter] Retrying automatic reconnect to /dev/cu.usbserial-110...
[2026-07-27T12:04:15.818Z] [INFO] 🖨️ [SerialPrinter] Opening serial connection to /dev/cu.usbserial-110 (19200 baud)...
[2026-07-27T12:04:15.818Z] [WARN] ⚠️ [SerialPrinter] Failed to open /dev/cu.usbserial-110: | {"raw":"Error: No such file or directory, cannot open /dev/cu.usbserial-110","friendly":"Error: No such file or directory, cannot open /dev/cu.usbserial-110"}
[2026-07-27T12:04:19.824Z] [INFO] 🔄 [SerialPrinter] Retrying automatic reconnect to /dev/cu.usbserial-110...
[2026-07-27T12:04:19.824Z] [INFO] 🖨️ [SerialPrinter] Opening serial connection to /dev/cu.usbserial-110 (19200 baud)...
[2026-07-27T12:04:19.824Z] [WARN] ⚠️ [SerialPrinter] Failed to open /dev/cu.usbserial-110: | {"raw":"Error: No such file or directory, cannot open /dev/cu.usbserial-110","friendly":"Error: No such file or directory, cannot open /dev/cu.usbserial-110"}
[2026-07-27T12:04:23.829Z] [INFO] 🔄 [SerialPrinter] Retrying automatic reconnect to /dev/cu.usbserial-110...
[2026-07-27T12:04:23.831Z] [INFO] 🖨️ [SerialPrinter] Opening serial connection to /dev/cu.usbserial-110 (19200 baud)...
[2026-07-27T12:04:23.831Z] [WARN] ⚠️ [SerialPrinter] Failed to open /dev/cu.usbserial-110: | {"raw":"Error: No such file or directory, cannot open /dev/cu.usbserial-110","friendly":"Error: No such file or directory, cannot open /dev/cu.usbserial-110"}
[2026-07-27T12:04:27.837Z] [INFO] 🔄 [SerialPrinter] Retrying automatic reconnect to /dev/cu.usbserial-110...
[2026-07-27T12:04:27.837Z] [INFO] 🖨️ [SerialPrinter] Opening serial connection to /dev/cu.usbserial-110 (19200 baud)...
[2026-07-27T12:04:27.838Z] [WARN] ⚠️ [SerialPrinter] Failed to open /dev/cu.usbserial-110: | {"raw":"Error: No such file or directory, cannot open /dev/cu.usbserial-110","friendly":"Error: No such file or directory, cannot open /dev/cu.usbserial-110"}
[2026-07-27T12:04:31.844Z] [INFO] 🔄 [SerialPrinter] Retrying automatic reconnect to /dev/cu.usbserial-110...
[2026-07-27T12:04:31.844Z] [INFO] 🖨️ [SerialPrinter] Opening serial connection to /dev/cu.usbserial-110 (19200 baud)...
[2026-07-27T12:04:31.845Z] [WARN] ⚠️ [SerialPrinter] Failed to open /dev/cu.usbserial-110: | {"raw":"Error: No such file or directory, cannot open /dev/cu.usbserial-110","friendly":"Error: No such file or directory, cannot open /dev/cu.usbserial-110"}
[2026-07-27T12:04:35.850Z] [INFO] 🔄 [SerialPrinter] Retrying automatic reconnect to /dev/cu.usbserial-110...
[2026-07-27T12:04:35.851Z] [INFO] 🖨️ [SerialPrinter] Opening serial connection to /dev/cu.usbserial-110 (19200 baud)...
[2026-07-27T12:04:35.852Z] [WARN] ⚠️ [SerialPrinter] Failed to open /dev/cu.usbserial-110: | {"raw":"Error: No such file or directory, cannot open /dev/cu.usbserial-110","friendly":"Error: No such file or directory, cannot open /dev/cu.usbserial-110"}
[2026-07-27T12:04:39.856Z] [INFO] 🔄 [SerialPrinter] Retrying automatic reconnect to /dev/cu.usbserial-110...
[2026-07-27T12:04:39.857Z] [INFO] 🖨️ [SerialPrinter] Opening serial connection to /dev/cu.usbserial-110 (19200 baud)...
[2026-07-27T12:04:39.857Z] [WARN] ⚠️ [SerialPrinter] Failed to open /dev/cu.usbserial-110: | {"raw":"Error: No such file or directory, cannot open /dev/cu.usbserial-110","friendly":"Error: No such file or directory, cannot open /dev/cu.usbserial-110"}
[2026-07-27T12:04:43.863Z] [INFO] 🔄 [SerialPrinter] Retrying automatic reconnect to /dev/cu.usbserial-110...
[2026-07-27T12:04:43.864Z] [INFO] 🖨️ [SerialPrinter] Opening serial connection to /dev/cu.usbserial-110 (19200 baud)...
[2026-07-27T12:04:43.864Z] [WARN] ⚠️ [SerialPrinter] Failed to open /dev/cu.usbserial-110: | {"raw":"Error: No such file or directory, cannot open /dev/cu.usbserial-110","friendly":"Error: No such file or directory, cannot open /dev/cu.usbserial-110"}
[2026-07-27T12:04:47.869Z] [INFO] 🔄 [SerialPrinter] Retrying automatic reconnect to /dev/cu.usbserial-110...
[2026-07-27T12:04:47.869Z] [INFO] 🖨️ [SerialPrinter] Opening serial connection to /dev/cu.usbserial-110 (19200 baud)...
[2026-07-27T12:04:47.870Z] [WARN] ⚠️ [SerialPrinter] Failed to open /dev/cu.usbserial-110: | {"raw":"Error: No such file or directory, cannot open /dev/cu.usbserial-110","friendly":"Error: No such file or directory, cannot open /dev/cu.usbserial-110"}
[2026-07-27T12:04:51.875Z] [INFO] 🔄 [SerialPrinter] Retrying automatic reconnect to /dev/cu.usbserial-110...
[2026-07-27T12:04:51.876Z] [INFO] 🖨️ [SerialPrinter] Opening serial connection to /dev/cu.usbserial-110 (19200 baud)...
[2026-07-27T12:04:51.876Z] [WARN] ⚠️ [SerialPrinter] Failed to open /dev/cu.usbserial-110: | {"raw":"Error: No such file or directory, cannot open /dev/cu.usbserial-110","friendly":"Error: No such file or directory, cannot open /dev/cu.usbserial-110"}
[2026-07-27T12:04:55.880Z] [INFO] 🔄 [SerialPrinter] Retrying automatic reconnect to /dev/cu.usbserial-110...
[2026-07-27T12:04:55.880Z] [INFO] 🖨️ [SerialPrinter] Opening serial connection to /dev/cu.usbserial-110 (19200 baud)...
[2026-07-27T12:04:55.880Z] [WARN] ⚠️ [SerialPrinter] Failed to open /dev/cu.usbserial-110: | {"raw":"Error: No such file or directory, cannot open /dev/cu.usbserial-110","friendly":"Error: No such file or directory, cannot open /dev/cu.usbserial-110"}
[2026-07-27T12:04:59.883Z] [INFO] 🔄 [SerialPrinter] Retrying automatic reconnect to /dev/cu.usbserial-110...
[2026-07-27T12:04:59.883Z] [INFO] 🖨️ [SerialPrinter] Opening serial connection to /dev/cu.usbserial-110 (19200 baud)...
[2026-07-27T12:04:59.884Z] [WARN] ⚠️ [SerialPrinter] Failed to open /dev/cu.usbserial-110: | {"raw":"Error: No such file or directory, cannot open /dev/cu.usbserial-110","friendly":"Error: No such file or directory, cannot open /dev/cu.usbserial-110"}
[2026-07-27T12:05:03.889Z] [INFO] 🔄 [SerialPrinter] Retrying automatic reconnect to /dev/cu.usbserial-110...
[2026-07-27T12:05:03.889Z] [INFO] 🖨️ [SerialPrinter] Opening serial connection to /dev/cu.usbserial-110 (19200 baud)...
[2026-07-27T12:05:03.890Z] [WARN] ⚠️ [SerialPrinter] Failed to open /dev/cu.usbserial-110: | {"raw":"Error: No such file or directory, cannot open /dev/cu.usbserial-110","friendly":"Error: No such file or directory, cannot open /dev/cu.usbserial-110"}
[2026-07-27T12:05:07.895Z] [INFO] 🔄 [SerialPrinter] Retrying automatic reconnect to /dev/cu.usbserial-110...
[2026-07-27T12:05:07.896Z] [INFO] 🖨️ [SerialPrinter] Opening serial connection to /dev/cu.usbserial-110 (19200 baud)...
[2026-07-27T12:05:07.896Z] [WARN] ⚠️ [SerialPrinter] Failed to open /dev/cu.usbserial-110: | {"raw":"Error: No such file or directory, cannot open /dev/cu.usbserial-110","friendly":"Error: No such file or directory, cannot open /dev/cu.usbserial-110"}
[2026-07-27T12:05:11.901Z] [INFO] 🔄 [SerialPrinter] Retrying automatic reconnect to /dev/cu.usbserial-110...
[2026-07-27T12:05:11.902Z] [INFO] 🖨️ [SerialPrinter] Opening serial connection to /dev/cu.usbserial-110 (19200 baud)...
[2026-07-27T12:05:11.902Z] [WARN] ⚠️ [SerialPrinter] Failed to open /dev/cu.usbserial-110: | {"raw":"Error: No such file or directory, cannot open /dev/cu.usbserial-110","friendly":"Error: No such file or directory, cannot open /dev/cu.usbserial-110"}
[2026-07-27T12:05:15.906Z] [INFO] 🔄 [SerialPrinter] Retrying automatic reconnect to /dev/cu.usbserial-110...
[2026-07-27T12:05:15.906Z] [INFO] 🖨️ [SerialPrinter] Opening serial connection to /dev/cu.usbserial-110 (19200 baud)...
[2026-07-27T12:05:15.906Z] [WARN] ⚠️ [SerialPrinter] Failed to open /dev/cu.usbserial-110: | {"raw":"Error: No such file or directory, cannot open /dev/cu.usbserial-110","friendly":"Error: No such file or directory, cannot open /dev/cu.usbserial-110"}
[2026-07-27T12:05:19.911Z] [INFO] 🔄 [SerialPrinter] Retrying automatic reconnect to /dev/cu.usbserial-110...
[2026-07-27T12:05:19.911Z] [INFO] 🖨️ [SerialPrinter] Opening serial connection to /dev/cu.usbserial-110 (19200 baud)...
[2026-07-27T12:05:19.912Z] [WARN] ⚠️ [SerialPrinter] Failed to open /dev/cu.usbserial-110: | {"raw":"Error: No such file or directory, cannot open /dev/cu.usbserial-110","friendly":"Error: No such file or directory, cannot open /dev/cu.usbserial-110"}
[2026-07-27T12:05:23.916Z] [INFO] 🔄 [SerialPrinter] Retrying automatic reconnect to /dev/cu.usbserial-110...
[2026-07-27T12:05:23.917Z] [INFO] 🖨️ [SerialPrinter] Opening serial connection to /dev/cu.usbserial-110 (19200 baud)...
[2026-07-27T12:05:23.917Z] [WARN] ⚠️ [SerialPrinter] Failed to open /dev/cu.usbserial-110: | {"raw":"Error: No such file or directory, cannot open /dev/cu.usbserial-110","friendly":"Error: No such file or directory, cannot open /dev/cu.usbserial-110"}
[2026-07-27T12:05:27.923Z] [INFO] 🔄 [SerialPrinter] Retrying automatic reconnect to /dev/cu.usbserial-110...
[2026-07-27T12:05:27.924Z] [INFO] 🖨️ [SerialPrinter] Opening serial connection to /dev/cu.usbserial-110 (19200 baud)...
[2026-07-27T12:05:27.924Z] [WARN] ⚠️ [SerialPrinter] Failed to open /dev/cu.usbserial-110: | {"raw":"Error: No such file or directory, cannot open /dev/cu.usbserial-110","friendly":"Error: No such file or directory, cannot open /dev/cu.usbserial-110"}
[2026-07-27T12:05:31.929Z] [INFO] 🔄 [SerialPrinter] Retrying automatic reconnect to /dev/cu.usbserial-110...
[2026-07-27T12:05:31.930Z] [INFO] 🖨️ [SerialPrinter] Opening serial connection to /dev/cu.usbserial-110 (19200 baud)...
[2026-07-27T12:05:31.930Z] [WARN] ⚠️ [SerialPrinter] Failed to open /dev/cu.usbserial-110: | {"raw":"Error: No such file or directory, cannot open /dev/cu.usbserial-110","friendly":"Error: No such file or directory, cannot open /dev/cu.usbserial-110"}
[2026-07-27T12:05:35.934Z] [INFO] 🔄 [SerialPrinter] Retrying automatic reconnect to /dev/cu.usbserial-110...
[2026-07-27T12:05:35.934Z] [INFO] 🖨️ [SerialPrinter] Opening serial connection to /dev/cu.usbserial-110 (19200 baud)...
[2026-07-27T12:05:35.935Z] [WARN] ⚠️ [SerialPrinter] Failed to open /dev/cu.usbserial-110: | {"raw":"Error: No such file or directory, cannot open /dev/cu.usbserial-110","friendly":"Error: No such file or directory, cannot open /dev/cu.usbserial-110"}
[2026-07-27T12:05:39.938Z] [INFO] 🔄 [SerialPrinter] Retrying automatic reconnect to /dev/cu.usbserial-110...
[2026-07-27T12:05:39.939Z] [INFO] 🖨️ [SerialPrinter] Opening serial connection to /dev/cu.usbserial-110 (19200 baud)...
[2026-07-27T12:05:39.939Z] [WARN] ⚠️ [SerialPrinter] Failed to open /dev/cu.usbserial-110: | {"raw":"Error: No such file or directory, cannot open /dev/cu.usbserial-110","friendly":"Error: No such file or directory, cannot open /dev/cu.usbserial-110"}
[2026-07-27T12:05:43.943Z] [INFO] 🔄 [SerialPrinter] Retrying automatic reconnect to /dev/cu.usbserial-110...
[2026-07-27T12:05:43.943Z] [INFO] 🖨️ [SerialPrinter] Opening serial connection to /dev/cu.usbserial-110 (19200 baud)...
[2026-07-27T12:05:43.943Z] [WARN] ⚠️ [SerialPrinter] Failed to open /dev/cu.usbserial-110: | {"raw":"Error: No such file or directory, cannot open /dev/cu.usbserial-110","friendly":"Error: No such file or directory, cannot open /dev/cu.usbserial-110"}
[2026-07-27T12:05:47.948Z] [INFO] 🔄 [SerialPrinter] Retrying automatic reconnect to /dev/cu.usbserial-110...
[2026-07-27T12:05:47.948Z] [INFO] 🖨️ [SerialPrinter] Opening serial connection to /dev/cu.usbserial-110 (19200 baud)...
[2026-07-27T12:05:47.949Z] [WARN] ⚠️ [SerialPrinter] Failed to open /dev/cu.usbserial-110: | {"raw":"Error: No such file or directory, cannot open /dev/cu.usbserial-110","friendly":"Error: No such file or directory, cannot open /dev/cu.usbserial-110"}
[2026-07-27T12:05:51.955Z] [INFO] 🔄 [SerialPrinter] Retrying automatic reconnect to /dev/cu.usbserial-110...
[2026-07-27T12:05:51.956Z] [INFO] 🖨️ [SerialPrinter] Opening serial connection to /dev/cu.usbserial-110 (19200 baud)...
[2026-07-27T12:05:51.956Z] [WARN] ⚠️ [SerialPrinter] Failed to open /dev/cu.usbserial-110: | {"raw":"Error: No such file or directory, cannot open /dev/cu.usbserial-110","friendly":"Error: No such file or directory, cannot open /dev/cu.usbserial-110"}
[2026-07-27T12:05:55.960Z] [INFO] 🔄 [SerialPrinter] Retrying automatic reconnect to /dev/cu.usbserial-110...
[2026-07-27T12:05:55.961Z] [INFO] 🖨️ [SerialPrinter] Opening serial connection to /dev/cu.usbserial-110 (19200 baud)...
[2026-07-27T12:05:55.961Z] [WARN] ⚠️ [SerialPrinter] Failed to open /dev/cu.usbserial-110: | {"raw":"Error: No such file or directory, cannot open /dev/cu.usbserial-110","friendly":"Error: No such file or directory, cannot open /dev/cu.usbserial-110"}
[2026-07-27T12:05:59.965Z] [INFO] 🔄 [SerialPrinter] Retrying automatic reconnect to /dev/cu.usbserial-110...
[2026-07-27T12:05:59.965Z] [INFO] 🖨️ [SerialPrinter] Opening serial connection to /dev/cu.usbserial-110 (19200 baud)...
[2026-07-27T12:05:59.966Z] [WARN] ⚠️ [SerialPrinter] Failed to open /dev/cu.usbserial-110: | {"raw":"Error: No such file or directory, cannot open /dev/cu.usbserial-110","friendly":"Error: No such file or directory, cannot open /dev/cu.usbserial-110"}
[2026-07-27T12:06:03.972Z] [INFO] 🔄 [SerialPrinter] Retrying automatic reconnect to /dev/cu.usbserial-110...
[2026-07-27T12:06:03.972Z] [INFO] 🖨️ [SerialPrinter] Opening serial connection to /dev/cu.usbserial-110 (19200 baud)...
[2026-07-27T12:06:03.973Z] [WARN] ⚠️ [SerialPrinter] Failed to open /dev/cu.usbserial-110: | {"raw":"Error: No such file or directory, cannot open /dev/cu.usbserial-110","friendly":"Error: No such file or directory, cannot open /dev/cu.usbserial-110"}
[2026-07-27T12:06:07.979Z] [INFO] 🔄 [SerialPrinter] Retrying automatic reconnect to /dev/cu.usbserial-110...
[2026-07-27T12:06:07.980Z] [INFO] 🖨️ [SerialPrinter] Opening serial connection to /dev/cu.usbserial-110 (19200 baud)...
[2026-07-27T12:06:07.980Z] [WARN] ⚠️ [SerialPrinter] Failed to open /dev/cu.usbserial-110: | {"raw":"Error: No such file or directory, cannot open /dev/cu.usbserial-110","friendly":"Error: No such file or directory, cannot open /dev/cu.usbserial-110"}
[2026-07-27T12:06:11.986Z] [INFO] 🔄 [SerialPrinter] Retrying automatic reconnect to /dev/cu.usbserial-110...
[2026-07-27T12:06:11.987Z] [INFO] 🖨️ [SerialPrinter] Opening serial connection to /dev/cu.usbserial-110 (19200 baud)...
[2026-07-27T12:06:11.987Z] [WARN] ⚠️ [SerialPrinter] Failed to open /dev/cu.usbserial-110: | {"raw":"Error: No such file or directory, cannot open /dev/cu.usbserial-110","friendly":"Error: No such file or directory, cannot open /dev/cu.usbserial-110"}
[2026-07-27T12:06:15.991Z] [INFO] 🔄 [SerialPrinter] Retrying automatic reconnect to /dev/cu.usbserial-110...
[2026-07-27T12:06:15.992Z] [INFO] 🖨️ [SerialPrinter] Opening serial connection to /dev/cu.usbserial-110 (19200 baud)...
[2026-07-27T12:06:15.992Z] [WARN] ⚠️ [SerialPrinter] Failed to open /dev/cu.usbserial-110: | {"raw":"Error: No such file or directory, cannot open /dev/cu.usbserial-110","friendly":"Error: No such file or directory, cannot open /dev/cu.usbserial-110"}
[2026-07-27T12:06:19.996Z] [INFO] 🔄 [SerialPrinter] Retrying automatic reconnect to /dev/cu.usbserial-110...
[2026-07-27T12:06:19.997Z] [INFO] 🖨️ [SerialPrinter] Opening serial connection to /dev/cu.usbserial-110 (19200 baud)...
[2026-07-27T12:06:19.997Z] [WARN] ⚠️ [SerialPrinter] Failed to open /dev/cu.usbserial-110: | {"raw":"Error: No such file or directory, cannot open /dev/cu.usbserial-110","friendly":"Error: No such file or directory, cannot open /dev/cu.usbserial-110"}
[2026-07-27T12:06:24.003Z] [INFO] 🔄 [SerialPrinter] Retrying automatic reconnect to /dev/cu.usbserial-110...
[2026-07-27T12:06:24.004Z] [INFO] 🖨️ [SerialPrinter] Opening serial connection to /dev/cu.usbserial-110 (19200 baud)...
[2026-07-27T12:06:24.005Z] [WARN] ⚠️ [SerialPrinter] Failed to open /dev/cu.usbserial-110: | {"raw":"Error: No such file or directory, cannot open /dev/cu.usbserial-110","friendly":"Error: No such file or directory, cannot open /dev/cu.usbserial-110"}
[2026-07-27T12:06:28.008Z] [INFO] 🔄 [SerialPrinter] Retrying automatic reconnect to /dev/cu.usbserial-110...
[2026-07-27T12:06:28.009Z] [INFO] 🖨️ [SerialPrinter] Opening serial connection to /dev/cu.usbserial-110 (19200 baud)...
[2026-07-27T12:06:28.009Z] [WARN] ⚠️ [SerialPrinter] Failed to open /dev/cu.usbserial-110: | {"raw":"Error: No such file or directory, cannot open /dev/cu.usbserial-110","friendly":"Error: No such file or directory, cannot open /dev/cu.usbserial-110"}
[2026-07-27T12:06:32.014Z] [INFO] 🔄 [SerialPrinter] Retrying automatic reconnect to /dev/cu.usbserial-110...
[2026-07-27T12:06:32.014Z] [INFO] 🖨️ [SerialPrinter] Opening serial connection to /dev/cu.usbserial-110 (19200 baud)...
[2026-07-27T12:06:32.015Z] [WARN] ⚠️ [SerialPrinter] Failed to open /dev/cu.usbserial-110: | {"raw":"Error: No such file or directory, cannot open /dev/cu.usbserial-110","friendly":"Error: No such file or directory, cannot open /dev/cu.usbserial-110"}
[2026-07-27T12:06:36.018Z] [INFO] 🔄 [SerialPrinter] Retrying automatic reconnect to /dev/cu.usbserial-110...
[2026-07-27T12:06:36.018Z] [INFO] 🖨️ [SerialPrinter] Opening serial connection to /dev/cu.usbserial-110 (19200 baud)...
[2026-07-27T12:06:36.018Z] [WARN] ⚠️ [SerialPrinter] Failed to open /dev/cu.usbserial-110: | {"raw":"Error: No such file or directory, cannot open /dev/cu.usbserial-110","friendly":"Error: No such file or directory, cannot open /dev/cu.usbserial-110"}
[2026-07-27T12:06:40.023Z] [INFO] 🔄 [SerialPrinter] Retrying automatic reconnect to /dev/cu.usbserial-110...
[2026-07-27T12:06:40.023Z] [INFO] 🖨️ [SerialPrinter] Opening serial connection to /dev/cu.usbserial-110 (19200 baud)...
[2026-07-27T12:06:40.024Z] [WARN] ⚠️ [SerialPrinter] Failed to open /dev/cu.usbserial-110: | {"raw":"Error: No such file or directory, cannot open /dev/cu.usbserial-110","friendly":"Error: No such file or directory, cannot open /dev/cu.usbserial-110"}
[2026-07-27T12:06:44.029Z] [INFO] 🔄 [SerialPrinter] Retrying automatic reconnect to /dev/cu.usbserial-110...
[2026-07-27T12:06:44.030Z] [INFO] 🖨️ [SerialPrinter] Opening serial connection to /dev/cu.usbserial-110 (19200 baud)...
[2026-07-27T12:06:44.031Z] [WARN] ⚠️ [SerialPrinter] Failed to open /dev/cu.usbserial-110: | {"raw":"Error: No such file or directory, cannot open /dev/cu.usbserial-110","friendly":"Error: No such file or directory, cannot open /dev/cu.usbserial-110"}
[2026-07-27T12:06:48.036Z] [INFO] 🔄 [SerialPrinter] Retrying automatic reconnect to /dev/cu.usbserial-110...
[2026-07-27T12:06:48.036Z] [INFO] 🖨️ [SerialPrinter] Opening serial connection to /dev/cu.usbserial-110 (19200 baud)...
[2026-07-27T12:06:48.037Z] [WARN] ⚠️ [SerialPrinter] Failed to open /dev/cu.usbserial-110: | {"raw":"Error: No such file or directory, cannot open /dev/cu.usbserial-110","friendly":"Error: No such file or directory, cannot open /dev/cu.usbserial-110"}
[2026-07-27T12:06:52.042Z] [INFO] 🔄 [SerialPrinter] Retrying automatic reconnect to /dev/cu.usbserial-110...
[2026-07-27T12:06:52.042Z] [INFO] 🖨️ [SerialPrinter] Opening serial connection to /dev/cu.usbserial-110 (19200 baud)...
[2026-07-27T12:06:52.043Z] [WARN] ⚠️ [SerialPrinter] Failed to open /dev/cu.usbserial-110: | {"raw":"Error: No such file or directory, cannot open /dev/cu.usbserial-110","friendly":"Error: No such file or directory, cannot open /dev/cu.usbserial-110"}
[2026-07-27T12:06:56.047Z] [INFO] 🔄 [SerialPrinter] Retrying automatic reconnect to /dev/cu.usbserial-110...
[2026-07-27T12:06:56.047Z] [INFO] 🖨️ [SerialPrinter] Opening serial connection to /dev/cu.usbserial-110 (19200 baud)...
[2026-07-27T12:06:56.048Z] [WARN] ⚠️ [SerialPrinter] Failed to open /dev/cu.usbserial-110: | {"raw":"Error: No such file or directory, cannot open /dev/cu.usbserial-110","friendly":"Error: No such file or directory, cannot open /dev/cu.usbserial-110"}
[2026-07-27T12:07:00.053Z] [INFO] 🔄 [SerialPrinter] Retrying automatic reconnect to /dev/cu.usbserial-110...
[2026-07-27T12:07:00.054Z] [INFO] 🖨️ [SerialPrinter] Opening serial connection to /dev/cu.usbserial-110 (19200 baud)...
[2026-07-27T12:07:00.054Z] [WARN] ⚠️ [SerialPrinter] Failed to open /dev/cu.usbserial-110: | {"raw":"Error: No such file or directory, cannot open /dev/cu.usbserial-110","friendly":"Error: No such file or directory, cannot open /dev/cu.usbserial-110"}
[2026-07-27T12:07:04.060Z] [INFO] 🔄 [SerialPrinter] Retrying automatic reconnect to /dev/cu.usbserial-110...
[2026-07-27T12:07:04.060Z] [INFO] 🖨️ [SerialPrinter] Opening serial connection to /dev/cu.usbserial-110 (19200 baud)...
[2026-07-27T12:07:04.061Z] [WARN] ⚠️ [SerialPrinter] Failed to open /dev/cu.usbserial-110: | {"raw":"Error: No such file or directory, cannot open /dev/cu.usbserial-110","friendly":"Error: No such file or directory, cannot open /dev/cu.usbserial-110"}
[2026-07-27T12:07:08.065Z] [INFO] 🔄 [SerialPrinter] Retrying automatic reconnect to /dev/cu.usbserial-110...
[2026-07-27T12:07:08.066Z] [INFO] 🖨️ [SerialPrinter] Opening serial connection to /dev/cu.usbserial-110 (19200 baud)...
[2026-07-27T12:07:08.067Z] [WARN] ⚠️ [SerialPrinter] Failed to open /dev/cu.usbserial-110: | {"raw":"Error: No such file or directory, cannot open /dev/cu.usbserial-110","friendly":"Error: No such file or directory, cannot open /dev/cu.usbserial-110"}
[2026-07-27T12:07:12.072Z] [INFO] 🔄 [SerialPrinter] Retrying automatic reconnect to /dev/cu.usbserial-110...
[2026-07-27T12:07:12.072Z] [INFO] 🖨️ [SerialPrinter] Opening serial connection to /dev/cu.usbserial-110 (19200 baud)...
[2026-07-27T12:07:12.073Z] [WARN] ⚠️ [SerialPrinter] Failed to open /dev/cu.usbserial-110: | {"raw":"Error: No such file or directory, cannot open /dev/cu.usbserial-110","friendly":"Error: No such file or directory, cannot open /dev/cu.usbserial-110"}
[2026-07-27T12:07:16.079Z] [INFO] 🔄 [SerialPrinter] Retrying automatic reconnect to /dev/cu.usbserial-110...
[2026-07-27T12:07:16.079Z] [INFO] 🖨️ [SerialPrinter] Opening serial connection to /dev/cu.usbserial-110 (19200 baud)...
[2026-07-27T12:07:16.080Z] [WARN] ⚠️ [SerialPrinter] Failed to open /dev/cu.usbserial-110: | {"raw":"Error: No such file or directory, cannot open /dev/cu.usbserial-110","friendly":"Error: No such file or directory, cannot open /dev/cu.usbserial-110"}
[2026-07-27T12:07:20.084Z] [INFO] 🔄 [SerialPrinter] Retrying automatic reconnect to /dev/cu.usbserial-110...
[2026-07-27T12:07:20.084Z] [INFO] 🖨️ [SerialPrinter] Opening serial connection to /dev/cu.usbserial-110 (19200 baud)...
[2026-07-27T12:07:20.085Z] [WARN] ⚠️ [SerialPrinter] Failed to open /dev/cu.usbserial-110: | {"raw":"Error: No such file or directory, cannot open /dev/cu.usbserial-110","friendly":"Error: No such file or directory, cannot open /dev/cu.usbserial-110"}
[2026-07-27T12:07:24.089Z] [INFO] 🔄 [SerialPrinter] Retrying automatic reconnect to /dev/cu.usbserial-110...
[2026-07-27T12:07:24.091Z] [INFO] 🖨️ [SerialPrinter] Opening serial connection to /dev/cu.usbserial-110 (19200 baud)...
[2026-07-27T12:07:24.091Z] [WARN] ⚠️ [SerialPrinter] Failed to open /dev/cu.usbserial-110: | {"raw":"Error: No such file or directory, cannot open /dev/cu.usbserial-110","friendly":"Error: No such file or directory, cannot open /dev/cu.usbserial-110"}
[2026-07-27T12:07:28.095Z] [INFO] 🔄 [SerialPrinter] Retrying automatic reconnect to /dev/cu.usbserial-110...
[2026-07-27T12:07:28.095Z] [INFO] 🖨️ [SerialPrinter] Opening serial connection to /dev/cu.usbserial-110 (19200 baud)...
[2026-07-27T12:07:28.096Z] [WARN] ⚠️ [SerialPrinter] Failed to open /dev/cu.usbserial-110: | {"raw":"Error: No such file or directory, cannot open /dev/cu.usbserial-110","friendly":"Error: No such file or directory, cannot open /dev/cu.usbserial-110"}
[2026-07-27T12:07:32.100Z] [INFO] 🔄 [SerialPrinter] Retrying automatic reconnect to /dev/cu.usbserial-110...
[2026-07-27T12:07:32.101Z] [INFO] 🖨️ [SerialPrinter] Opening serial connection to /dev/cu.usbserial-110 (19200 baud)...
[2026-07-27T12:07:32.101Z] [WARN] ⚠️ [SerialPrinter] Failed to open /dev/cu.usbserial-110: | {"raw":"Error: No such file or directory, cannot open /dev/cu.usbserial-110","friendly":"Error: No such file or directory, cannot open /dev/cu.usbserial-110"}
[2026-07-27T12:07:36.106Z] [INFO] 🔄 [SerialPrinter] Retrying automatic reconnect to /dev/cu.usbserial-110...
[2026-07-27T12:07:36.106Z] [INFO] 🖨️ [SerialPrinter] Opening serial connection to /dev/cu.usbserial-110 (19200 baud)...
[2026-07-27T12:07:36.106Z] [WARN] ⚠️ [SerialPrinter] Failed to open /dev/cu.usbserial-110: | {"raw":"Error: No such file or directory, cannot open /dev/cu.usbserial-110","friendly":"Error: No such file or directory, cannot open /dev/cu.usbserial-110"}
[2026-07-27T12:07:40.111Z] [INFO] 🔄 [SerialPrinter] Retrying automatic reconnect to /dev/cu.usbserial-110...
[2026-07-27T12:07:40.112Z] [INFO] 🖨️ [SerialPrinter] Opening serial connection to /dev/cu.usbserial-110 (19200 baud)...
[2026-07-27T12:07:40.113Z] [WARN] ⚠️ [SerialPrinter] Failed to open /dev/cu.usbserial-110: | {"raw":"Error: No such file or directory, cannot open /dev/cu.usbserial-110","friendly":"Error: No such file or directory, cannot open /dev/cu.usbserial-110"}
[2026-07-27T12:07:44.118Z] [INFO] 🔄 [SerialPrinter] Retrying automatic reconnect to /dev/cu.usbserial-110...
[2026-07-27T12:07:44.119Z] [INFO] 🖨️ [SerialPrinter] Opening serial connection to /dev/cu.usbserial-110 (19200 baud)...
[2026-07-27T12:07:44.119Z] [WARN] ⚠️ [SerialPrinter] Failed to open /dev/cu.usbserial-110: | {"raw":"Error: No such file or directory, cannot open /dev/cu.usbserial-110","friendly":"Error: No such file or directory, cannot open /dev/cu.usbserial-110"}
[2026-07-27T12:07:48.124Z] [INFO] 🔄 [SerialPrinter] Retrying automatic reconnect to /dev/cu.usbserial-110...
[2026-07-27T12:07:48.126Z] [INFO] 🖨️ [SerialPrinter] Opening serial connection to /dev/cu.usbserial-110 (19200 baud)...
[2026-07-27T12:07:48.127Z] [WARN] ⚠️ [SerialPrinter] Failed to open /dev/cu.usbserial-110: | {"raw":"Error: No such file or directory, cannot open /dev/cu.usbserial-110","friendly":"Error: No such file or directory, cannot open /dev/cu.usbserial-110"}
[2026-07-27T12:07:52.132Z] [INFO] 🔄 [SerialPrinter] Retrying automatic reconnect to /dev/cu.usbserial-110...
[2026-07-27T12:07:52.133Z] [INFO] 🖨️ [SerialPrinter] Opening serial connection to /dev/cu.usbserial-110 (19200 baud)...
[2026-07-27T12:07:52.134Z] [WARN] ⚠️ [SerialPrinter] Failed to open /dev/cu.usbserial-110: | {"raw":"Error: No such file or directory, cannot open /dev/cu.usbserial-110","friendly":"Error: No such file or directory, cannot open /dev/cu.usbserial-110"}
[2026-07-27T12:07:56.139Z] [INFO] 🔄 [SerialPrinter] Retrying automatic reconnect to /dev/cu.usbserial-110...
[2026-07-27T12:07:56.140Z] [INFO] 🖨️ [SerialPrinter] Opening serial connection to /dev/cu.usbserial-110 (19200 baud)...
[2026-07-27T12:07:56.141Z] [WARN] ⚠️ [SerialPrinter] Failed to open /dev/cu.usbserial-110: | {"raw":"Error: No such file or directory, cannot open /dev/cu.usbserial-110","friendly":"Error: No such file or directory, cannot open /dev/cu.usbserial-110"}
[2026-07-27T12:08:00.144Z] [INFO] 🔄 [SerialPrinter] Retrying automatic reconnect to /dev/cu.usbserial-110...
[2026-07-27T12:08:00.144Z] [INFO] 🖨️ [SerialPrinter] Opening serial connection to /dev/cu.usbserial-110 (19200 baud)...
[2026-07-27T12:08:00.144Z] [WARN] ⚠️ [SerialPrinter] Failed to open /dev/cu.usbserial-110: | {"raw":"Error: No such file or directory, cannot open /dev/cu.usbserial-110","friendly":"Error: No such file or directory, cannot open /dev/cu.usbserial-110"}
[2026-07-27T12:08:04.149Z] [INFO] 🔄 [SerialPrinter] Retrying automatic reconnect to /dev/cu.usbserial-110...
[2026-07-27T12:08:04.149Z] [INFO] 🖨️ [SerialPrinter] Opening serial connection to /dev/cu.usbserial-110 (19200 baud)...
[2026-07-27T12:08:04.151Z] [WARN] ⚠️ [SerialPrinter] Failed to open /dev/cu.usbserial-110: | {"raw":"Error: No such file or directory, cannot open /dev/cu.usbserial-110","friendly":"Error: No such file or directory, cannot open /dev/cu.usbserial-110"}
[2026-07-27T12:08:08.156Z] [INFO] 🔄 [SerialPrinter] Retrying automatic reconnect to /dev/cu.usbserial-110...
[2026-07-27T12:08:08.157Z] [INFO] 🖨️ [SerialPrinter] Opening serial connection to /dev/cu.usbserial-110 (19200 baud)...
[2026-07-27T12:08:08.157Z] [WARN] ⚠️ [SerialPrinter] Failed to open /dev/cu.usbserial-110: | {"raw":"Error: No such file or directory, cannot open /dev/cu.usbserial-110","friendly":"Error: No such file or directory, cannot open /dev/cu.usbserial-110"}
[2026-07-27T12:08:12.163Z] [INFO] 🔄 [SerialPrinter] Retrying automatic reconnect to /dev/cu.usbserial-110...
[2026-07-27T12:08:12.164Z] [INFO] 🖨️ [SerialPrinter] Opening serial connection to /dev/cu.usbserial-110 (19200 baud)...
[2026-07-27T12:08:12.164Z] [WARN] ⚠️ [SerialPrinter] Failed to open /dev/cu.usbserial-110: | {"raw":"Error: No such file or directory, cannot open /dev/cu.usbserial-110","friendly":"Error: No such file or directory, cannot open /dev/cu.usbserial-110"}
[2026-07-27T12:08:16.169Z] [INFO] 🔄 [SerialPrinter] Retrying automatic reconnect to /dev/cu.usbserial-110...
[2026-07-27T12:08:16.169Z] [INFO] 🖨️ [SerialPrinter] Opening serial connection to /dev/cu.usbserial-110 (19200 baud)...
[2026-07-27T12:08:16.169Z] [WARN] ⚠️ [SerialPrinter] Failed to open /dev/cu.usbserial-110: | {"raw":"Error: No such file or directory, cannot open /dev/cu.usbserial-110","friendly":"Error: No such file or directory, cannot open /dev/cu.usbserial-110"}
[2026-07-27T12:08:20.174Z] [INFO] 🔄 [SerialPrinter] Retrying automatic reconnect to /dev/cu.usbserial-110...
[2026-07-27T12:08:20.175Z] [INFO] 🖨️ [SerialPrinter] Opening serial connection to /dev/cu.usbserial-110 (19200 baud)...
[2026-07-27T12:08:20.175Z] [WARN] ⚠️ [SerialPrinter] Failed to open /dev/cu.usbserial-110: | {"raw":"Error: No such file or directory, cannot open /dev/cu.usbserial-110","friendly":"Error: No such file or directory, cannot open /dev/cu.usbserial-110"}
[2026-07-27T12:08:24.181Z] [INFO] 🔄 [SerialPrinter] Retrying automatic reconnect to /dev/cu.usbserial-110...
[2026-07-27T12:08:24.182Z] [INFO] 🖨️ [SerialPrinter] Opening serial connection to /dev/cu.usbserial-110 (19200 baud)...
[2026-07-27T12:08:24.182Z] [WARN] ⚠️ [SerialPrinter] Failed to open /dev/cu.usbserial-110: | {"raw":"Error: No such file or directory, cannot open /dev/cu.usbserial-110","friendly":"Error: No such file or directory, cannot open /dev/cu.usbserial-110"}
[2026-07-27T12:08:28.186Z] [INFO] 🔄 [SerialPrinter] Retrying automatic reconnect to /dev/cu.usbserial-110...
[2026-07-27T12:08:28.187Z] [INFO] 🖨️ [SerialPrinter] Opening serial connection to /dev/cu.usbserial-110 (19200 baud)...
[2026-07-27T12:08:28.187Z] [WARN] ⚠️ [SerialPrinter] Failed to open /dev/cu.usbserial-110: | {"raw":"Error: No such file or directory, cannot open /dev/cu.usbserial-110","friendly":"Error: No such file or directory, cannot open /dev/cu.usbserial-110"}
[2026-07-27T12:08:32.192Z] [INFO] 🔄 [SerialPrinter] Retrying automatic reconnect to /dev/cu.usbserial-110...
[2026-07-27T12:08:32.193Z] [INFO] 🖨️ [SerialPrinter] Opening serial connection to /dev/cu.usbserial-110 (19200 baud)...
[2026-07-27T12:08:32.194Z] [WARN] ⚠️ [SerialPrinter] Failed to open /dev/cu.usbserial-110: | {"raw":"Error: No such file or directory, cannot open /dev/cu.usbserial-110","friendly":"Error: No such file or directory, cannot open /dev/cu.usbserial-110"}
[2026-07-27T12:08:36.224Z] [INFO] 🔄 [SerialPrinter] Retrying automatic reconnect to /dev/cu.usbserial-110...
[2026-07-27T12:08:36.225Z] [INFO] 🖨️ [SerialPrinter] Opening serial connection to /dev/cu.usbserial-110 (19200 baud)...
[2026-07-27T12:08:36.226Z] [WARN] ⚠️ [SerialPrinter] Failed to open /dev/cu.usbserial-110: | {"raw":"Error: No such file or directory, cannot open /dev/cu.usbserial-110","friendly":"Error: No such file or directory, cannot open /dev/cu.usbserial-110"}
[2026-07-27T12:08:40.228Z] [INFO] 🔄 [SerialPrinter] Retrying automatic reconnect to /dev/cu.usbserial-110...
[2026-07-27T12:08:40.228Z] [INFO] 🖨️ [SerialPrinter] Opening serial connection to /dev/cu.usbserial-110 (19200 baud)...
[2026-07-27T12:08:40.228Z] [WARN] ⚠️ [SerialPrinter] Failed to open /dev/cu.usbserial-110: | {"raw":"Error: No such file or directory, cannot open /dev/cu.usbserial-110","friendly":"Error: No such file or directory, cannot open /dev/cu.usbserial-110"}
[2026-07-27T12:08:44.233Z] [INFO] 🔄 [SerialPrinter] Retrying automatic reconnect to /dev/cu.usbserial-110...
[2026-07-27T12:08:44.233Z] [INFO] 🖨️ [SerialPrinter] Opening serial connection to /dev/cu.usbserial-110 (19200 baud)...
[2026-07-27T12:08:44.235Z] [WARN] ⚠️ [SerialPrinter] Failed to open /dev/cu.usbserial-110: | {"raw":"Error: No such file or directory, cannot open /dev/cu.usbserial-110","friendly":"Error: No such file or directory, cannot open /dev/cu.usbserial-110"}
[2026-07-27T12:08:48.240Z] [INFO] 🔄 [SerialPrinter] Retrying automatic reconnect to /dev/cu.usbserial-110...
[2026-07-27T12:08:48.240Z] [INFO] 🖨️ [SerialPrinter] Opening serial connection to /dev/cu.usbserial-110 (19200 baud)...
[2026-07-27T12:08:48.241Z] [WARN] ⚠️ [SerialPrinter] Failed to open /dev/cu.usbserial-110: | {"raw":"Error: No such file or directory, cannot open /dev/cu.usbserial-110","friendly":"Error: No such file or directory, cannot open /dev/cu.usbserial-110"}
[2026-07-27T12:08:52.246Z] [INFO] 🔄 [SerialPrinter] Retrying automatic reconnect to /dev/cu.usbserial-110...
[2026-07-27T12:08:52.246Z] [INFO] 🖨️ [SerialPrinter] Opening serial connection to /dev/cu.usbserial-110 (19200 baud)...
[2026-07-27T12:08:52.247Z] [WARN] ⚠️ [SerialPrinter] Failed to open /dev/cu.usbserial-110: | {"raw":"Error: No such file or directory, cannot open /dev/cu.usbserial-110","friendly":"Error: No such file or directory, cannot open /dev/cu.usbserial-110"}
[2026-07-27T12:08:56.251Z] [INFO] 🔄 [SerialPrinter] Retrying automatic reconnect to /dev/cu.usbserial-110...
[2026-07-27T12:08:56.252Z] [INFO] 🖨️ [SerialPrinter] Opening serial connection to /dev/cu.usbserial-110 (19200 baud)...
[2026-07-27T12:08:56.252Z] [WARN] ⚠️ [SerialPrinter] Failed to open /dev/cu.usbserial-110: | {"raw":"Error: No such file or directory, cannot open /dev/cu.usbserial-110","friendly":"Error: No such file or directory, cannot open /dev/cu.usbserial-110"}
[2026-07-27T12:09:00.257Z] [INFO] 🔄 [SerialPrinter] Retrying automatic reconnect to /dev/cu.usbserial-110...
[2026-07-27T12:09:00.258Z] [INFO] 🖨️ [SerialPrinter] Opening serial connection to /dev/cu.usbserial-110 (19200 baud)...
[2026-07-27T12:09:00.258Z] [WARN] ⚠️ [SerialPrinter] Failed to open /dev/cu.usbserial-110: | {"raw":"Error: No such file or directory, cannot open /dev/cu.usbserial-110","friendly":"Error: No such file or directory, cannot open /dev/cu.usbserial-110"}
[2026-07-27T12:09:04.263Z] [INFO] 🔄 [SerialPrinter] Retrying automatic reconnect to /dev/cu.usbserial-110...
[2026-07-27T12:09:04.264Z] [INFO] 🖨️ [SerialPrinter] Opening serial connection to /dev/cu.usbserial-110 (19200 baud)...
[2026-07-27T12:09:04.264Z] [WARN] ⚠️ [SerialPrinter] Failed to open /dev/cu.usbserial-110: | {"raw":"Error: No such file or directory, cannot open /dev/cu.usbserial-110","friendly":"Error: No such file or directory, cannot open /dev/cu.usbserial-110"}
[2026-07-27T12:09:08.269Z] [INFO] 🔄 [SerialPrinter] Retrying automatic reconnect to /dev/cu.usbserial-110...
[2026-07-27T12:09:08.270Z] [INFO] 🖨️ [SerialPrinter] Opening serial connection to /dev/cu.usbserial-110 (19200 baud)...
[2026-07-27T12:09:08.270Z] [WARN] ⚠️ [SerialPrinter] Failed to open /dev/cu.usbserial-110: | {"raw":"Error: No such file or directory, cannot open /dev/cu.usbserial-110","friendly":"Error: No such file or directory, cannot open /dev/cu.usbserial-110"}
[2026-07-27T12:09:12.275Z] [INFO] 🔄 [SerialPrinter] Retrying automatic reconnect to /dev/cu.usbserial-110...
[2026-07-27T12:09:12.276Z] [INFO] 🖨️ [SerialPrinter] Opening serial connection to /dev/cu.usbserial-110 (19200 baud)...
[2026-07-27T12:09:12.276Z] [WARN] ⚠️ [SerialPrinter] Failed to open /dev/cu.usbserial-110: | {"raw":"Error: No such file or directory, cannot open /dev/cu.usbserial-110","friendly":"Error: No such file or directory, cannot open /dev/cu.usbserial-110"}
[2026-07-27T12:09:16.281Z] [INFO] 🔄 [SerialPrinter] Retrying automatic reconnect to /dev/cu.usbserial-110...
[2026-07-27T12:09:16.282Z] [INFO] 🖨️ [SerialPrinter] Opening serial connection to /dev/cu.usbserial-110 (19200 baud)...
[2026-07-27T12:09:16.282Z] [WARN] ⚠️ [SerialPrinter] Failed to open /dev/cu.usbserial-110: | {"raw":"Error: No such file or directory, cannot open /dev/cu.usbserial-110","friendly":"Error: No such file or directory, cannot open /dev/cu.usbserial-110"}
[2026-07-27T12:09:20.287Z] [INFO] 🔄 [SerialPrinter] Retrying automatic reconnect to /dev/cu.usbserial-110...
[2026-07-27T12:09:20.288Z] [INFO] 🖨️ [SerialPrinter] Opening serial connection to /dev/cu.usbserial-110 (19200 baud)...
[2026-07-27T12:09:20.288Z] [WARN] ⚠️ [SerialPrinter] Failed to open /dev/cu.usbserial-110: | {"raw":"Error: No such file or directory, cannot open /dev/cu.usbserial-110","friendly":"Error: No such file or directory, cannot open /dev/cu.usbserial-110"}
[2026-07-27T12:09:24.294Z] [INFO] 🔄 [SerialPrinter] Retrying automatic reconnect to /dev/cu.usbserial-110...
[2026-07-27T12:09:24.294Z] [INFO] 🖨️ [SerialPrinter] Opening serial connection to /dev/cu.usbserial-110 (19200 baud)...
[2026-07-27T12:09:24.295Z] [WARN] ⚠️ [SerialPrinter] Failed to open /dev/cu.usbserial-110: | {"raw":"Error: No such file or directory, cannot open /dev/cu.usbserial-110","friendly":"Error: No such file or directory, cannot open /dev/cu.usbserial-110"}
[2026-07-27T12:09:28.300Z] [INFO] 🔄 [SerialPrinter] Retrying automatic reconnect to /dev/cu.usbserial-110...
[2026-07-27T12:09:28.301Z] [INFO] 🖨️ [SerialPrinter] Opening serial connection to /dev/cu.usbserial-110 (19200 baud)...
[2026-07-27T12:09:28.301Z] [WARN] ⚠️ [SerialPrinter] Failed to open /dev/cu.usbserial-110: | {"raw":"Error: No such file or directory, cannot open /dev/cu.usbserial-110","friendly":"Error: No such file or directory, cannot open /dev/cu.usbserial-110"}
[2026-07-27T12:09:32.307Z] [INFO] 🔄 [SerialPrinter] Retrying automatic reconnect to /dev/cu.usbserial-110...
[2026-07-27T12:09:32.307Z] [INFO] 🖨️ [SerialPrinter] Opening serial connection to /dev/cu.usbserial-110 (19200 baud)...
[2026-07-27T12:09:32.308Z] [WARN] ⚠️ [SerialPrinter] Failed to open /dev/cu.usbserial-110: | {"raw":"Error: No such file or directory, cannot open /dev/cu.usbserial-110","friendly":"Error: No such file or directory, cannot open /dev/cu.usbserial-110"}
[2026-07-27T12:09:36.312Z] [INFO] 🔄 [SerialPrinter] Retrying automatic reconnect to /dev/cu.usbserial-110...
[2026-07-27T12:09:36.313Z] [INFO] 🖨️ [SerialPrinter] Opening serial connection to /dev/cu.usbserial-110 (19200 baud)...
[2026-07-27T12:09:36.313Z] [WARN] ⚠️ [SerialPrinter] Failed to open /dev/cu.usbserial-110: | {"raw":"Error: No such file or directory, cannot open /dev/cu.usbserial-110","friendly":"Error: No such file or directory, cannot open /dev/cu.usbserial-110"}
[2026-07-27T12:09:40.319Z] [INFO] 🔄 [SerialPrinter] Retrying automatic reconnect to /dev/cu.usbserial-110...
[2026-07-27T12:09:40.319Z] [INFO] 🖨️ [SerialPrinter] Opening serial connection to /dev/cu.usbserial-110 (19200 baud)...
[2026-07-27T12:09:40.319Z] [WARN] ⚠️ [SerialPrinter] Failed to open /dev/cu.usbserial-110: | {"raw":"Error: No such file or directory, cannot open /dev/cu.usbserial-110","friendly":"Error: No such file or directory, cannot open /dev/cu.usbserial-110"}
[2026-07-27T12:09:44.325Z] [INFO] 🔄 [SerialPrinter] Retrying automatic reconnect to /dev/cu.usbserial-110...
[2026-07-27T12:09:44.325Z] [INFO] 🖨️ [SerialPrinter] Opening serial connection to /dev/cu.usbserial-110 (19200 baud)...
[2026-07-27T12:09:44.326Z] [WARN] ⚠️ [SerialPrinter] Failed to open /dev/cu.usbserial-110: | {"raw":"Error: No such file or directory, cannot open /dev/cu.usbserial-110","friendly":"Error: No such file or directory, cannot open /dev/cu.usbserial-110"}
[2026-07-27T12:09:48.331Z] [INFO] 🔄 [SerialPrinter] Retrying automatic reconnect to /dev/cu.usbserial-110...
[2026-07-27T12:09:48.331Z] [INFO] 🖨️ [SerialPrinter] Opening serial connection to /dev/cu.usbserial-110 (19200 baud)...
[2026-07-27T12:09:48.332Z] [WARN] ⚠️ [SerialPrinter] Failed to open /dev/cu.usbserial-110: | {"raw":"Error: No such file or directory, cannot open /dev/cu.usbserial-110","friendly":"Error: No such file or directory, cannot open /dev/cu.usbserial-110"}
[2026-07-27T12:09:52.338Z] [INFO] 🔄 [SerialPrinter] Retrying automatic reconnect to /dev/cu.usbserial-110...
[2026-07-27T12:09:52.339Z] [INFO] 🖨️ [SerialPrinter] Opening serial connection to /dev/cu.usbserial-110 (19200 baud)...
[2026-07-27T12:09:52.340Z] [WARN] ⚠️ [SerialPrinter] Failed to open /dev/cu.usbserial-110: | {"raw":"Error: No such file or directory, cannot open /dev/cu.usbserial-110","friendly":"Error: No such file or directory, cannot open /dev/cu.usbserial-110"}
[2026-07-27T12:09:56.345Z] [INFO] 🔄 [SerialPrinter] Retrying automatic reconnect to /dev/cu.usbserial-110...
[2026-07-27T12:09:56.346Z] [INFO] 🖨️ [SerialPrinter] Opening serial connection to /dev/cu.usbserial-110 (19200 baud)...
[2026-07-27T12:09:56.346Z] [WARN] ⚠️ [SerialPrinter] Failed to open /dev/cu.usbserial-110: | {"raw":"Error: No such file or directory, cannot open /dev/cu.usbserial-110","friendly":"Error: No such file or directory, cannot open /dev/cu.usbserial-110"}
[2026-07-27T12:10:00.352Z] [INFO] 🔄 [SerialPrinter] Retrying automatic reconnect to /dev/cu.usbserial-110...
[2026-07-27T12:10:00.352Z] [INFO] 🖨️ [SerialPrinter] Opening serial connection to /dev/cu.usbserial-110 (19200 baud)...
[2026-07-27T12:10:00.352Z] [WARN] ⚠️ [SerialPrinter] Failed to open /dev/cu.usbserial-110: | {"raw":"Error: No such file or directory, cannot open /dev/cu.usbserial-110","friendly":"Error: No such file or directory, cannot open /dev/cu.usbserial-110"}
[2026-07-27T12:10:04.358Z] [INFO] 🔄 [SerialPrinter] Retrying automatic reconnect to /dev/cu.usbserial-110...
[2026-07-27T12:10:04.359Z] [INFO] 🖨️ [SerialPrinter] Opening serial connection to /dev/cu.usbserial-110 (19200 baud)...
[2026-07-27T12:10:04.359Z] [WARN] ⚠️ [SerialPrinter] Failed to open /dev/cu.usbserial-110: | {"raw":"Error: No such file or directory, cannot open /dev/cu.usbserial-110","friendly":"Error: No such file or directory, cannot open /dev/cu.usbserial-110"}
[2026-07-27T12:10:08.364Z] [INFO] 🔄 [SerialPrinter] Retrying automatic reconnect to /dev/cu.usbserial-110...
[2026-07-27T12:10:08.364Z] [INFO] 🖨️ [SerialPrinter] Opening serial connection to /dev/cu.usbserial-110 (19200 baud)...
[2026-07-27T12:10:08.366Z] [WARN] ⚠️ [SerialPrinter] Failed to open /dev/cu.usbserial-110: | {"raw":"Error: No such file or directory, cannot open /dev/cu.usbserial-110","friendly":"Error: No such file or directory, cannot open /dev/cu.usbserial-110"}
[2026-07-27T12:10:12.372Z] [INFO] 🔄 [SerialPrinter] Retrying automatic reconnect to /dev/cu.usbserial-110...
[2026-07-27T12:10:12.373Z] [INFO] 🖨️ [SerialPrinter] Opening serial connection to /dev/cu.usbserial-110 (19200 baud)...
[2026-07-27T12:10:12.373Z] [WARN] ⚠️ [SerialPrinter] Failed to open /dev/cu.usbserial-110: | {"raw":"Error: No such file or directory, cannot open /dev/cu.usbserial-110","friendly":"Error: No such file or directory, cannot open /dev/cu.usbserial-110"}
[2026-07-27T12:10:16.379Z] [INFO] 🔄 [SerialPrinter] Retrying automatic reconnect to /dev/cu.usbserial-110...
[2026-07-27T12:10:16.379Z] [INFO] 🖨️ [SerialPrinter] Opening serial connection to /dev/cu.usbserial-110 (19200 baud)...
[2026-07-27T12:10:16.380Z] [WARN] ⚠️ [SerialPrinter] Failed to open /dev/cu.usbserial-110: | {"raw":"Error: No such file or directory, cannot open /dev/cu.usbserial-110","friendly":"Error: No such file or directory, cannot open /dev/cu.usbserial-110"}
[2026-07-27T12:10:20.385Z] [INFO] 🔄 [SerialPrinter] Retrying automatic reconnect to /dev/cu.usbserial-110...
[2026-07-27T12:10:20.385Z] [INFO] 🖨️ [SerialPrinter] Opening serial connection to /dev/cu.usbserial-110 (19200 baud)...
[2026-07-27T12:10:20.386Z] [WARN] ⚠️ [SerialPrinter] Failed to open /dev/cu.usbserial-110: | {"raw":"Error: No such file or directory, cannot open /dev/cu.usbserial-110","friendly":"Error: No such file or directory, cannot open /dev/cu.usbserial-110"}
[2026-07-27T12:10:24.390Z] [INFO] 🔄 [SerialPrinter] Retrying automatic reconnect to /dev/cu.usbserial-110...
[2026-07-27T12:10:24.390Z] [INFO] 🖨️ [SerialPrinter] Opening serial connection to /dev/cu.usbserial-110 (19200 baud)...
[2026-07-27T12:10:24.391Z] [WARN] ⚠️ [SerialPrinter] Failed to open /dev/cu.usbserial-110: | {"raw":"Error: No such file or directory, cannot open /dev/cu.usbserial-110","friendly":"Error: No such file or directory, cannot open /dev/cu.usbserial-110"}
[2026-07-27T12:10:28.396Z] [INFO] 🔄 [SerialPrinter] Retrying automatic reconnect to /dev/cu.usbserial-110...
[2026-07-27T12:10:28.397Z] [INFO] 🖨️ [SerialPrinter] Opening serial connection to /dev/cu.usbserial-110 (19200 baud)...
[2026-07-27T12:10:28.403Z] [WARN] ⚠️ [SerialPrinter] Failed to open /dev/cu.usbserial-110: | {"raw":"Error: No such file or directory, cannot open /dev/cu.usbserial-110","friendly":"Error: No such file or directory, cannot open /dev/cu.usbserial-110"}
[2026-07-27T12:10:32.410Z] [INFO] 🔄 [SerialPrinter] Retrying automatic reconnect to /dev/cu.usbserial-110...
[2026-07-27T12:10:32.411Z] [INFO] 🖨️ [SerialPrinter] Opening serial connection to /dev/cu.usbserial-110 (19200 baud)...
[2026-07-27T12:10:32.411Z] [WARN] ⚠️ [SerialPrinter] Failed to open /dev/cu.usbserial-110: | {"raw":"Error: No such file or directory, cannot open /dev/cu.usbserial-110","friendly":"Error: No such file or directory, cannot open /dev/cu.usbserial-110"}
[2026-07-27T12:10:36.417Z] [INFO] 🔄 [SerialPrinter] Retrying automatic reconnect to /dev/cu.usbserial-110...
[2026-07-27T12:10:36.417Z] [INFO] 🖨️ [SerialPrinter] Opening serial connection to /dev/cu.usbserial-110 (19200 baud)...
[2026-07-27T12:10:36.418Z] [WARN] ⚠️ [SerialPrinter] Failed to open /dev/cu.usbserial-110: | {"raw":"Error: No such file or directory, cannot open /dev/cu.usbserial-110","friendly":"Error: No such file or directory, cannot open /dev/cu.usbserial-110"}
[2026-07-27T12:10:40.423Z] [INFO] 🔄 [SerialPrinter] Retrying automatic reconnect to /dev/cu.usbserial-110...
[2026-07-27T12:10:40.424Z] [INFO] 🖨️ [SerialPrinter] Opening serial connection to /dev/cu.usbserial-110 (19200 baud)...
[2026-07-27T12:10:40.424Z] [WARN] ⚠️ [SerialPrinter] Failed to open /dev/cu.usbserial-110: | {"raw":"Error: No such file or directory, cannot open /dev/cu.usbserial-110","friendly":"Error: No such file or directory, cannot open /dev/cu.usbserial-110"}
[2026-07-27T12:10:44.428Z] [INFO] 🔄 [SerialPrinter] Retrying automatic reconnect to /dev/cu.usbserial-110...
[2026-07-27T12:10:44.429Z] [INFO] 🖨️ [SerialPrinter] Opening serial connection to /dev/cu.usbserial-110 (19200 baud)...
[2026-07-27T12:10:44.429Z] [WARN] ⚠️ [SerialPrinter] Failed to open /dev/cu.usbserial-110: | {"raw":"Error: No such file or directory, cannot open /dev/cu.usbserial-110","friendly":"Error: No such file or directory, cannot open /dev/cu.usbserial-110"}
[2026-07-27T12:10:48.435Z] [INFO] 🔄 [SerialPrinter] Retrying automatic reconnect to /dev/cu.usbserial-110...
[2026-07-27T12:10:48.435Z] [INFO] 🖨️ [SerialPrinter] Opening serial connection to /dev/cu.usbserial-110 (19200 baud)...
[2026-07-27T12:10:48.435Z] [WARN] ⚠️ [SerialPrinter] Failed to open /dev/cu.usbserial-110: | {"raw":"Error: No such file or directory, cannot open /dev/cu.usbserial-110","friendly":"Error: No such file or directory, cannot open /dev/cu.usbserial-110"}
[2026-07-27T12:10:52.441Z] [INFO] 🔄 [SerialPrinter] Retrying automatic reconnect to /dev/cu.usbserial-110...
[2026-07-27T12:10:52.441Z] [INFO] 🖨️ [SerialPrinter] Opening serial connection to /dev/cu.usbserial-110 (19200 baud)...
[2026-07-27T12:10:52.442Z] [WARN] ⚠️ [SerialPrinter] Failed to open /dev/cu.usbserial-110: | {"raw":"Error: No such file or directory, cannot open /dev/cu.usbserial-110","friendly":"Error: No such file or directory, cannot open /dev/cu.usbserial-110"}
[2026-07-27T12:10:56.447Z] [INFO] 🔄 [SerialPrinter] Retrying automatic reconnect to /dev/cu.usbserial-110...
[2026-07-27T12:10:56.448Z] [INFO] 🖨️ [SerialPrinter] Opening serial connection to /dev/cu.usbserial-110 (19200 baud)...
[2026-07-27T12:10:56.448Z] [WARN] ⚠️ [SerialPrinter] Failed to open /dev/cu.usbserial-110: | {"raw":"Error: No such file or directory, cannot open /dev/cu.usbserial-110","friendly":"Error: No such file or directory, cannot open /dev/cu.usbserial-110"}
[2026-07-27T12:11:00.453Z] [INFO] 🔄 [SerialPrinter] Retrying automatic reconnect to /dev/cu.usbserial-110...
[2026-07-27T12:11:00.454Z] [INFO] 🖨️ [SerialPrinter] Opening serial connection to /dev/cu.usbserial-110 (19200 baud)...
[2026-07-27T12:11:00.454Z] [WARN] ⚠️ [SerialPrinter] Failed to open /dev/cu.usbserial-110: | {"raw":"Error: No such file or directory, cannot open /dev/cu.usbserial-110","friendly":"Error: No such file or directory, cannot open /dev/cu.usbserial-110"}
[2026-07-27T12:11:04.459Z] [INFO] 🔄 [SerialPrinter] Retrying automatic reconnect to /dev/cu.usbserial-110...
[2026-07-27T12:11:04.460Z] [INFO] 🖨️ [SerialPrinter] Opening serial connection to /dev/cu.usbserial-110 (19200 baud)...
[2026-07-27T12:11:04.461Z] [WARN] ⚠️ [SerialPrinter] Failed to open /dev/cu.usbserial-110: | {"raw":"Error: No such file or directory, cannot open /dev/cu.usbserial-110","friendly":"Error: No such file or directory, cannot open /dev/cu.usbserial-110"}
[2026-07-27T12:11:08.464Z] [INFO] 🔄 [SerialPrinter] Retrying automatic reconnect to /dev/cu.usbserial-110...
[2026-07-27T12:11:08.465Z] [INFO] 🖨️ [SerialPrinter] Opening serial connection to /dev/cu.usbserial-110 (19200 baud)...
[2026-07-27T12:11:08.465Z] [WARN] ⚠️ [SerialPrinter] Failed to open /dev/cu.usbserial-110: | {"raw":"Error: No such file or directory, cannot open /dev/cu.usbserial-110","friendly":"Error: No such file or directory, cannot open /dev/cu.usbserial-110"}
[2026-07-27T12:11:12.468Z] [INFO] 🔄 [SerialPrinter] Retrying automatic reconnect to /dev/cu.usbserial-110...
[2026-07-27T12:11:12.469Z] [INFO] 🖨️ [SerialPrinter] Opening serial connection to /dev/cu.usbserial-110 (19200 baud)...
[2026-07-27T12:11:12.470Z] [WARN] ⚠️ [SerialPrinter] Failed to open /dev/cu.usbserial-110: | {"raw":"Error: No such file or directory, cannot open /dev/cu.usbserial-110","friendly":"Error: No such file or directory, cannot open /dev/cu.usbserial-110"}
[2026-07-27T12:11:16.475Z] [INFO] 🔄 [SerialPrinter] Retrying automatic reconnect to /dev/cu.usbserial-110...
[2026-07-27T12:11:16.475Z] [INFO] 🖨️ [SerialPrinter] Opening serial connection to /dev/cu.usbserial-110 (19200 baud)...
[2026-07-27T12:11:16.476Z] [WARN] ⚠️ [SerialPrinter] Failed to open /dev/cu.usbserial-110: | {"raw":"Error: No such file or directory, cannot open /dev/cu.usbserial-110","friendly":"Error: No such file or directory, cannot open /dev/cu.usbserial-110"}
[2026-07-27T12:11:20.482Z] [INFO] 🔄 [SerialPrinter] Retrying automatic reconnect to /dev/cu.usbserial-110...
[2026-07-27T12:11:20.482Z] [INFO] 🖨️ [SerialPrinter] Opening serial connection to /dev/cu.usbserial-110 (19200 baud)...
[2026-07-27T12:11:20.482Z] [WARN] ⚠️ [SerialPrinter] Failed to open /dev/cu.usbserial-110: | {"raw":"Error: No such file or directory, cannot open /dev/cu.usbserial-110","friendly":"Error: No such file or directory, cannot open /dev/cu.usbserial-110"}
[2026-07-27T12:11:24.487Z] [INFO] 🔄 [SerialPrinter] Retrying automatic reconnect to /dev/cu.usbserial-110...
[2026-07-27T12:11:24.487Z] [INFO] 🖨️ [SerialPrinter] Opening serial connection to /dev/cu.usbserial-110 (19200 baud)...
[2026-07-27T12:11:24.488Z] [WARN] ⚠️ [SerialPrinter] Failed to open /dev/cu.usbserial-110: | {"raw":"Error: No such file or directory, cannot open /dev/cu.usbserial-110","friendly":"Error: No such file or directory, cannot open /dev/cu.usbserial-110"}
[2026-07-27T12:11:28.492Z] [INFO] 🔄 [SerialPrinter] Retrying automatic reconnect to /dev/cu.usbserial-110...
[2026-07-27T12:11:28.493Z] [INFO] 🖨️ [SerialPrinter] Opening serial connection to /dev/cu.usbserial-110 (19200 baud)...
[2026-07-27T12:11:28.493Z] [WARN] ⚠️ [SerialPrinter] Failed to open /dev/cu.usbserial-110: | {"raw":"Error: No such file or directory, cannot open /dev/cu.usbserial-110","friendly":"Error: No such file or directory, cannot open /dev/cu.usbserial-110"}
[2026-07-27T12:11:32.495Z] [INFO] 🔄 [SerialPrinter] Retrying automatic reconnect to /dev/cu.usbserial-110...
[2026-07-27T12:11:32.496Z] [INFO] 🖨️ [SerialPrinter] Opening serial connection to /dev/cu.usbserial-110 (19200 baud)...
[2026-07-27T12:11:32.496Z] [WARN] ⚠️ [SerialPrinter] Failed to open /dev/cu.usbserial-110: | {"raw":"Error: No such file or directory, cannot open /dev/cu.usbserial-110","friendly":"Error: No such file or directory, cannot open /dev/cu.usbserial-110"}
[2026-07-27T12:11:36.500Z] [INFO] 🔄 [SerialPrinter] Retrying automatic reconnect to /dev/cu.usbserial-110...
[2026-07-27T12:11:36.501Z] [INFO] 🖨️ [SerialPrinter] Opening serial connection to /dev/cu.usbserial-110 (19200 baud)...
[2026-07-27T12:11:36.502Z] [WARN] ⚠️ [SerialPrinter] Failed to open /dev/cu.usbserial-110: | {"raw":"Error: No such file or directory, cannot open /dev/cu.usbserial-110","friendly":"Error: No such file or directory, cannot open /dev/cu.usbserial-110"}
[2026-07-27T12:11:40.505Z] [INFO] 🔄 [SerialPrinter] Retrying automatic reconnect to /dev/cu.usbserial-110...
[2026-07-27T12:11:40.506Z] [INFO] 🖨️ [SerialPrinter] Opening serial connection to /dev/cu.usbserial-110 (19200 baud)...
[2026-07-27T12:11:40.506Z] [WARN] ⚠️ [SerialPrinter] Failed to open /dev/cu.usbserial-110: | {"raw":"Error: No such file or directory, cannot open /dev/cu.usbserial-110","friendly":"Error: No such file or directory, cannot open /dev/cu.usbserial-110"}
[2026-07-27T12:11:44.512Z] [INFO] 🔄 [SerialPrinter] Retrying automatic reconnect to /dev/cu.usbserial-110...
[2026-07-27T12:11:44.512Z] [INFO] 🖨️ [SerialPrinter] Opening serial connection to /dev/cu.usbserial-110 (19200 baud)...
[2026-07-27T12:11:44.515Z] [WARN] ⚠️ [SerialPrinter] Failed to open /dev/cu.usbserial-110: | {"raw":"Error: No such file or directory, cannot open /dev/cu.usbserial-110","friendly":"Error: No such file or directory, cannot open /dev/cu.usbserial-110"}
[2026-07-27T12:11:48.520Z] [INFO] 🔄 [SerialPrinter] Retrying automatic reconnect to /dev/cu.usbserial-110...
[2026-07-27T12:11:48.521Z] [INFO] 🖨️ [SerialPrinter] Opening serial connection to /dev/cu.usbserial-110 (19200 baud)...
[2026-07-27T12:11:48.521Z] [WARN] ⚠️ [SerialPrinter] Failed to open /dev/cu.usbserial-110: | {"raw":"Error: No such file or directory, cannot open /dev/cu.usbserial-110","friendly":"Error: No such file or directory, cannot open /dev/cu.usbserial-110"}
[2026-07-27T12:11:52.526Z] [INFO] 🔄 [SerialPrinter] Retrying automatic reconnect to /dev/cu.usbserial-110...
[2026-07-27T12:11:52.527Z] [INFO] 🖨️ [SerialPrinter] Opening serial connection to /dev/cu.usbserial-110 (19200 baud)...
[2026-07-27T12:11:52.527Z] [WARN] ⚠️ [SerialPrinter] Failed to open /dev/cu.usbserial-110: | {"raw":"Error: No such file or directory, cannot open /dev/cu.usbserial-110","friendly":"Error: No such file or directory, cannot open /dev/cu.usbserial-110"}
[2026-07-27T12:11:56.532Z] [INFO] 🔄 [SerialPrinter] Retrying automatic reconnect to /dev/cu.usbserial-110...
[2026-07-27T12:11:56.532Z] [INFO] 🖨️ [SerialPrinter] Opening serial connection to /dev/cu.usbserial-110 (19200 baud)...
[2026-07-27T12:11:56.532Z] [WARN] ⚠️ [SerialPrinter] Failed to open /dev/cu.usbserial-110: | {"raw":"Error: No such file or directory, cannot open /dev/cu.usbserial-110","friendly":"Error: No such file or directory, cannot open /dev/cu.usbserial-110"}
[2026-07-27T12:12:00.537Z] [INFO] 🔄 [SerialPrinter] Retrying automatic reconnect to /dev/cu.usbserial-110...
[2026-07-27T12:12:00.538Z] [INFO] 🖨️ [SerialPrinter] Opening serial connection to /dev/cu.usbserial-110 (19200 baud)...
[2026-07-27T12:12:00.538Z] [WARN] ⚠️ [SerialPrinter] Failed to open /dev/cu.usbserial-110: | {"raw":"Error: No such file or directory, cannot open /dev/cu.usbserial-110","friendly":"Error: No such file or directory, cannot open /dev/cu.usbserial-110"}
[2026-07-27T12:12:04.544Z] [INFO] 🔄 [SerialPrinter] Retrying automatic reconnect to /dev/cu.usbserial-110...
[2026-07-27T12:12:04.544Z] [INFO] 🖨️ [SerialPrinter] Opening serial connection to /dev/cu.usbserial-110 (19200 baud)...
[2026-07-27T12:12:04.545Z] [WARN] ⚠️ [SerialPrinter] Failed to open /dev/cu.usbserial-110: | {"raw":"Error: No such file or directory, cannot open /dev/cu.usbserial-110","friendly":"Error: No such file or directory, cannot open /dev/cu.usbserial-110"}
[2026-07-27T12:12:08.550Z] [INFO] 🔄 [SerialPrinter] Retrying automatic reconnect to /dev/cu.usbserial-110...
[2026-07-27T12:12:08.551Z] [INFO] 🖨️ [SerialPrinter] Opening serial connection to /dev/cu.usbserial-110 (19200 baud)...
[2026-07-27T12:12:08.551Z] [WARN] ⚠️ [SerialPrinter] Failed to open /dev/cu.usbserial-110: | {"raw":"Error: No such file or directory, cannot open /dev/cu.usbserial-110","friendly":"Error: No such file or directory, cannot open /dev/cu.usbserial-110"}
[2026-07-27T12:12:12.557Z] [INFO] 🔄 [SerialPrinter] Retrying automatic reconnect to /dev/cu.usbserial-110...
[2026-07-27T12:12:12.558Z] [INFO] 🖨️ [SerialPrinter] Opening serial connection to /dev/cu.usbserial-110 (19200 baud)...
[2026-07-27T12:12:12.559Z] [WARN] ⚠️ [SerialPrinter] Failed to open /dev/cu.usbserial-110: | {"raw":"Error: No such file or directory, cannot open /dev/cu.usbserial-110","friendly":"Error: No such file or directory, cannot open /dev/cu.usbserial-110"}
[2026-07-27T12:12:16.565Z] [INFO] 🔄 [SerialPrinter] Retrying automatic reconnect to /dev/cu.usbserial-110...
[2026-07-27T12:12:16.566Z] [INFO] 🖨️ [SerialPrinter] Opening serial connection to /dev/cu.usbserial-110 (19200 baud)...
[2026-07-27T12:12:16.566Z] [WARN] ⚠️ [SerialPrinter] Failed to open /dev/cu.usbserial-110: | {"raw":"Error: No such file or directory, cannot open /dev/cu.usbserial-110","friendly":"Error: No such file or directory, cannot open /dev/cu.usbserial-110"}
[2026-07-27T12:12:20.571Z] [INFO] 🔄 [SerialPrinter] Retrying automatic reconnect to /dev/cu.usbserial-110...
[2026-07-27T12:12:20.572Z] [INFO] 🖨️ [SerialPrinter] Opening serial connection to /dev/cu.usbserial-110 (19200 baud)...
[2026-07-27T12:12:20.572Z] [WARN] ⚠️ [SerialPrinter] Failed to open /dev/cu.usbserial-110: | {"raw":"Error: No such file or directory, cannot open /dev/cu.usbserial-110","friendly":"Error: No such file or directory, cannot open /dev/cu.usbserial-110"}
[2026-07-27T12:12:24.577Z] [INFO] 🔄 [SerialPrinter] Retrying automatic reconnect to /dev/cu.usbserial-110...
[2026-07-27T12:12:24.578Z] [INFO] 🖨️ [SerialPrinter] Opening serial connection to /dev/cu.usbserial-110 (19200 baud)...
[2026-07-27T12:12:24.578Z] [WARN] ⚠️ [SerialPrinter] Failed to open /dev/cu.usbserial-110: | {"raw":"Error: No such file or directory, cannot open /dev/cu.usbserial-110","friendly":"Error: No such file or directory, cannot open /dev/cu.usbserial-110"}
[2026-07-27T12:12:28.584Z] [INFO] 🔄 [SerialPrinter] Retrying automatic reconnect to /dev/cu.usbserial-110...
[2026-07-27T12:12:28.586Z] [INFO] 🖨️ [SerialPrinter] Opening serial connection to /dev/cu.usbserial-110 (19200 baud)...
[2026-07-27T12:12:28.586Z] [WARN] ⚠️ [SerialPrinter] Failed to open /dev/cu.usbserial-110: | {"raw":"Error: No such file or directory, cannot open /dev/cu.usbserial-110","friendly":"Error: No such file or directory, cannot open /dev/cu.usbserial-110"}
[2026-07-27T12:12:32.592Z] [INFO] 🔄 [SerialPrinter] Retrying automatic reconnect to /dev/cu.usbserial-110...
[2026-07-27T12:12:32.593Z] [INFO] 🖨️ [SerialPrinter] Opening serial connection to /dev/cu.usbserial-110 (19200 baud)...
[2026-07-27T12:12:32.593Z] [WARN] ⚠️ [SerialPrinter] Failed to open /dev/cu.usbserial-110: | {"raw":"Error: No such file or directory, cannot open /dev/cu.usbserial-110","friendly":"Error: No such file or directory, cannot open /dev/cu.usbserial-110"}
[2026-07-27T12:12:36.599Z] [INFO] 🔄 [SerialPrinter] Retrying automatic reconnect to /dev/cu.usbserial-110...
[2026-07-27T12:12:36.599Z] [INFO] 🖨️ [SerialPrinter] Opening serial connection to /dev/cu.usbserial-110 (19200 baud)...
[2026-07-27T12:12:36.600Z] [WARN] ⚠️ [SerialPrinter] Failed to open /dev/cu.usbserial-110: | {"raw":"Error: No such file or directory, cannot open /dev/cu.usbserial-110","friendly":"Error: No such file or directory, cannot open /dev/cu.usbserial-110"}
[2026-07-27T12:12:40.605Z] [INFO] 🔄 [SerialPrinter] Retrying automatic reconnect to /dev/cu.usbserial-110...
[2026-07-27T12:12:40.605Z] [INFO] 🖨️ [SerialPrinter] Opening serial connection to /dev/cu.usbserial-110 (19200 baud)...
[2026-07-27T12:12:40.606Z] [WARN] ⚠️ [SerialPrinter] Failed to open /dev/cu.usbserial-110: | {"raw":"Error: No such file or directory, cannot open /dev/cu.usbserial-110","friendly":"Error: No such file or directory, cannot open /dev/cu.usbserial-110"}
[2026-07-27T12:12:44.611Z] [INFO] 🔄 [SerialPrinter] Retrying automatic reconnect to /dev/cu.usbserial-110...
[2026-07-27T12:12:44.612Z] [INFO] 🖨️ [SerialPrinter] Opening serial connection to /dev/cu.usbserial-110 (19200 baud)...
[2026-07-27T12:12:44.612Z] [WARN] ⚠️ [SerialPrinter] Failed to open /dev/cu.usbserial-110: | {"raw":"Error: No such file or directory, cannot open /dev/cu.usbserial-110","friendly":"Error: No such file or directory, cannot open /dev/cu.usbserial-110"}
[2026-07-27T12:12:48.617Z] [INFO] 🔄 [SerialPrinter] Retrying automatic reconnect to /dev/cu.usbserial-110...
[2026-07-27T12:12:48.618Z] [INFO] 🖨️ [SerialPrinter] Opening serial connection to /dev/cu.usbserial-110 (19200 baud)...
[2026-07-27T12:12:48.618Z] [WARN] ⚠️ [SerialPrinter] Failed to open /dev/cu.usbserial-110: | {"raw":"Error: No such file or directory, cannot open /dev/cu.usbserial-110","friendly":"Error: No such file or directory, cannot open /dev/cu.usbserial-110"}
[2026-07-27T12:12:52.623Z] [INFO] 🔄 [SerialPrinter] Retrying automatic reconnect to /dev/cu.usbserial-110...
[2026-07-27T12:12:52.623Z] [INFO] 🖨️ [SerialPrinter] Opening serial connection to /dev/cu.usbserial-110 (19200 baud)...
[2026-07-27T12:12:52.624Z] [WARN] ⚠️ [SerialPrinter] Failed to open /dev/cu.usbserial-110: | {"raw":"Error: No such file or directory, cannot open /dev/cu.usbserial-110","friendly":"Error: No such file or directory, cannot open /dev/cu.usbserial-110"}
[2026-07-27T12:12:56.630Z] [INFO] 🔄 [SerialPrinter] Retrying automatic reconnect to /dev/cu.usbserial-110...
[2026-07-27T12:12:56.630Z] [INFO] 🖨️ [SerialPrinter] Opening serial connection to /dev/cu.usbserial-110 (19200 baud)...
[2026-07-27T12:12:56.631Z] [WARN] ⚠️ [SerialPrinter] Failed to open /dev/cu.usbserial-110: | {"raw":"Error: No such file or directory, cannot open /dev/cu.usbserial-110","friendly":"Error: No such file or directory, cannot open /dev/cu.usbserial-110"}
[2026-07-27T12:13:00.634Z] [INFO] 🔄 [SerialPrinter] Retrying automatic reconnect to /dev/cu.usbserial-110...
[2026-07-27T12:13:00.634Z] [INFO] 🖨️ [SerialPrinter] Opening serial connection to /dev/cu.usbserial-110 (19200 baud)...
[2026-07-27T12:13:00.635Z] [WARN] ⚠️ [SerialPrinter] Failed to open /dev/cu.usbserial-110: | {"raw":"Error: No such file or directory, cannot open /dev/cu.usbserial-110","friendly":"Error: No such file or directory, cannot open /dev/cu.usbserial-110"}
[2026-07-27T12:13:04.638Z] [INFO] 🔄 [SerialPrinter] Retrying automatic reconnect to /dev/cu.usbserial-110...
[2026-07-27T12:13:04.639Z] [INFO] 🖨️ [SerialPrinter] Opening serial connection to /dev/cu.usbserial-110 (19200 baud)...
[2026-07-27T12:13:04.639Z] [WARN] ⚠️ [SerialPrinter] Failed to open /dev/cu.usbserial-110: | {"raw":"Error: No such file or directory, cannot open /dev/cu.usbserial-110","friendly":"Error: No such file or directory, cannot open /dev/cu.usbserial-110"}
[2026-07-27T12:13:08.644Z] [INFO] 🔄 [SerialPrinter] Retrying automatic reconnect to /dev/cu.usbserial-110...
[2026-07-27T12:13:08.645Z] [INFO] 🖨️ [SerialPrinter] Opening serial connection to /dev/cu.usbserial-110 (19200 baud)...
[2026-07-27T12:13:08.646Z] [WARN] ⚠️ [SerialPrinter] Failed to open /dev/cu.usbserial-110: | {"raw":"Error: No such file or directory, cannot open /dev/cu.usbserial-110","friendly":"Error: No such file or directory, cannot open /dev/cu.usbserial-110"}
[2026-07-27T12:13:12.651Z] [INFO] 🔄 [SerialPrinter] Retrying automatic reconnect to /dev/cu.usbserial-110...
[2026-07-27T12:13:12.651Z] [INFO] 🖨️ [SerialPrinter] Opening serial connection to /dev/cu.usbserial-110 (19200 baud)...
[2026-07-27T12:13:12.651Z] [WARN] ⚠️ [SerialPrinter] Failed to open /dev/cu.usbserial-110: | {"raw":"Error: No such file or directory, cannot open /dev/cu.usbserial-110","friendly":"Error: No such file or directory, cannot open /dev/cu.usbserial-110"}
[2026-07-27T12:13:16.656Z] [INFO] 🔄 [SerialPrinter] Retrying automatic reconnect to /dev/cu.usbserial-110...
[2026-07-27T12:13:16.656Z] [INFO] 🖨️ [SerialPrinter] Opening serial connection to /dev/cu.usbserial-110 (19200 baud)...
[2026-07-27T12:13:16.657Z] [WARN] ⚠️ [SerialPrinter] Failed to open /dev/cu.usbserial-110: | {"raw":"Error: No such file or directory, cannot open /dev/cu.usbserial-110","friendly":"Error: No such file or directory, cannot open /dev/cu.usbserial-110"}
[2026-07-27T12:13:20.664Z] [INFO] 🔄 [SerialPrinter] Retrying automatic reconnect to /dev/cu.usbserial-110...
[2026-07-27T12:13:20.665Z] [INFO] 🖨️ [SerialPrinter] Opening serial connection to /dev/cu.usbserial-110 (19200 baud)...
[2026-07-27T12:13:20.666Z] [WARN] ⚠️ [SerialPrinter] Failed to open /dev/cu.usbserial-110: | {"raw":"Error: No such file or directory, cannot open /dev/cu.usbserial-110","friendly":"Error: No such file or directory, cannot open /dev/cu.usbserial-110"}
[2026-07-27T12:13:24.672Z] [INFO] 🔄 [SerialPrinter] Retrying automatic reconnect to /dev/cu.usbserial-110...
[2026-07-27T12:13:24.673Z] [INFO] 🖨️ [SerialPrinter] Opening serial connection to /dev/cu.usbserial-110 (19200 baud)...
[2026-07-27T12:13:24.673Z] [WARN] ⚠️ [SerialPrinter] Failed to open /dev/cu.usbserial-110: | {"raw":"Error: No such file or directory, cannot open /dev/cu.usbserial-110","friendly":"Error: No such file or directory, cannot open /dev/cu.usbserial-110"}
[2026-07-27T12:13:28.679Z] [INFO] 🔄 [SerialPrinter] Retrying automatic reconnect to /dev/cu.usbserial-110...
[2026-07-27T12:13:28.680Z] [INFO] 🖨️ [SerialPrinter] Opening serial connection to /dev/cu.usbserial-110 (19200 baud)...
[2026-07-27T12:13:28.681Z] [WARN] ⚠️ [SerialPrinter] Failed to open /dev/cu.usbserial-110: | {"raw":"Error: No such file or directory, cannot open /dev/cu.usbserial-110","friendly":"Error: No such file or directory, cannot open /dev/cu.usbserial-110"}
[2026-07-27T12:13:32.686Z] [INFO] 🔄 [SerialPrinter] Retrying automatic reconnect to /dev/cu.usbserial-110...
[2026-07-27T12:13:32.686Z] [INFO] 🖨️ [SerialPrinter] Opening serial connection to /dev/cu.usbserial-110 (19200 baud)...
[2026-07-27T12:13:32.687Z] [WARN] ⚠️ [SerialPrinter] Failed to open /dev/cu.usbserial-110: | {"raw":"Error: No such file or directory, cannot open /dev/cu.usbserial-110","friendly":"Error: No such file or directory, cannot open /dev/cu.usbserial-110"}
[2026-07-27T12:13:36.692Z] [INFO] 🔄 [SerialPrinter] Retrying automatic reconnect to /dev/cu.usbserial-110...
[2026-07-27T12:13:36.693Z] [INFO] 🖨️ [SerialPrinter] Opening serial connection to /dev/cu.usbserial-110 (19200 baud)...
[2026-07-27T12:13:36.693Z] [WARN] ⚠️ [SerialPrinter] Failed to open /dev/cu.usbserial-110: | {"raw":"Error: No such file or directory, cannot open /dev/cu.usbserial-110","friendly":"Error: No such file or directory, cannot open /dev/cu.usbserial-110"}
[2026-07-27T12:13:40.699Z] [INFO] 🔄 [SerialPrinter] Retrying automatic reconnect to /dev/cu.usbserial-110...
[2026-07-27T12:13:40.699Z] [INFO] 🖨️ [SerialPrinter] Opening serial connection to /dev/cu.usbserial-110 (19200 baud)...
[2026-07-27T12:13:40.700Z] [WARN] ⚠️ [SerialPrinter] Failed to open /dev/cu.usbserial-110: | {"raw":"Error: No such file or directory, cannot open /dev/cu.usbserial-110","friendly":"Error: No such file or directory, cannot open /dev/cu.usbserial-110"}
[2026-07-27T12:13:44.705Z] [INFO] 🔄 [SerialPrinter] Retrying automatic reconnect to /dev/cu.usbserial-110...
[2026-07-27T12:13:44.706Z] [INFO] 🖨️ [SerialPrinter] Opening serial connection to /dev/cu.usbserial-110 (19200 baud)...
[2026-07-27T12:13:44.707Z] [WARN] ⚠️ [SerialPrinter] Failed to open /dev/cu.usbserial-110: | {"raw":"Error: No such file or directory, cannot open /dev/cu.usbserial-110","friendly":"Error: No such file or directory, cannot open /dev/cu.usbserial-110"}
[2026-07-27T12:13:48.714Z] [INFO] 🔄 [SerialPrinter] Retrying automatic reconnect to /dev/cu.usbserial-110...
[2026-07-27T12:13:48.714Z] [INFO] 🖨️ [SerialPrinter] Opening serial connection to /dev/cu.usbserial-110 (19200 baud)...
[2026-07-27T12:13:48.715Z] [WARN] ⚠️ [SerialPrinter] Failed to open /dev/cu.usbserial-110: | {"raw":"Error: No such file or directory, cannot open /dev/cu.usbserial-110","friendly":"Error: No such file or directory, cannot open /dev/cu.usbserial-110"}
[2026-07-27T12:13:52.719Z] [INFO] 🔄 [SerialPrinter] Retrying automatic reconnect to /dev/cu.usbserial-110...
[2026-07-27T12:13:52.720Z] [INFO] 🖨️ [SerialPrinter] Opening serial connection to /dev/cu.usbserial-110 (19200 baud)...
[2026-07-27T12:13:52.720Z] [WARN] ⚠️ [SerialPrinter] Failed to open /dev/cu.usbserial-110: | {"raw":"Error: No such file or directory, cannot open /dev/cu.usbserial-110","friendly":"Error: No such file or directory, cannot open /dev/cu.usbserial-110"}
[2026-07-27T12:13:56.726Z] [INFO] 🔄 [SerialPrinter] Retrying automatic reconnect to /dev/cu.usbserial-110...
[2026-07-27T12:13:56.726Z] [INFO] 🖨️ [SerialPrinter] Opening serial connection to /dev/cu.usbserial-110 (19200 baud)...
[2026-07-27T12:13:56.727Z] [WARN] ⚠️ [SerialPrinter] Failed to open /dev/cu.usbserial-110: | {"raw":"Error: No such file or directory, cannot open /dev/cu.usbserial-110","friendly":"Error: No such file or directory, cannot open /dev/cu.usbserial-110"}
[2026-07-27T12:14:00.732Z] [INFO] 🔄 [SerialPrinter] Retrying automatic reconnect to /dev/cu.usbserial-110...
[2026-07-27T12:14:00.733Z] [INFO] 🖨️ [SerialPrinter] Opening serial connection to /dev/cu.usbserial-110 (19200 baud)...
[2026-07-27T12:14:00.734Z] [WARN] ⚠️ [SerialPrinter] Failed to open /dev/cu.usbserial-110: | {"raw":"Error: No such file or directory, cannot open /dev/cu.usbserial-110","friendly":"Error: No such file or directory, cannot open /dev/cu.usbserial-110"}
[2026-07-27T12:14:04.739Z] [INFO] 🔄 [SerialPrinter] Retrying automatic reconnect to /dev/cu.usbserial-110...
[2026-07-27T12:14:04.740Z] [INFO] 🖨️ [SerialPrinter] Opening serial connection to /dev/cu.usbserial-110 (19200 baud)...
[2026-07-27T12:14:04.740Z] [WARN] ⚠️ [SerialPrinter] Failed to open /dev/cu.usbserial-110: | {"raw":"Error: No such file or directory, cannot open /dev/cu.usbserial-110","friendly":"Error: No such file or directory, cannot open /dev/cu.usbserial-110"}
[2026-07-27T12:14:08.746Z] [INFO] 🔄 [SerialPrinter] Retrying automatic reconnect to /dev/cu.usbserial-110...
[2026-07-27T12:14:08.747Z] [INFO] 🖨️ [SerialPrinter] Opening serial connection to /dev/cu.usbserial-110 (19200 baud)...
[2026-07-27T12:14:08.747Z] [WARN] ⚠️ [SerialPrinter] Failed to open /dev/cu.usbserial-110: | {"raw":"Error: No such file or directory, cannot open /dev/cu.usbserial-110","friendly":"Error: No such file or directory, cannot open /dev/cu.usbserial-110"}
[2026-07-27T12:14:12.753Z] [INFO] 🔄 [SerialPrinter] Retrying automatic reconnect to /dev/cu.usbserial-110...
[2026-07-27T12:14:12.753Z] [INFO] 🖨️ [SerialPrinter] Opening serial connection to /dev/cu.usbserial-110 (19200 baud)...
[2026-07-27T12:14:12.754Z] [WARN] ⚠️ [SerialPrinter] Failed to open /dev/cu.usbserial-110: | {"raw":"Error: No such file or directory, cannot open /dev/cu.usbserial-110","friendly":"Error: No such file or directory, cannot open /dev/cu.usbserial-110"}
[2026-07-27T12:14:16.760Z] [INFO] 🔄 [SerialPrinter] Retrying automatic reconnect to /dev/cu.usbserial-110...
[2026-07-27T12:14:16.761Z] [INFO] 🖨️ [SerialPrinter] Opening serial connection to /dev/cu.usbserial-110 (19200 baud)...
[2026-07-27T12:14:16.761Z] [WARN] ⚠️ [SerialPrinter] Failed to open /dev/cu.usbserial-110: | {"raw":"Error: No such file or directory, cannot open /dev/cu.usbserial-110","friendly":"Error: No such file or directory, cannot open /dev/cu.usbserial-110"}
[2026-07-27T12:14:20.767Z] [INFO] 🔄 [SerialPrinter] Retrying automatic reconnect to /dev/cu.usbserial-110...
[2026-07-27T12:14:20.767Z] [INFO] 🖨️ [SerialPrinter] Opening serial connection to /dev/cu.usbserial-110 (19200 baud)...
[2026-07-27T12:14:20.768Z] [WARN] ⚠️ [SerialPrinter] Failed to open /dev/cu.usbserial-110: | {"raw":"Error: No such file or directory, cannot open /dev/cu.usbserial-110","friendly":"Error: No such file or directory, cannot open /dev/cu.usbserial-110"}
[2026-07-27T12:14:24.774Z] [INFO] 🔄 [SerialPrinter] Retrying automatic reconnect to /dev/cu.usbserial-110...
[2026-07-27T12:14:24.775Z] [INFO] 🖨️ [SerialPrinter] Opening serial connection to /dev/cu.usbserial-110 (19200 baud)...
[2026-07-27T12:14:24.775Z] [WARN] ⚠️ [SerialPrinter] Failed to open /dev/cu.usbserial-110: | {"raw":"Error: No such file or directory, cannot open /dev/cu.usbserial-110","friendly":"Error: No such file or directory, cannot open /dev/cu.usbserial-110"}
[2026-07-27T12:14:28.780Z] [INFO] 🔄 [SerialPrinter] Retrying automatic reconnect to /dev/cu.usbserial-110...
[2026-07-27T12:14:28.780Z] [INFO] 🖨️ [SerialPrinter] Opening serial connection to /dev/cu.usbserial-110 (19200 baud)...
[2026-07-27T12:14:28.781Z] [WARN] ⚠️ [SerialPrinter] Failed to open /dev/cu.usbserial-110: | {"raw":"Error: No such file or directory, cannot open /dev/cu.usbserial-110","friendly":"Error: No such file or directory, cannot open /dev/cu.usbserial-110"}
[2026-07-27T12:14:32.786Z] [INFO] 🔄 [SerialPrinter] Retrying automatic reconnect to /dev/cu.usbserial-110...
[2026-07-27T12:14:32.787Z] [INFO] 🖨️ [SerialPrinter] Opening serial connection to /dev/cu.usbserial-110 (19200 baud)...
[2026-07-27T12:14:32.787Z] [WARN] ⚠️ [SerialPrinter] Failed to open /dev/cu.usbserial-110: | {"raw":"Error: No such file or directory, cannot open /dev/cu.usbserial-110","friendly":"Error: No such file or directory, cannot open /dev/cu.usbserial-110"}
[2026-07-27T12:14:36.793Z] [INFO] 🔄 [SerialPrinter] Retrying automatic reconnect to /dev/cu.usbserial-110...
[2026-07-27T12:14:36.793Z] [INFO] 🖨️ [SerialPrinter] Opening serial connection to /dev/cu.usbserial-110 (19200 baud)...
[2026-07-27T12:14:36.794Z] [WARN] ⚠️ [SerialPrinter] Failed to open /dev/cu.usbserial-110: | {"raw":"Error: No such file or directory, cannot open /dev/cu.usbserial-110","friendly":"Error: No such file or directory, cannot open /dev/cu.usbserial-110"}
[2026-07-27T12:14:40.798Z] [INFO] 🔄 [SerialPrinter] Retrying automatic reconnect to /dev/cu.usbserial-110...
[2026-07-27T12:14:40.798Z] [INFO] 🖨️ [SerialPrinter] Opening serial connection to /dev/cu.usbserial-110 (19200 baud)...
[2026-07-27T12:14:40.798Z] [WARN] ⚠️ [SerialPrinter] Failed to open /dev/cu.usbserial-110: | {"raw":"Error: No such file or directory, cannot open /dev/cu.usbserial-110","friendly":"Error: No such file or directory, cannot open /dev/cu.usbserial-110"}
[2026-07-27T12:14:44.805Z] [INFO] 🔄 [SerialPrinter] Retrying automatic reconnect to /dev/cu.usbserial-110...
[2026-07-27T12:14:44.806Z] [INFO] 🖨️ [SerialPrinter] Opening serial connection to /dev/cu.usbserial-110 (19200 baud)...
[2026-07-27T12:14:44.807Z] [WARN] ⚠️ [SerialPrinter] Failed to open /dev/cu.usbserial-110: | {"raw":"Error: No such file or directory, cannot open /dev/cu.usbserial-110","friendly":"Error: No such file or directory, cannot open /dev/cu.usbserial-110"}
[2026-07-27T12:14:48.813Z] [INFO] 🔄 [SerialPrinter] Retrying automatic reconnect to /dev/cu.usbserial-110...
[2026-07-27T12:14:48.813Z] [INFO] 🖨️ [SerialPrinter] Opening serial connection to /dev/cu.usbserial-110 (19200 baud)...
[2026-07-27T12:14:48.814Z] [WARN] ⚠️ [SerialPrinter] Failed to open /dev/cu.usbserial-110: | {"raw":"Error: No such file or directory, cannot open /dev/cu.usbserial-110","friendly":"Error: No such file or directory, cannot open /dev/cu.usbserial-110"}
[2026-07-27T12:14:52.819Z] [INFO] 🔄 [SerialPrinter] Retrying automatic reconnect to /dev/cu.usbserial-110...
[2026-07-27T12:14:52.820Z] [INFO] 🖨️ [SerialPrinter] Opening serial connection to /dev/cu.usbserial-110 (19200 baud)...
[2026-07-27T12:14:52.821Z] [WARN] ⚠️ [SerialPrinter] Failed to open /dev/cu.usbserial-110: | {"raw":"Error: No such file or directory, cannot open /dev/cu.usbserial-110","friendly":"Error: No such file or directory, cannot open /dev/cu.usbserial-110"}
[2026-07-27T12:14:56.827Z] [INFO] 🔄 [SerialPrinter] Retrying automatic reconnect to /dev/cu.usbserial-110...
[2026-07-27T12:14:56.827Z] [INFO] 🖨️ [SerialPrinter] Opening serial connection to /dev/cu.usbserial-110 (19200 baud)...
[2026-07-27T12:14:56.828Z] [WARN] ⚠️ [SerialPrinter] Failed to open /dev/cu.usbserial-110: | {"raw":"Error: No such file or directory, cannot open /dev/cu.usbserial-110","friendly":"Error: No such file or directory, cannot open /dev/cu.usbserial-110"}
[2026-07-27T12:15:00.836Z] [INFO] 🔄 [SerialPrinter] Retrying automatic reconnect to /dev/cu.usbserial-110...
[2026-07-27T12:15:00.838Z] [INFO] 🖨️ [SerialPrinter] Opening serial connection to /dev/cu.usbserial-110 (19200 baud)...
[2026-07-27T12:15:00.839Z] [WARN] ⚠️ [SerialPrinter] Failed to open /dev/cu.usbserial-110: | {"raw":"Error: No such file or directory, cannot open /dev/cu.usbserial-110","friendly":"Error: No such file or directory, cannot open /dev/cu.usbserial-110"}
[2026-07-27T12:15:04.844Z] [INFO] 🔄 [SerialPrinter] Retrying automatic reconnect to /dev/cu.usbserial-110...
[2026-07-27T12:15:04.845Z] [INFO] 🖨️ [SerialPrinter] Opening serial connection to /dev/cu.usbserial-110 (19200 baud)...
[2026-07-27T12:15:04.846Z] [WARN] ⚠️ [SerialPrinter] Failed to open /dev/cu.usbserial-110: | {"raw":"Error: No such file or directory, cannot open /dev/cu.usbserial-110","friendly":"Error: No such file or directory, cannot open /dev/cu.usbserial-110"}
[2026-07-27T12:15:08.850Z] [INFO] 🔄 [SerialPrinter] Retrying automatic reconnect to /dev/cu.usbserial-110...
[2026-07-27T12:15:08.850Z] [INFO] 🖨️ [SerialPrinter] Opening serial connection to /dev/cu.usbserial-110 (19200 baud)...
[2026-07-27T12:15:08.851Z] [WARN] ⚠️ [SerialPrinter] Failed to open /dev/cu.usbserial-110: | {"raw":"Error: No such file or directory, cannot open /dev/cu.usbserial-110","friendly":"Error: No such file or directory, cannot open /dev/cu.usbserial-110"}
[2026-07-27T12:15:12.857Z] [INFO] 🔄 [SerialPrinter] Retrying automatic reconnect to /dev/cu.usbserial-110...
[2026-07-27T12:15:12.857Z] [INFO] 🖨️ [SerialPrinter] Opening serial connection to /dev/cu.usbserial-110 (19200 baud)...
[2026-07-27T12:15:12.858Z] [WARN] ⚠️ [SerialPrinter] Failed to open /dev/cu.usbserial-110: | {"raw":"Error: No such file or directory, cannot open /dev/cu.usbserial-110","friendly":"Error: No such file or directory, cannot open /dev/cu.usbserial-110"}
[2026-07-27T12:15:16.863Z] [INFO] 🔄 [SerialPrinter] Retrying automatic reconnect to /dev/cu.usbserial-110...
[2026-07-27T12:15:16.864Z] [INFO] 🖨️ [SerialPrinter] Opening serial connection to /dev/cu.usbserial-110 (19200 baud)...
[2026-07-27T12:15:16.865Z] [WARN] ⚠️ [SerialPrinter] Failed to open /dev/cu.usbserial-110: | {"raw":"Error: No such file or directory, cannot open /dev/cu.usbserial-110","friendly":"Error: No such file or directory, cannot open /dev/cu.usbserial-110"}
[2026-07-27T12:15:20.871Z] [INFO] 🔄 [SerialPrinter] Retrying automatic reconnect to /dev/cu.usbserial-110...
[2026-07-27T12:15:20.871Z] [INFO] 🖨️ [SerialPrinter] Opening serial connection to /dev/cu.usbserial-110 (19200 baud)...
[2026-07-27T12:15:20.872Z] [WARN] ⚠️ [SerialPrinter] Failed to open /dev/cu.usbserial-110: | {"raw":"Error: No such file or directory, cannot open /dev/cu.usbserial-110","friendly":"Error: No such file or directory, cannot open /dev/cu.usbserial-110"}
[2026-07-27T12:15:24.878Z] [INFO] 🔄 [SerialPrinter] Retrying automatic reconnect to /dev/cu.usbserial-110...
[2026-07-27T12:15:24.879Z] [INFO] 🖨️ [SerialPrinter] Opening serial connection to /dev/cu.usbserial-110 (19200 baud)...
[2026-07-27T12:15:24.879Z] [WARN] ⚠️ [SerialPrinter] Failed to open /dev/cu.usbserial-110: | {"raw":"Error: No such file or directory, cannot open /dev/cu.usbserial-110","friendly":"Error: No such file or directory, cannot open /dev/cu.usbserial-110"}
[2026-07-27T12:15:28.884Z] [INFO] 🔄 [SerialPrinter] Retrying automatic reconnect to /dev/cu.usbserial-110...
[2026-07-27T12:15:28.885Z] [INFO] 🖨️ [SerialPrinter] Opening serial connection to /dev/cu.usbserial-110 (19200 baud)...
[2026-07-27T12:15:28.886Z] [WARN] ⚠️ [SerialPrinter] Failed to open /dev/cu.usbserial-110: | {"raw":"Error: No such file or directory, cannot open /dev/cu.usbserial-110","friendly":"Error: No such file or directory, cannot open /dev/cu.usbserial-110"}
[2026-07-27T12:15:32.891Z] [INFO] 🔄 [SerialPrinter] Retrying automatic reconnect to /dev/cu.usbserial-110...
[2026-07-27T12:15:32.892Z] [INFO] 🖨️ [SerialPrinter] Opening serial connection to /dev/cu.usbserial-110 (19200 baud)...
[2026-07-27T12:15:32.893Z] [WARN] ⚠️ [SerialPrinter] Failed to open /dev/cu.usbserial-110: | {"raw":"Error: No such file or directory, cannot open /dev/cu.usbserial-110","friendly":"Error: No such file or directory, cannot open /dev/cu.usbserial-110"}
[2026-07-27T12:15:36.897Z] [INFO] 🔄 [SerialPrinter] Retrying automatic reconnect to /dev/cu.usbserial-110...
[2026-07-27T12:15:36.898Z] [INFO] 🖨️ [SerialPrinter] Opening serial connection to /dev/cu.usbserial-110 (19200 baud)...
[2026-07-27T12:15:36.898Z] [WARN] ⚠️ [SerialPrinter] Failed to open /dev/cu.usbserial-110: | {"raw":"Error: No such file or directory, cannot open /dev/cu.usbserial-110","friendly":"Error: No such file or directory, cannot open /dev/cu.usbserial-110"}
[2026-07-27T12:15:40.904Z] [INFO] 🔄 [SerialPrinter] Retrying automatic reconnect to /dev/cu.usbserial-110...
[2026-07-27T12:15:40.905Z] [INFO] 🖨️ [SerialPrinter] Opening serial connection to /dev/cu.usbserial-110 (19200 baud)...
[2026-07-27T12:15:40.906Z] [WARN] ⚠️ [SerialPrinter] Failed to open /dev/cu.usbserial-110: | {"raw":"Error: No such file or directory, cannot open /dev/cu.usbserial-110","friendly":"Error: No such file or directory, cannot open /dev/cu.usbserial-110"}
[2026-07-27T12:15:44.912Z] [INFO] 🔄 [SerialPrinter] Retrying automatic reconnect to /dev/cu.usbserial-110...
[2026-07-27T12:15:44.912Z] [INFO] 🖨️ [SerialPrinter] Opening serial connection to /dev/cu.usbserial-110 (19200 baud)...
[2026-07-27T12:15:44.913Z] [WARN] ⚠️ [SerialPrinter] Failed to open /dev/cu.usbserial-110: | {"raw":"Error: No such file or directory, cannot open /dev/cu.usbserial-110","friendly":"Error: No such file or directory, cannot open /dev/cu.usbserial-110"}
[2026-07-27T12:15:48.919Z] [INFO] 🔄 [SerialPrinter] Retrying automatic reconnect to /dev/cu.usbserial-110...
[2026-07-27T12:15:48.919Z] [INFO] 🖨️ [SerialPrinter] Opening serial connection to /dev/cu.usbserial-110 (19200 baud)...
[2026-07-27T12:15:48.920Z] [WARN] ⚠️ [SerialPrinter] Failed to open /dev/cu.usbserial-110: | {"raw":"Error: No such file or directory, cannot open /dev/cu.usbserial-110","friendly":"Error: No such file or directory, cannot open /dev/cu.usbserial-110"}
[2026-07-27T12:15:52.926Z] [INFO] 🔄 [SerialPrinter] Retrying automatic reconnect to /dev/cu.usbserial-110...
[2026-07-27T12:15:52.926Z] [INFO] 🖨️ [SerialPrinter] Opening serial connection to /dev/cu.usbserial-110 (19200 baud)...
[2026-07-27T12:15:52.927Z] [WARN] ⚠️ [SerialPrinter] Failed to open /dev/cu.usbserial-110: | {"raw":"Error: No such file or directory, cannot open /dev/cu.usbserial-110","friendly":"Error: No such file or directory, cannot open /dev/cu.usbserial-110"}
[2026-07-27T12:15:56.931Z] [INFO] 🔄 [SerialPrinter] Retrying automatic reconnect to /dev/cu.usbserial-110...
[2026-07-27T12:15:56.931Z] [INFO] 🖨️ [SerialPrinter] Opening serial connection to /dev/cu.usbserial-110 (19200 baud)...
[2026-07-27T12:15:56.932Z] [WARN] ⚠️ [SerialPrinter] Failed to open /dev/cu.usbserial-110: | {"raw":"Error: No such file or directory, cannot open /dev/cu.usbserial-110","friendly":"Error: No such file or directory, cannot open /dev/cu.usbserial-110"}
[2026-07-27T12:16:00.937Z] [INFO] 🔄 [SerialPrinter] Retrying automatic reconnect to /dev/cu.usbserial-110...
[2026-07-27T12:16:00.938Z] [INFO] 🖨️ [SerialPrinter] Opening serial connection to /dev/cu.usbserial-110 (19200 baud)...
[2026-07-27T12:16:00.940Z] [WARN] ⚠️ [SerialPrinter] Failed to open /dev/cu.usbserial-110: | {"raw":"Error: No such file or directory, cannot open /dev/cu.usbserial-110","friendly":"Error: No such file or directory, cannot open /dev/cu.usbserial-110"}
[2026-07-27T12:16:04.948Z] [INFO] 🔄 [SerialPrinter] Retrying automatic reconnect to /dev/cu.usbserial-110...
[2026-07-27T12:16:04.949Z] [INFO] 🖨️ [SerialPrinter] Opening serial connection to /dev/cu.usbserial-110 (19200 baud)...
[2026-07-27T12:16:04.949Z] [WARN] ⚠️ [SerialPrinter] Failed to open /dev/cu.usbserial-110: | {"raw":"Error: No such file or directory, cannot open /dev/cu.usbserial-110","friendly":"Error: No such file or directory, cannot open /dev/cu.usbserial-110"}
[2026-07-27T12:16:08.955Z] [INFO] 🔄 [SerialPrinter] Retrying automatic reconnect to /dev/cu.usbserial-110...
[2026-07-27T12:16:08.956Z] [INFO] 🖨️ [SerialPrinter] Opening serial connection to /dev/cu.usbserial-110 (19200 baud)...
[2026-07-27T12:16:08.957Z] [WARN] ⚠️ [SerialPrinter] Failed to open /dev/cu.usbserial-110: | {"raw":"Error: No such file or directory, cannot open /dev/cu.usbserial-110","friendly":"Error: No such file or directory, cannot open /dev/cu.usbserial-110"}
[2026-07-27T12:16:12.963Z] [INFO] 🔄 [SerialPrinter] Retrying automatic reconnect to /dev/cu.usbserial-110...
[2026-07-27T12:16:12.963Z] [INFO] 🖨️ [SerialPrinter] Opening serial connection to /dev/cu.usbserial-110 (19200 baud)...
[2026-07-27T12:16:12.964Z] [WARN] ⚠️ [SerialPrinter] Failed to open /dev/cu.usbserial-110: | {"raw":"Error: No such file or directory, cannot open /dev/cu.usbserial-110","friendly":"Error: No such file or directory, cannot open /dev/cu.usbserial-110"}
[2026-07-27T12:16:16.969Z] [INFO] 🔄 [SerialPrinter] Retrying automatic reconnect to /dev/cu.usbserial-110...
[2026-07-27T12:16:16.969Z] [INFO] 🖨️ [SerialPrinter] Opening serial connection to /dev/cu.usbserial-110 (19200 baud)...
[2026-07-27T12:16:16.970Z] [WARN] ⚠️ [SerialPrinter] Failed to open /dev/cu.usbserial-110: | {"raw":"Error: No such file or directory, cannot open /dev/cu.usbserial-110","friendly":"Error: No such file or directory, cannot open /dev/cu.usbserial-110"}
[2026-07-27T12:16:20.975Z] [INFO] 🔄 [SerialPrinter] Retrying automatic reconnect to /dev/cu.usbserial-110...
[2026-07-27T12:16:20.976Z] [INFO] 🖨️ [SerialPrinter] Opening serial connection to /dev/cu.usbserial-110 (19200 baud)...
[2026-07-27T12:16:20.976Z] [WARN] ⚠️ [SerialPrinter] Failed to open /dev/cu.usbserial-110: | {"raw":"Error: No such file or directory, cannot open /dev/cu.usbserial-110","friendly":"Error: No such file or directory, cannot open /dev/cu.usbserial-110"}
[2026-07-27T12:16:24.979Z] [INFO] 🔄 [SerialPrinter] Retrying automatic reconnect to /dev/cu.usbserial-110...
[2026-07-27T12:16:24.979Z] [INFO] 🖨️ [SerialPrinter] Opening serial connection to /dev/cu.usbserial-110 (19200 baud)...
[2026-07-27T12:16:24.979Z] [WARN] ⚠️ [SerialPrinter] Failed to open /dev/cu.usbserial-110: | {"raw":"Error: No such file or directory, cannot open /dev/cu.usbserial-110","friendly":"Error: No such file or directory, cannot open /dev/cu.usbserial-110"}
[2026-07-27T12:16:28.983Z] [INFO] 🔄 [SerialPrinter] Retrying automatic reconnect to /dev/cu.usbserial-110...
[2026-07-27T12:16:28.983Z] [INFO] 🖨️ [SerialPrinter] Opening serial connection to /dev/cu.usbserial-110 (19200 baud)...
[2026-07-27T12:16:28.984Z] [WARN] ⚠️ [SerialPrinter] Failed to open /dev/cu.usbserial-110: | {"raw":"Error: No such file or directory, cannot open /dev/cu.usbserial-110","friendly":"Error: No such file or directory, cannot open /dev/cu.usbserial-110"}
[2026-07-27T12:16:32.987Z] [INFO] 🔄 [SerialPrinter] Retrying automatic reconnect to /dev/cu.usbserial-110...
[2026-07-27T12:16:32.987Z] [INFO] 🖨️ [SerialPrinter] Opening serial connection to /dev/cu.usbserial-110 (19200 baud)...
[2026-07-27T12:16:32.988Z] [WARN] ⚠️ [SerialPrinter] Failed to open /dev/cu.usbserial-110: | {"raw":"Error: No such file or directory, cannot open /dev/cu.usbserial-110","friendly":"Error: No such file or directory, cannot open /dev/cu.usbserial-110"}
[2026-07-27T12:16:36.992Z] [INFO] 🔄 [SerialPrinter] Retrying automatic reconnect to /dev/cu.usbserial-110...
[2026-07-27T12:16:36.993Z] [INFO] 🖨️ [SerialPrinter] Opening serial connection to /dev/cu.usbserial-110 (19200 baud)...
[2026-07-27T12:16:36.994Z] [WARN] ⚠️ [SerialPrinter] Failed to open /dev/cu.usbserial-110: | {"raw":"Error: No such file or directory, cannot open /dev/cu.usbserial-110","friendly":"Error: No such file or directory, cannot open /dev/cu.usbserial-110"}
[2026-07-27T12:16:40.999Z] [INFO] 🔄 [SerialPrinter] Retrying automatic reconnect to /dev/cu.usbserial-110...
[2026-07-27T12:16:40.999Z] [INFO] 🖨️ [SerialPrinter] Opening serial connection to /dev/cu.usbserial-110 (19200 baud)...
[2026-07-27T12:16:41.000Z] [WARN] ⚠️ [SerialPrinter] Failed to open /dev/cu.usbserial-110: | {"raw":"Error: No such file or directory, cannot open /dev/cu.usbserial-110","friendly":"Error: No such file or directory, cannot open /dev/cu.usbserial-110"}
[2026-07-27T12:16:45.005Z] [INFO] 🔄 [SerialPrinter] Retrying automatic reconnect to /dev/cu.usbserial-110...
[2026-07-27T12:16:45.006Z] [INFO] 🖨️ [SerialPrinter] Opening serial connection to /dev/cu.usbserial-110 (19200 baud)...
[2026-07-27T12:16:45.007Z] [WARN] ⚠️ [SerialPrinter] Failed to open /dev/cu.usbserial-110: | {"raw":"Error: No such file or directory, cannot open /dev/cu.usbserial-110","friendly":"Error: No such file or directory, cannot open /dev/cu.usbserial-110"}
[2026-07-27T12:16:49.011Z] [INFO] 🔄 [SerialPrinter] Retrying automatic reconnect to /dev/cu.usbserial-110...
[2026-07-27T12:16:49.011Z] [INFO] 🖨️ [SerialPrinter] Opening serial connection to /dev/cu.usbserial-110 (19200 baud)...
[2026-07-27T12:16:49.011Z] [WARN] ⚠️ [SerialPrinter] Failed to open /dev/cu.usbserial-110: | {"raw":"Error: No such file or directory, cannot open /dev/cu.usbserial-110","friendly":"Error: No such file or directory, cannot open /dev/cu.usbserial-110"}
[2026-07-27T12:16:53.016Z] [INFO] 🔄 [SerialPrinter] Retrying automatic reconnect to /dev/cu.usbserial-110...
[2026-07-27T12:16:53.016Z] [INFO] 🖨️ [SerialPrinter] Opening serial connection to /dev/cu.usbserial-110 (19200 baud)...
[2026-07-27T12:16:53.017Z] [WARN] ⚠️ [SerialPrinter] Failed to open /dev/cu.usbserial-110: | {"raw":"Error: No such file or directory, cannot open /dev/cu.usbserial-110","friendly":"Error: No such file or directory, cannot open /dev/cu.usbserial-110"}
[2026-07-27T12:16:57.023Z] [INFO] 🔄 [SerialPrinter] Retrying automatic reconnect to /dev/cu.usbserial-110...
[2026-07-27T12:16:57.024Z] [INFO] 🖨️ [SerialPrinter] Opening serial connection to /dev/cu.usbserial-110 (19200 baud)...
[2026-07-27T12:16:57.025Z] [WARN] ⚠️ [SerialPrinter] Failed to open /dev/cu.usbserial-110: | {"raw":"Error: No such file or directory, cannot open /dev/cu.usbserial-110","friendly":"Error: No such file or directory, cannot open /dev/cu.usbserial-110"}
[2026-07-27T12:17:01.029Z] [INFO] 🔄 [SerialPrinter] Retrying automatic reconnect to /dev/cu.usbserial-110...
[2026-07-27T12:17:01.029Z] [INFO] 🖨️ [SerialPrinter] Opening serial connection to /dev/cu.usbserial-110 (19200 baud)...
[2026-07-27T12:17:01.030Z] [WARN] ⚠️ [SerialPrinter] Failed to open /dev/cu.usbserial-110: | {"raw":"Error: No such file or directory, cannot open /dev/cu.usbserial-110","friendly":"Error: No such file or directory, cannot open /dev/cu.usbserial-110"}
[2026-07-27T12:17:05.032Z] [INFO] 🔄 [SerialPrinter] Retrying automatic reconnect to /dev/cu.usbserial-110...
[2026-07-27T12:17:05.032Z] [INFO] 🖨️ [SerialPrinter] Opening serial connection to /dev/cu.usbserial-110 (19200 baud)...
[2026-07-27T12:17:05.032Z] [WARN] ⚠️ [SerialPrinter] Failed to open /dev/cu.usbserial-110: | {"raw":"Error: No such file or directory, cannot open /dev/cu.usbserial-110","friendly":"Error: No such file or directory, cannot open /dev/cu.usbserial-110"}
[2026-07-27T12:17:05.316Z] [INFO] 🖨️ [SerialPrinter] Driver configured for port: /dev/cu.usbserial-110 (Baud: 19200)
[2026-07-27T12:17:09.036Z] [INFO] 🔄 [SerialPrinter] Retrying automatic reconnect to /dev/cu.usbserial-110...
[2026-07-27T12:17:09.038Z] [INFO] 🖨️ [SerialPrinter] Opening serial connection to /dev/cu.usbserial-110 (19200 baud)...
[2026-07-27T12:17:09.038Z] [WARN] ⚠️ [SerialPrinter] Failed to open /dev/cu.usbserial-110: | {"raw":"Error: No such file or directory, cannot open /dev/cu.usbserial-110","friendly":"Error: No such file or directory, cannot open /dev/cu.usbserial-110"}
[2026-07-27T12:17:13.043Z] [INFO] 🔄 [SerialPrinter] Retrying automatic reconnect to /dev/cu.usbserial-110...
[2026-07-27T12:17:13.044Z] [INFO] 🖨️ [SerialPrinter] Opening serial connection to /dev/cu.usbserial-110 (19200 baud)...
[2026-07-27T12:17:13.045Z] [WARN] ⚠️ [SerialPrinter] Failed to open /dev/cu.usbserial-110: | {"raw":"Error: No such file or directory, cannot open /dev/cu.usbserial-110","friendly":"Error: No such file or directory, cannot open /dev/cu.usbserial-110"}
[2026-07-27T12:17:17.048Z] [INFO] 🔄 [SerialPrinter] Retrying automatic reconnect to /dev/cu.usbserial-110...
[2026-07-27T12:17:17.048Z] [INFO] 🖨️ [SerialPrinter] Opening serial connection to /dev/cu.usbserial-110 (19200 baud)...
[2026-07-27T12:17:17.049Z] [WARN] ⚠️ [SerialPrinter] Failed to open /dev/cu.usbserial-110: | {"raw":"Error: No such file or directory, cannot open /dev/cu.usbserial-110","friendly":"Error: No such file or directory, cannot open /dev/cu.usbserial-110"}
[2026-07-27T12:17:17.883Z] [WARN] ⚠️ [SerialPrinter] Thermal printer hardware unavailable at /dev/cu.usbserial-110. Marked OFFLINE.
[2026-07-27T12:17:21.053Z] [INFO] 🔄 [SerialPrinter] Retrying automatic reconnect to /dev/cu.usbserial-110...
[2026-07-27T12:17:21.054Z] [INFO] 🖨️ [SerialPrinter] Opening serial connection to /dev/cu.usbserial-110 (19200 baud)...
[2026-07-27T12:17:21.054Z] [WARN] ⚠️ [SerialPrinter] Failed to open /dev/cu.usbserial-110: | {"raw":"Error: No such file or directory, cannot open /dev/cu.usbserial-110","friendly":"Error: No such file or directory, cannot open /dev/cu.usbserial-110"}
[2026-07-27T12:17:25.060Z] [INFO] 🔄 [SerialPrinter] Retrying automatic reconnect to /dev/cu.usbserial-110...
[2026-07-27T12:17:25.061Z] [INFO] 🖨️ [SerialPrinter] Opening serial connection to /dev/cu.usbserial-110 (19200 baud)...
[2026-07-27T12:17:25.061Z] [WARN] ⚠️ [SerialPrinter] Failed to open /dev/cu.usbserial-110: | {"raw":"Error: No such file or directory, cannot open /dev/cu.usbserial-110","friendly":"Error: No such file or directory, cannot open /dev/cu.usbserial-110"}
[2026-07-27T12:17:29.067Z] [INFO] 🔄 [SerialPrinter] Retrying automatic reconnect to /dev/cu.usbserial-110...
[2026-07-27T12:17:29.068Z] [INFO] 🖨️ [SerialPrinter] Opening serial connection to /dev/cu.usbserial-110 (19200 baud)...
[2026-07-27T12:17:29.068Z] [WARN] ⚠️ [SerialPrinter] Failed to open /dev/cu.usbserial-110: | {"raw":"Error: No such file or directory, cannot open /dev/cu.usbserial-110","friendly":"Error: No such file or directory, cannot open /dev/cu.usbserial-110"}
[2026-07-27T12:17:33.075Z] [INFO] 🔄 [SerialPrinter] Retrying automatic reconnect to /dev/cu.usbserial-110...
[2026-07-27T12:17:33.076Z] [INFO] 🖨️ [SerialPrinter] Opening serial connection to /dev/cu.usbserial-110 (19200 baud)...
[2026-07-27T12:17:33.077Z] [WARN] ⚠️ [SerialPrinter] Failed to open /dev/cu.usbserial-110: | {"raw":"Error: No such file or directory, cannot open /dev/cu.usbserial-110","friendly":"Error: No such file or directory, cannot open /dev/cu.usbserial-110"}
[2026-07-27T12:17:37.082Z] [INFO] 🔄 [SerialPrinter] Retrying automatic reconnect to /dev/cu.usbserial-110...
[2026-07-27T12:17:37.083Z] [INFO] 🖨️ [SerialPrinter] Opening serial connection to /dev/cu.usbserial-110 (19200 baud)...
[2026-07-27T12:17:37.083Z] [WARN] ⚠️ [SerialPrinter] Failed to open /dev/cu.usbserial-110: | {"raw":"Error: No such file or directory, cannot open /dev/cu.usbserial-110","friendly":"Error: No such file or directory, cannot open /dev/cu.usbserial-110"}
[2026-07-27T12:17:41.089Z] [INFO] 🔄 [SerialPrinter] Retrying automatic reconnect to /dev/cu.usbserial-110...
[2026-07-27T12:17:41.090Z] [INFO] 🖨️ [SerialPrinter] Opening serial connection to /dev/cu.usbserial-110 (19200 baud)...
[2026-07-27T12:17:41.090Z] [WARN] ⚠️ [SerialPrinter] Failed to open /dev/cu.usbserial-110: | {"raw":"Error: No such file or directory, cannot open /dev/cu.usbserial-110","friendly":"Error: No such file or directory, cannot open /dev/cu.usbserial-110"}
[2026-07-27T12:17:45.096Z] [INFO] 🔄 [SerialPrinter] Retrying automatic reconnect to /dev/cu.usbserial-110...
[2026-07-27T12:17:45.096Z] [INFO] 🖨️ [SerialPrinter] Opening serial connection to /dev/cu.usbserial-110 (19200 baud)...
[2026-07-27T12:17:45.097Z] [WARN] ⚠️ [SerialPrinter] Failed to open /dev/cu.usbserial-110: | {"raw":"Error: No such file or directory, cannot open /dev/cu.usbserial-110","friendly":"Error: No such file or directory, cannot open /dev/cu.usbserial-110"}
[2026-07-27T12:17:49.102Z] [INFO] 🔄 [SerialPrinter] Retrying automatic reconnect to /dev/cu.usbserial-110...
[2026-07-27T12:17:49.104Z] [INFO] 🖨️ [SerialPrinter] Opening serial connection to /dev/cu.usbserial-110 (19200 baud)...
[2026-07-27T12:17:49.104Z] [WARN] ⚠️ [SerialPrinter] Failed to open /dev/cu.usbserial-110: | {"raw":"Error: No such file or directory, cannot open /dev/cu.usbserial-110","friendly":"Error: No such file or directory, cannot open /dev/cu.usbserial-110"}
[2026-07-27T12:17:53.108Z] [INFO] 🔄 [SerialPrinter] Retrying automatic reconnect to /dev/cu.usbserial-110...
[2026-07-27T12:17:53.108Z] [INFO] 🖨️ [SerialPrinter] Opening serial connection to /dev/cu.usbserial-110 (19200 baud)...
[2026-07-27T12:17:53.108Z] [WARN] ⚠️ [SerialPrinter] Failed to open /dev/cu.usbserial-110: | {"raw":"Error: No such file or directory, cannot open /dev/cu.usbserial-110","friendly":"Error: No such file or directory, cannot open /dev/cu.usbserial-110"}
[2026-07-27T12:17:57.113Z] [INFO] 🔄 [SerialPrinter] Retrying automatic reconnect to /dev/cu.usbserial-110...
[2026-07-27T12:17:57.114Z] [INFO] 🖨️ [SerialPrinter] Opening serial connection to /dev/cu.usbserial-110 (19200 baud)...
[2026-07-27T12:17:57.115Z] [WARN] ⚠️ [SerialPrinter] Failed to open /dev/cu.usbserial-110: | {"raw":"Error: No such file or directory, cannot open /dev/cu.usbserial-110","friendly":"Error: No such file or directory, cannot open /dev/cu.usbserial-110"}
[2026-07-27T12:18:01.120Z] [INFO] 🔄 [SerialPrinter] Retrying automatic reconnect to /dev/cu.usbserial-110...
[2026-07-27T12:18:01.120Z] [INFO] 🖨️ [SerialPrinter] Opening serial connection to /dev/cu.usbserial-110 (19200 baud)...
[2026-07-27T12:18:01.121Z] [WARN] ⚠️ [SerialPrinter] Failed to open /dev/cu.usbserial-110: | {"raw":"Error: No such file or directory, cannot open /dev/cu.usbserial-110","friendly":"Error: No such file or directory, cannot open /dev/cu.usbserial-110"}
[2026-07-27T12:18:05.127Z] [INFO] 🔄 [SerialPrinter] Retrying automatic reconnect to /dev/cu.usbserial-110...
[2026-07-27T12:18:05.131Z] [INFO] 🖨️ [SerialPrinter] Opening serial connection to /dev/cu.usbserial-110 (19200 baud)...
[2026-07-27T12:18:05.132Z] [WARN] ⚠️ [SerialPrinter] Failed to open /dev/cu.usbserial-110: | {"raw":"Error: No such file or directory, cannot open /dev/cu.usbserial-110","friendly":"Error: No such file or directory, cannot open /dev/cu.usbserial-110"}
[2026-07-27T12:18:09.138Z] [INFO] 🔄 [SerialPrinter] Retrying automatic reconnect to /dev/cu.usbserial-110...
[2026-07-27T12:18:09.139Z] [INFO] 🖨️ [SerialPrinter] Opening serial connection to /dev/cu.usbserial-110 (19200 baud)...
[2026-07-27T12:18:09.139Z] [WARN] ⚠️ [SerialPrinter] Failed to open /dev/cu.usbserial-110: | {"raw":"Error: No such file or directory, cannot open /dev/cu.usbserial-110","friendly":"Error: No such file or directory, cannot open /dev/cu.usbserial-110"}
[2026-07-27T12:18:13.144Z] [INFO] 🔄 [SerialPrinter] Retrying automatic reconnect to /dev/cu.usbserial-110...
[2026-07-27T12:18:13.145Z] [INFO] 🖨️ [SerialPrinter] Opening serial connection to /dev/cu.usbserial-110 (19200 baud)...
[2026-07-27T12:18:13.146Z] [WARN] ⚠️ [SerialPrinter] Failed to open /dev/cu.usbserial-110: | {"raw":"Error: No such file or directory, cannot open /dev/cu.usbserial-110","friendly":"Error: No such file or directory, cannot open /dev/cu.usbserial-110"}
[2026-07-27T12:18:17.152Z] [INFO] 🔄 [SerialPrinter] Retrying automatic reconnect to /dev/cu.usbserial-110...
[2026-07-27T12:18:17.152Z] [INFO] 🖨️ [SerialPrinter] Opening serial connection to /dev/cu.usbserial-110 (19200 baud)...
[2026-07-27T12:18:17.153Z] [WARN] ⚠️ [SerialPrinter] Failed to open /dev/cu.usbserial-110: | {"raw":"Error: No such file or directory, cannot open /dev/cu.usbserial-110","friendly":"Error: No such file or directory, cannot open /dev/cu.usbserial-110"}
[2026-07-27T12:18:21.159Z] [INFO] 🔄 [SerialPrinter] Retrying automatic reconnect to /dev/cu.usbserial-110...
[2026-07-27T12:18:21.162Z] [INFO] 🖨️ [SerialPrinter] Opening serial connection to /dev/cu.usbserial-110 (19200 baud)...
[2026-07-27T12:18:21.163Z] [WARN] ⚠️ [SerialPrinter] Failed to open /dev/cu.usbserial-110: | {"raw":"Error: No such file or directory, cannot open /dev/cu.usbserial-110","friendly":"Error: No such file or directory, cannot open /dev/cu.usbserial-110"}
[2026-07-27T12:18:25.173Z] [INFO] 🔄 [SerialPrinter] Retrying automatic reconnect to /dev/cu.usbserial-110...
[2026-07-27T12:18:25.180Z] [INFO] 🖨️ [SerialPrinter] Opening serial connection to /dev/cu.usbserial-110 (19200 baud)...
[2026-07-27T12:18:25.182Z] [WARN] ⚠️ [SerialPrinter] Failed to open /dev/cu.usbserial-110: | {"raw":"Error: No such file or directory, cannot open /dev/cu.usbserial-110","friendly":"Error: No such file or directory, cannot open /dev/cu.usbserial-110"}
[2026-07-27T12:18:29.188Z] [INFO] 🔄 [SerialPrinter] Retrying automatic reconnect to /dev/cu.usbserial-110...
[2026-07-27T12:18:29.188Z] [INFO] 🖨️ [SerialPrinter] Opening serial connection to /dev/cu.usbserial-110 (19200 baud)...
[2026-07-27T12:18:29.189Z] [WARN] ⚠️ [SerialPrinter] Failed to open /dev/cu.usbserial-110: | {"raw":"Error: No such file or directory, cannot open /dev/cu.usbserial-110","friendly":"Error: No such file or directory, cannot open /dev/cu.usbserial-110"}
[2026-07-27T12:18:33.196Z] [INFO] 🔄 [SerialPrinter] Retrying automatic reconnect to /dev/cu.usbserial-110...
[2026-07-27T12:18:33.197Z] [INFO] 🖨️ [SerialPrinter] Opening serial connection to /dev/cu.usbserial-110 (19200 baud)...
[2026-07-27T12:18:33.198Z] [WARN] ⚠️ [SerialPrinter] Failed to open /dev/cu.usbserial-110: | {"raw":"Error: No such file or directory, cannot open /dev/cu.usbserial-110","friendly":"Error: No such file or directory, cannot open /dev/cu.usbserial-110"}
[2026-07-27T12:18:37.202Z] [INFO] 🔄 [SerialPrinter] Retrying automatic reconnect to /dev/cu.usbserial-110...
[2026-07-27T12:18:37.202Z] [INFO] 🖨️ [SerialPrinter] Opening serial connection to /dev/cu.usbserial-110 (19200 baud)...
[2026-07-27T12:18:37.202Z] [WARN] ⚠️ [SerialPrinter] Failed to open /dev/cu.usbserial-110: | {"raw":"Error: No such file or directory, cannot open /dev/cu.usbserial-110","friendly":"Error: No such file or directory, cannot open /dev/cu.usbserial-110"}
[2026-07-27T12:19:32.503Z] [INFO] 🖨️ [SerialPrinter] Driver configured for port: /dev/cu.usbserial-110 (Baud: 19200)
[2026-07-27T12:19:45.068Z] [WARN] ⚠️ [SerialPrinter] Thermal printer hardware unavailable at /dev/cu.usbserial-110. Marked OFFLINE.
[2026-07-27T12:52:46.744Z] [INFO] 🖨️ [SerialPrinter] Driver configured for port: /dev/cu.usbserial-110 (Baud: 19200)
[2026-07-27T12:52:59.329Z] [WARN] ⚠️ [SerialPrinter] Thermal printer hardware unavailable at /dev/cu.usbserial-110. Marked OFFLINE.
[2026-07-27T12:53:24.260Z] [INFO] 🔍 [PrinterService] Discovered 13 hardware serial ports.
[2026-07-27T12:53:24.264Z] [INFO] 🔍 [PrinterService] Discovered 13 hardware serial ports.
[2026-07-27T12:53:24.269Z] [INFO] 🔍 [PrinterService] Discovered 13 hardware serial ports.
[2026-07-27T12:53:24.274Z] [INFO] 🔍 [PrinterService] Discovered 13 hardware serial ports.
[2026-07-27T14:08:44.697Z] [INFO] 🖨️ [SerialPrinter] Driver configured for port: /dev/cu.usbserial-110 (Baud: 19200)
[2026-07-27T14:08:44.815Z] [INFO] 🔍 [SerialPrinter] Auto-detected USB printer port: /dev/cu.usbserial-10
[2026-07-27T14:08:44.815Z] [INFO] Saved new printer & kitchen mode configuration to printer.json | {"port":"/dev/cu.usbserial-10","baudRate":19200,"kitchenMode":"LIVE","updatedAt":"2026-07-27T14:08:44.815Z"}
[2026-07-27T14:08:44.874Z] [INFO] ✅ [SerialPrinter] Connected to thermal printer at /dev/cu.usbserial-10
[2026-07-27T14:09:03.151Z] [INFO] 🔍 [PrinterService] Discovered 14 hardware serial ports.
[2026-07-27T14:09:03.154Z] [INFO] 🔍 [PrinterService] Discovered 14 hardware serial ports.
[2026-07-27T14:09:03.157Z] [INFO] 🔍 [PrinterService] Discovered 14 hardware serial ports.
[2026-07-27T14:09:03.160Z] [INFO] 🔍 [PrinterService] Discovered 14 hardware serial ports.
[2026-07-27T14:09:57.355Z] [INFO] 🔍 [PrinterService] Discovered 14 hardware serial ports.
[2026-07-27T14:09:57.357Z] [INFO] 🔍 [PrinterService] Discovered 14 hardware serial ports.
[2026-07-27T14:10:52.607Z] [INFO] 📋 [KOTRoutingService] Routing order #123 (Mode: LIVE, Items: 1)
[2026-07-27T14:10:52.613Z] [INFO] 📥 [PrintQueue] Job JOB-1785161452613-157 (KOT (WAITER COPY)) enqueued. Waiting jobs: 1
[2026-07-27T14:10:52.614Z] [INFO] 🖨️ [PrintQueue] Processing job JOB-1785161452613-157 (KOT (WAITER COPY))...
[2026-07-27T14:10:57.999Z] [INFO] ✅ [SerialPrinter] Sent 520 bytes successfully to /dev/cu.usbserial-10
[2026-07-27T14:11:24.866Z] [INFO] 🔍 [PrinterService] Discovered 14 hardware serial ports.
[2026-07-27T14:11:24.869Z] [INFO] 🔍 [PrinterService] Discovered 14 hardware serial ports.
[2026-07-27T14:11:30.747Z] [INFO] 🔍 [PrinterService] Discovered 14 hardware serial ports.
[2026-07-27T14:11:30.751Z] [INFO] 🔍 [PrinterService] Discovered 14 hardware serial ports.
[2026-07-27T14:11:45.347Z] [INFO] 📋 [KOTRoutingService] Routing order #125 (Mode: LIVE, Items: 2)
[2026-07-27T14:11:45.348Z] [INFO] 📥 [PrintQueue] Job JOB-1785161505348-346 (KOT (WAITER COPY)) enqueued. Waiting jobs: 1
[2026-07-27T14:11:45.349Z] [INFO] 🖨️ [PrintQueue] Processing job JOB-1785161505348-346 (KOT (WAITER COPY))...
[2026-07-27T14:11:50.773Z] [INFO] ✅ [SerialPrinter] Sent 584 bytes successfully to /dev/cu.usbserial-10
[2026-07-27T17:21:23.979Z] [INFO] 🔍 [PrinterService] Discovered 13 hardware serial ports.
[2026-07-27T17:21:23.984Z] [INFO] 🔍 [PrinterService] Discovered 13 hardware serial ports.
[2026-07-28T16:56:33.171Z] [WARN] Printer Agent offline, returning cached default port
[2026-07-28T16:56:33.175Z] [WARN] Printer Agent offline, returning cached default port
[2026-07-28T16:56:33.178Z] [WARN] Printer Agent offline, returning cached default port
[2026-07-28T16:56:33.179Z] [WARN] Printer Agent offline, returning cached default port
[2026-07-28T17:17:53.138Z] [INFO] 🔌 [CloudPrinterGateway] Printer Agent Registered (Socket ID: T4RaZqi9-8fcuuCKAAAH)
[2026-07-28T17:17:53.140Z] [INFO] 🔌 [CloudPrinterGateway] Printer Agent Registered (Socket ID: T4RaZqi9-8fcuuCKAAAH)
[2026-07-28T17:21:07.575Z] [INFO] 📤 [CloudPrinterGateway] Transmitting KOT job JOB-1785259267575-691 to agent...
[2026-07-28T17:21:26.305Z] [INFO] 📤 [CloudPrinterGateway] Transmitting BILL job JOB-1785259286305-903 to agent...
[2026-07-28T17:25:49.815Z] [INFO] 📤 [CloudPrinterGateway] Transmitting KOT job JOB-1785259549815-532 to agent...
[2026-07-28T17:30:41.585Z] [WARN] ⚠️ [CloudPrinterGateway] Printer Agent disconnected (Socket ID: T4RaZqi9-8fcuuCKAAAH)
[2026-07-28T17:31:32.542Z] [WARN] ⚠️ [CloudPrinterGateway] Printer Agent offline. Queuing job JOB-1785259892542-502 until agent reconnects...
[2026-07-28T17:32:02.547Z] [ERROR] printKOT failed: | {"error":"Timeout (30s) waiting for Printer Agent to connect and execute print job JOB-1785259892542-502"}
[2026-07-28T17:32:02.553Z] [ERROR] API Error in POST /kot: | {"message":"Timeout (30s) waiting for Printer Agent to connect and execute print job JOB-1785259892542-502","stack":"Error: Timeout (30s) waiting for Printer Agent to connect and execute print job JOB-1785259892542-502\n    at Timeout._onTimeout (/Users/ExitZone/Desktop/hotel-management-system/server/src/services/printer/cloudPrinterGateway.js:156:18)\n    at listOnTimeout (node:internal/timers:605:17)\n    at process.processTimers (node:internal/timers:541:7)"}
[2026-07-28T17:33:00.510Z] [WARN] ⚠️ [CloudPrinterGateway] Printer Agent offline. Queuing job JOB-1785259980510-76 until agent reconnects...
[2026-07-28T17:33:30.513Z] [ERROR] printBill failed: | {"error":"Timeout (30s) waiting for Printer Agent to connect and execute print job JOB-1785259980510-76"}
[2026-07-28T17:33:30.516Z] [ERROR] API Error in POST /bill: | {"message":"Timeout (30s) waiting for Printer Agent to connect and execute print job JOB-1785259980510-76","stack":"Error: Timeout (30s) waiting for Printer Agent to connect and execute print job JOB-1785259980510-76\n    at Timeout._onTimeout (/Users/ExitZone/Desktop/hotel-management-system/server/src/services/printer/cloudPrinterGateway.js:156:18)\n    at listOnTimeout (node:internal/timers:605:17)\n    at process.processTimers (node:internal/timers:541:7)"}
